School_ID,Short_Name,Long_Name,Primary_Category,CPS_School_Profile,Website,School_Latitude,School_Longitude,Program_Type,Application_Requirements,Program_Selections
610603,SANTIAGO,Esmeralda Santiago Elementary School,ES,https://www.cps.edu/schools/profiles/school-overview/SANTIAGO,https://santiago.cps.edu,0,0,SANTIAGO-Personalized Learning,<ul><li>GPA: N/A</li></ul>,"<ul><li><strong>Selection Type: </strong>Applicants are selected by random computerized lottery. If the program has priority groups, students in those groups are selected in the order listed.</li><li><strong>Priority: </strong>Sibling Preference,Staff Priority,General</li><li><strong>Note: </strong>Personalized learning is a learner-driven instructional model that fosters 21st century skills by empowering every student to actively co-design their learning path, pace, and environment according to their individual needs, strengths, and interests. Simply put, at the core of personalized learning is learner agency. </li></ul>"
610604,DE LAS CASAS,Bartolome de las Casas Elementary School,ES,https://www.cps.edu/schools/profiles/school-overview/DE-LAS-CASAS,https://casas.cps.edu,0,0,DE LAS CASAS-Open Enrollment,<ul><li>GPA: N/A</li></ul>,"<ul><li><strong>Selection Type: </strong>Applicants are selected by random computerized lottery. If the program has priority groups, students in those groups are selected in the order listed.</li><li><strong>Priority: </strong>Sibling Preference,Staff Priority,General</li><li><strong>Note: </strong>Open enrollment programs offer a well-rounded general education curriculum, focusing on core subjects like math, science, reading, and social studies. These programs serve a broad range of students without admissions screening or specialized academic focus. </li></ul>"
610605,CISNEROS,Sandra Cisneros Elementary School,ES,https://www.cps.edu/schools/profiles/school-overview/CISNEROS,https://cisneros.cps.edu,0,0,CISNEROS-Open Enrollment,<ul><li>GPA: N/A</li></ul>,"<ul><li><strong>Selection Type: </strong>Applicants are selected by random computerized lottery. If the program has priority groups, students in those groups are selected in the order listed.</li><li><strong>Priority: </strong>Sibling Preference,Staff Priority,General</li><li><strong>Note: </strong>Open enrollment programs offer a well-rounded general education curriculum, focusing on core subjects like math, science, reading, and social studies. These programs serve a broad range of students without admissions screening or specialized academic focus. </li></ul>"
610606,TAMAYO,Rufino Tamayo Elementary School,ES,https://www.cps.edu/schools/profiles/school-overview/TAMAYO,https://tamayo.cps.edu,0,0,TAMAYO-Open Enrollment,<ul><li>GPA: N/A</li></ul>,"<ul><li><strong>Selection Type: </strong>Applicants are selected by random computerized lottery. If the program has priority groups, students in those groups are selected in the order listed.</li><li><strong>Priority: </strong>Sibling Preference,Staff Priority,Overlay Preference,General</li><li><strong>Note: </strong>Open enrollment programs offer a well-rounded general education curriculum, focusing on core subjects like math, science, reading, and social studies. These programs serve a broad range of students without admissions screening or specialized academic focus. </li></ul>"
610607,CHICAGO ARTS HS,Chicago Arts High School,HS,https://www.cps.edu/schools/profiles/school-overview/CHICAGO-ARTS-HS,https://www.chicagoarts.cps.edu/,0,0,CHICAGO ARTS HS-Brass & Woodwinds,<ul><li>GPA: N/A</li></ul>,<ul><li><strong>Priority: </strong>General</li></ul>
610607,CHICAGO ARTS HS,Chicago Arts High School,HS,https://www.cps.edu/schools/profiles/school-overview/CHICAGO-ARTS-HS,https://www.chicagoarts.cps.edu/,0,0,CHICAGO ARTS HS-Creative Writing,<ul><li>GPA: N/A</li></ul>,<ul><li><strong>Priority: </strong>General</li></ul>
610607,CHICAGO ARTS HS,Chicago Arts High School,HS,https://www.cps.edu/schools/profiles/school-overview/CHICAGO-ARTS-HS,https://www.chicagoarts.cps.edu/,0,0,CHICAGO ARTS HS-Dance,<ul><li>GPA: N/A</li></ul>,<ul><li><strong>Priority: </strong>General</li></ul>
610607,CHICAGO ARTS HS,Chicago Arts High School,HS,https://www.cps.edu/schools/profiles/school-overview/CHICAGO-ARTS-HS,https://www.chicagoarts.cps.edu/,0,0,CHICAGO ARTS HS-Guitar,<ul><li>GPA: N/A</li></ul>,<ul><li><strong>Priority: </strong>General</li></ul>
610607,CHICAGO ARTS HS,Chicago Arts High School,HS,https://www.cps.edu/schools/profiles/school-overview/CHICAGO-ARTS-HS,https://www.chicagoarts.cps.edu/,0,0,CHICAGO ARTS HS-Musical Theatre,<ul><li>GPA: N/A</li></ul>,<ul><li><strong>Priority: </strong>General</li></ul>
610607,CHICAGO ARTS HS,Chicago Arts High School,HS,https://www.cps.edu/schools/profiles/school-overview/CHICAGO-ARTS-HS,https://www.chicagoarts.cps.edu/,0,0,CHICAGO ARTS HS-Percussion,<ul><li>GPA: N/A</li></ul>,<ul><li><strong>Priority: </strong>General</li></ul>
610607,CHICAGO ARTS HS,Chicago Arts High School,HS,https://www.cps.edu/schools/profiles/school-overview/CHICAGO-ARTS-HS,https://www.chicagoarts.cps.edu/,0,0,CHICAGO ARTS HS-Piano,<ul><li>GPA: N/A</li></ul>,<ul><li><strong>Priority: </strong>General</li></ul>
610607,CHICAGO ARTS HS,Chicago Arts High School,HS,https://www.cps.edu/schools/profiles/school-overview/CHICAGO-ARTS-HS,https://www.chicagoarts.cps.edu/,0,0,CHICAGO ARTS HS-Strings,<ul><li>GPA: N/A</li></ul>,<ul><li><strong>Priority: </strong>General</li></ul>
610607,CHICAGO ARTS HS,Chicago Arts High School,HS,https://www.cps.edu/schools/profiles/school-overview/CHICAGO-ARTS-HS,https://www.chicagoarts.cps.edu/,0,0,CHICAGO ARTS HS-Theatre,<ul><li>GPA: N/A</li></ul>,<ul><li><strong>Priority: </strong>General</li></ul>
610607,CHICAGO ARTS HS,Chicago Arts High School,HS,https://www.cps.edu/schools/profiles/school-overview/CHICAGO-ARTS-HS,https://www.chicagoarts.cps.edu/,0,0,CHICAGO ARTS HS-Visual Arts,<ul><li>GPA: N/A</li></ul>,<ul><li><strong>Priority: </strong>General</li></ul>
610607,CHICAGO ARTS HS,Chicago Arts High School,HS,https://www.cps.edu/schools/profiles/school-overview/CHICAGO-ARTS-HS,https://www.chicagoarts.cps.edu/,0,0,CHICAGO ARTS HS-Vocal Music,<ul><li>GPA: N/A</li></ul>,<ul><li><strong>Priority: </strong>General</li></ul>
609674,CHICAGO VOCATIONAL HS,Chicago Vocational Career Academy High School,HS,https://www.cps.edu/schools/profiles/school-overview/CHICAGO-VOCATIONAL-HS,https://chicagovocational.org,41.737174,-87.573268,CHICAGO VOCATIONAL HS-Agriculture & Horticulture,<ul><li>Application Requirements: High School Admissions Test (HSAT) Scores Required.</li><li>GPA: N/A</li></ul>,"<ul><li><strong>Selection Type: </strong>Students are selected by lottery within groups with preferences for students who have combined HSAT scores above the 58/48th percentile and who live within the attendance area of the school.</li><li><strong>Priority: </strong>Proximity Preference,General</li></ul>"
609674,CHICAGO VOCATIONAL HS,Chicago Vocational Career Academy High School,HS,https://www.cps.edu/schools/profiles/school-overview/CHICAGO-VOCATIONAL-HS,https://chicagovocational.org,41.737174,-87.573268,CHICAGO VOCATIONAL HS-Carpentry,<ul><li>Application Requirements: High School Admissions Test (HSAT) Scores Required.</li><li>GPA: N/A</li></ul>,"<ul><li><strong>Selection Type: </strong>Students are selected by lottery within groups with preferences for students who have combined HSAT scores above the 58/48th percentile and who live within the attendance area of the school.</li><li><strong>Priority: </strong>Proximity Preference,General</li></ul>"
609674,CHICAGO VOCATIONAL HS,Chicago Vocational Career Academy High School,HS,https://www.cps.edu/schools/profiles/school-overview/CHICAGO-VOCATIONAL-HS,https://chicagovocational.org,41.737174,-87.573268,CHICAGO VOCATIONAL HS-Cosmetology,<ul><li>Application Requirements: High School Admissions Test (HSAT) Scores Required.</li><li>GPA: N/A</li></ul>,"<ul><li><strong>Selection Type: </strong>Students are selected by lottery within groups with preferences for students who have combined HSAT scores above the 58/48th percentile and who live within the attendance area of the school.</li><li><strong>Priority: </strong>Proximity Preference,General</li></ul>"
609674,CHICAGO VOCATIONAL HS,Chicago Vocational Career Academy High School,HS,https://www.cps.edu/schools/profiles/school-overview/CHICAGO-VOCATIONAL-HS,https://chicagovocational.org,41.737174,-87.573268,CHICAGO VOCATIONAL HS-Culinary & Hospitality Management,<ul><li>Application Requirements: High School Admissions Test (HSAT) Scores Required.</li><li>GPA: N/A</li></ul>,"<ul><li><strong>Selection Type: </strong>Students are selected by lottery within groups with preferences for students who have combined HSAT scores above the 58/48th percentile and who live within the attendance area of the school.</li><li><strong>Priority: </strong>Proximity Preference,General</li></ul>"
609674,CHICAGO VOCATIONAL HS,Chicago Vocational Career Academy High School,HS,https://www.cps.edu/schools/profiles/school-overview/CHICAGO-VOCATIONAL-HS,https://chicagovocational.org,41.737174,-87.573268,CHICAGO VOCATIONAL HS-Deaf/Hard of Hearing,<ul><li>GPA: N/A</li></ul>,"<ul><li><strong>Selection Type: </strong>Applicants are selected by random computerized lottery. If the program has priority groups, students in those groups are selected in the order listed.</li><li><strong>Priority: </strong>Proximity Preference,General</li></ul>"
609674,CHICAGO VOCATIONAL HS,Chicago Vocational Career Academy High School,HS,https://www.cps.edu/schools/profiles/school-overview/CHICAGO-VOCATIONAL-HS,https://chicagovocational.org,41.737174,-87.573268,CHICAGO VOCATIONAL HS-Diesel Technology,<ul><li>Application Requirements: High School Admissions Test (HSAT) Scores Required.</li><li>GPA: N/A</li></ul>,"<ul><li><strong>Selection Type: </strong>Students are selected by lottery within groups with preferences for students who have combined HSAT scores above the 58/48th percentile and who live within the attendance area of the school.</li><li><strong>Priority: </strong>Proximity Preference,General</li></ul>"
609674,CHICAGO VOCATIONAL HS,Chicago Vocational Career Academy High School,HS,https://www.cps.edu/schools/profiles/school-overview/CHICAGO-VOCATIONAL-HS,https://chicagovocational.org,41.737174,-87.573268,CHICAGO VOCATIONAL HS-General Education,<ul><li>GPA: N/A</li></ul>,"<ul><li><strong>Selection Type: </strong>Applicants are selected by random computerized lottery. If the program has priority groups, students in those groups are selected in the order listed.</li><li><strong>Priority: </strong>Sibling Preference,Staff Priority,General</li></ul>"
609674,CHICAGO VOCATIONAL HS,Chicago Vocational Career Academy High School,HS,https://www.cps.edu/schools/profiles/school-overview/CHICAGO-VOCATIONAL-HS,https://chicagovocational.org,41.737174,-87.573268,CHICAGO VOCATIONAL HS-Health Science,<ul><li>Application Requirements: High School Admissions Test (HSAT) Scores Required.</li><li>GPA: N/A</li></ul>,<ul><li><strong>Priority: </strong>General</li></ul>
609674,CHICAGO VOCATIONAL HS,Chicago Vocational Career Academy High School,HS,https://www.cps.edu/schools/profiles/school-overview/CHICAGO-VOCATIONAL-HS,https://chicagovocational.org,41.737174,-87.573268,CHICAGO VOCATIONAL HS-Significantly Modified Curriculum w/ Intensive Supports,<ul><li>GPA: N/A</li></ul>,"<ul><li><strong>Selection Type: </strong>Applicants are selected by random computerized lottery. If the program has priority groups, students in those groups are selected in the order listed.</li><li><strong>Priority: </strong>Proximity Preference,General</li></ul>"
609674,CHICAGO VOCATIONAL HS,Chicago Vocational Career Academy High School,HS,https://www.cps.edu/schools/profiles/school-overview/CHICAGO-VOCATIONAL-HS,https://chicagovocational.org,41.737174,-87.573268,CHICAGO VOCATIONAL HS-Significantly Modified Curriculum w/ Moderate Supports,<ul><li>GPA: N/A</li></ul>,"<ul><li><strong>Selection Type: </strong>Applicants are selected by random computerized lottery. If the program has priority groups, students in those groups are selected in the order listed.</li><li><strong>Priority: </strong>Proximity Preference,General</li></ul>"
609674,CHICAGO VOCATIONAL HS,Chicago Vocational Career Academy High School,HS,https://www.cps.edu/schools/profiles/school-overview/CHICAGO-VOCATIONAL-HS,https://chicagovocational.org,41.737174,-87.573268,CHICAGO VOCATIONAL HS-Early College STEM,<ul><li>Application Requirements: High School Admissions Test (HSAT) Scores Required.</li><li>GPA: N/A</li></ul>,"<ul><li><strong>Selection Type: </strong>Students are selected by lottery within groups with preferences for students who have combined HSAT scores above the 58/48th percentile and who live within the attendance area of the school.</li><li><strong>Priority: </strong>Proximity Preference,General</li></ul>"
609676,DUNBAR HS,Paul Laurence Dunbar Career Academy High School,HS,https://www.cps.edu/schools/profiles/school-overview/DUNBAR-HS,https://dvca-cps.org,41.840226,-87.617637,DUNBAR HS-Significantly Modified Curriculum w/ Moderate Supports,<ul><li>GPA: N/A</li></ul>,"<ul><li><strong>Selection Type: </strong>Applicants are selected by random computerized lottery. If the program has priority groups, students in those groups are selected in the order listed.</li><li><strong>Priority: </strong>Proximity Preference,General</li></ul>"
609676,DUNBAR HS,Paul Laurence Dunbar Career Academy High School,HS,https://www.cps.edu/schools/profiles/school-overview/DUNBAR-HS,https://dvca-cps.org,41.840226,-87.617637,DUNBAR HS-Career Academy,<ul><li>Application Requirements: High School Admissions Test (HSAT) Scores Required.</li><li>GPA: N/A</li></ul>,"<ul><li><strong>Selection Type: </strong>Students are selected by lottery within groups with preferences for students who have combined HSAT scores above the 58/48th percentile and who live within the attendance area of the school.</li><li><strong>Priority: </strong>Proximity Preference,General</li></ul>"
609679,PROSSER HS,Charles Allen Prosser Career Academy High School,HS,https://www.cps.edu/schools/profiles/school-overview/PROSSER-HS,https://prosseracademy.org,41.920059,-87.761048,PROSSER HS-Career Academy,<ul><li>GPA: 2.50</li></ul>,"<ul><li><strong>Selection Type: </strong>Applicants are selected by random computerized lottery. If the program has priority groups, students in those groups are selected in the order listed.</li><li><strong>Priority: </strong>Sibling Preference,Staff Priority,Proximity Preference,General</li></ul>"
609679,PROSSER HS,Charles Allen Prosser Career Academy High School,HS,https://www.cps.edu/schools/profiles/school-overview/PROSSER-HS,https://prosseracademy.org,41.920059,-87.761048,PROSSER HS-Deaf/Hard of Hearing,<ul><li>GPA: N/A</li></ul>,"<ul><li><strong>Selection Type: </strong>Applicants are selected by random computerized lottery. If the program has priority groups, students in those groups are selected in the order listed.</li><li><strong>Priority: </strong>Proximity Preference,General</li></ul>"
609679,PROSSER HS,Charles Allen Prosser Career Academy High School,HS,https://www.cps.edu/schools/profiles/school-overview/PROSSER-HS,https://prosseracademy.org,41.920059,-87.761048,PROSSER HS-International Baccalaureate (IB),<ul><li>Application Requirements: High School Admissions Test (HSAT) Scores Required.</li><li>GPA: N/A</li></ul>,"<ul><li><strong>Priority: </strong>General</li><li><strong>Note: </strong>International Baccalaureate (IB) is an inquiry-based, concept-driven framework that aims to develop self-directed thinkers and reflective problem solvers. Students enrolled in the IB Program may receive college credit for their high school courses. All students applying to this program must take the CPS HSAT. </li></ul>"
609679,PROSSER HS,Charles Allen Prosser Career Academy High School,HS,https://www.cps.edu/schools/profiles/school-overview/PROSSER-HS,https://prosseracademy.org,41.920059,-87.761048,PROSSER HS-Significantly Modified Curriculum w/ Moderate Supports,<ul><li>GPA: N/A</li></ul>,"<ul><li><strong>Selection Type: </strong>Applicants are selected by random computerized lottery. If the program has priority groups, students in those groups are selected in the order listed.</li><li><strong>Priority: </strong>Proximity Preference,General</li></ul>"
609692,SIMEON HS,Neal F Simeon Career Academy High School,HS,https://www.cps.edu/schools/profiles/school-overview/SIMEON-HS,https://simeonca.org,41.745781,-87.63541,SIMEON HS-Career Academy,<ul><li>GPA: 2.50</li></ul>,"<ul><li><strong>Selection Type: </strong>Applicants are selected by random computerized lottery. If the program has priority groups, students in those groups are selected in the order listed.</li><li><strong>Priority: </strong>General</li></ul>"
609692,SIMEON HS,Neal F Simeon Career Academy High School,HS,https://www.cps.edu/schools/profiles/school-overview/SIMEON-HS,https://simeonca.org,41.745781,-87.63541,SIMEON HS-Significantly Modified Curriculum w/ Intensive Supports,<ul><li>GPA: N/A</li></ul>,"<ul><li><strong>Selection Type: </strong>Applicants are selected by random computerized lottery. If the program has priority groups, students in those groups are selected in the order listed.</li><li><strong>Priority: </strong>Proximity Preference,General</li></ul>"
609692,SIMEON HS,Neal F Simeon Career Academy High School,HS,https://www.cps.edu/schools/profiles/school-overview/SIMEON-HS,https://simeonca.org,41.745781,-87.63541,SIMEON HS-Significantly Modified Curriculum w/ Moderate Supports,<ul><li>GPA: N/A</li></ul>,"<ul><li><strong>Selection Type: </strong>Applicants are selected by random computerized lottery. If the program has priority groups, students in those groups are selected in the order listed.</li><li><strong>Priority: </strong>Proximity Preference,General</li></ul>"
400167,HORIZON - SOUTHWEST,Horizon Science Academy Southwest Chicago Charter,ES,https://www.cps.edu/schools/profiles/school-overview/HORIZON---SOUTHWEST,https://www.hsaswchicago.org,41.795201,-87.683963,HORIZON - SOUTHWEST-General Education,<ul><li>GPA: N/A</li></ul>,"<ul><li><strong>Selection Type: </strong>Applicants are selected by random computerized lottery. If the program has priority groups, students in those groups are selected in the order listed.</li><li><strong>Priority: </strong>Sibling Preference,General</li></ul>"
400051,NOBLE - NOBLE HS,Noble - Noble College Prep,HS,https://www.cps.edu/schools/profiles/school-overview/NOBLE---NOBLE-HS,https://nobleschools.org/noblestreet,41.900191,-87.662628,NOBLE - NOBLE HS-General Education,<ul><li>GPA: N/A</li></ul>,"<ul><li><strong>Selection Type: </strong>Applicants are selected by random computerized lottery. If the program has priority groups, students in those groups are selected in the order listed.</li><li><strong>Priority: </strong>Sibling Preference,General</li></ul>"
400052,NOBLE - COMER,Noble - Gary Comer College Prep,HS,https://www.cps.edu/schools/profiles/school-overview/NOBLE---COMER,https://nobleschools.org/comer,41.764083,-87.601974,NOBLE - COMER-General Education,<ul><li>GPA: N/A</li></ul>,"<ul><li><strong>Selection Type: </strong>Applicants are selected by random computerized lottery. If the program has priority groups, students in those groups are selected in the order listed.</li><li><strong>Priority: </strong>Sibling Preference,Overlay Preference,General</li></ul>"
400053,NOBLE - GOLDER HS,Noble - Golder College Prep,HS,https://www.cps.edu/schools/profiles/school-overview/NOBLE---GOLDER-HS,https://nobleschools.org/golder,41.895282,-87.664483,NOBLE - GOLDER HS-General Education,<ul><li>GPA: N/A</li></ul>,"<ul><li><strong>Selection Type: </strong>Applicants are selected by random computerized lottery. If the program has priority groups, students in those groups are selected in the order listed.</li><li><strong>Priority: </strong>Sibling Preference,General</li></ul>"
400055,NOBLE - RAUNER HS,Noble - Rauner College Prep,HS,https://www.cps.edu/schools/profiles/school-overview/NOBLE---RAUNER-HS,https://nobleschools.org/rauner,41.892425,-87.660859,NOBLE - RAUNER HS-General Education,<ul><li>GPA: N/A</li></ul>,"<ul><li><strong>Selection Type: </strong>Applicants are selected by random computerized lottery. If the program has priority groups, students in those groups are selected in the order listed.</li><li><strong>Priority: </strong>Sibling Preference,General</li></ul>"
400054,NOBLE - PRITZKER HS,Noble - Pritzker College Prep,HS,https://www.cps.edu/schools/profiles/school-overview/NOBLE---PRITZKER-HS,https://nobleschools.org/pritzker,41.915214,-87.730127,NOBLE - PRITZKER HS-General Education,<ul><li>GPA: N/A</li></ul>,"<ul><li><strong>Selection Type: </strong>Applicants are selected by random computerized lottery. If the program has priority groups, students in those groups are selected in the order listed.</li><li><strong>Priority: </strong>Sibling Preference,General</li></ul>"
400056,NOBLE - ROWE CLARK HS,Noble - Rowe-Clark Math and Science Academy,HS,https://www.cps.edu/schools/profiles/school-overview/NOBLE---ROWE-CLARK-HS,https://nobleschools.org/rowe-clark,41.895362,-87.718047,NOBLE - ROWE CLARK HS-STEM,<ul><li>GPA: N/A</li></ul>,"<ul><li><strong>Selection Type: </strong>Applicants are selected by random computerized lottery. If the program has priority groups, students in those groups are selected in the order listed.</li><li><strong>Priority: </strong>Sibling Preference,General</li></ul>"
400057,NOBLE - UIC HS,Noble - UIC College Prep,HS,https://www.cps.edu/schools/profiles/school-overview/NOBLE---UIC-HS,https://nobleschools.org/uic,41.865817,-87.676111,NOBLE - UIC HS-General Education,<ul><li>GPA: N/A</li></ul>,"<ul><li><strong>Selection Type: </strong>Applicants are selected by random computerized lottery. If the program has priority groups, students in those groups are selected in the order listed.</li><li><strong>Priority: </strong>Sibling Preference,Overlay Preference,General</li></ul>"
400058,NLCP - CHRISTIANA HS,North Lawndale College Prep - Christiana,HS,https://www.cps.edu/schools/profiles/school-overview/NLCP---CHRISTIANA-HS,https://www.nlcphs.org,41.858564,-87.708987,NLCP - CHRISTIANA HS-General Education,<ul><li>GPA: N/A</li></ul>,"<ul><li><strong>Selection Type: </strong>Applicants are selected by random computerized lottery. If the program has priority groups, students in those groups are selected in the order listed.</li><li><strong>Priority: </strong>Sibling Preference,General</li></ul>"
400059,NLCP - COLLINS HS,North Lawndale College Prep - Collins,HS,https://www.cps.edu/schools/profiles/school-overview/NLCP---COLLINS-HS,https://www.nlcphs.org,41.864146,-87.700681,NLCP - COLLINS HS-General Education,<ul><li>GPA: N/A</li></ul>,"<ul><li><strong>Selection Type: </strong>Applicants are selected by random computerized lottery. If the program has priority groups, students in those groups are selected in the order listed.</li><li><strong>Priority: </strong>Sibling Preference,General</li></ul>"
400097,NOBLE - BULLS HS,Noble - Chicago Bulls College Prep,HS,https://www.cps.edu/schools/profiles/school-overview/NOBLE---BULLS-HS,https://nobleschools.org/bulls,41.878809,-87.678195,NOBLE - BULLS HS-General Education,<ul><li>GPA: N/A</li></ul>,"<ul><li><strong>Selection Type: </strong>Applicants are selected by random computerized lottery. If the program has priority groups, students in those groups are selected in the order listed.</li><li><strong>Priority: </strong>Sibling Preference,Overlay Preference,General</li></ul>"
400032,CICS - ELLISON HS,CICS - Ralph Ellison,HS,https://www.cps.edu/schools/profiles/school-overview/CICS---ELLISON-HS,https://cicsellison.org,41.748382,-87.66898,CICS - ELLISON HS-General Education,<ul><li>GPA: N/A</li></ul>,"<ul><li><strong>Selection Type: </strong>Applicants are selected by random computerized lottery. If the program has priority groups, students in those groups are selected in the order listed.</li><li><strong>Priority: </strong>Sibling Preference,Elementary Preference,Overlay Preference,General</li><li><strong>Note: </strong>Elementary Preference School(s): CICS - AVALON/SOUTH SHORE, CICS - BASIL, CICS - BUCKTOWN, CICS - IRVING PARK, CICS - LONGWOOD, CICS - PRAIRIE, CICS - WASHINGTON PARK, CICS - WEST BELDEN, CICS - WRIGHTWOOD</li></ul>"
400106,NOBLE - JOHNSON HS,Noble - John and Eunice Johnson College Prep,HS,https://www.cps.edu/schools/profiles/school-overview/NOBLE---JOHNSON-HS,https://nobleschools.org/johnson,41.778369,-87.635117,NOBLE - JOHNSON HS-General Education,<ul><li>GPA: N/A</li></ul>,"<ul><li><strong>Selection Type: </strong>Applicants are selected by random computerized lottery. If the program has priority groups, students in those groups are selected in the order listed.</li><li><strong>Priority: </strong>Sibling Preference,General</li></ul>"
400098,NOBLE - MUCHIN HS,Noble - Muchin College Prep,HS,https://www.cps.edu/schools/profiles/school-overview/NOBLE---MUCHIN-HS,https://nobleschools.org/muchin,41.88274,-87.626338,NOBLE - MUCHIN HS-General Education,<ul><li>GPA: N/A</li></ul>,"<ul><li><strong>Selection Type: </strong>Applicants are selected by random computerized lottery. If the program has priority groups, students in those groups are selected in the order listed.</li><li><strong>Priority: </strong>Sibling Preference,General</li></ul>"
400077,U OF C - WOODLAWN HS,University of Chicago - Woodlawn,HS,https://www.cps.edu/schools/profiles/school-overview/U-OF-C---WOODLAWN-HS,https://www.uchicagocharter.org,41.77813,-87.598114,U OF C - WOODLAWN HS-General Education,<ul><li>GPA: N/A</li></ul>,"<ul><li><strong>Selection Type: </strong>Applicants are selected by random computerized lottery. If the program has priority groups, students in those groups are selected in the order listed.</li><li><strong>Priority: </strong>Sibling Preference,Overlay Preference,General</li></ul>"
400061,PERSPECTIVES - LEADERSHIP HS,Perspectives - Leadership Academy,HS,https://www.cps.edu/schools/profiles/school-overview/PERSPECTIVES---LEADERSHIP-HS,http://www.pcsedu.org,41.745961,-87.652045,PERSPECTIVES - LEADERSHIP HS-General Education,<ul><li>GPA: N/A</li></ul>,"<ul><li><strong>Selection Type: </strong>Applicants are selected by random computerized lottery. If the program has priority groups, students in those groups are selected in the order listed.</li><li><strong>Priority: </strong>Sibling Preference,Elementary Preference,General</li><li><strong>Note: </strong>Elementary Preference School(s): PERSPECTIVES - JOSLIN HS, PERSPECTIVES - MATH & SCI HS, PERSPECTIVES - TECH HS</li></ul>"
400062,PERSPECTIVES - TECH HS,Perspectives - High School of Technology,HS,https://www.cps.edu/schools/profiles/school-overview/PERSPECTIVES---TECH-HS,https://www.pcsedu.org,41.745949,-87.650657,PERSPECTIVES - TECH HS-STEM,<ul><li>GPA: N/A</li></ul>,"<ul><li><strong>Selection Type: </strong>Applicants are selected by random computerized lottery. If the program has priority groups, students in those groups are selected in the order listed.</li><li><strong>Priority: </strong>Sibling Preference,General</li></ul>"
400064,PERSPECTIVES - JOSLIN HS,Perspectives - Rodney D. Joslin,HS,https://www.cps.edu/schools/profiles/school-overview/PERSPECTIVES---JOSLIN-HS,http://www.pcsedu.org,41.855999,-87.628531,PERSPECTIVES - JOSLIN HS-General Education,<ul><li>GPA: N/A</li></ul>,"<ul><li><strong>Selection Type: </strong>Applicants are selected by random computerized lottery. If the program has priority groups, students in those groups are selected in the order listed.</li><li><strong>Priority: </strong>Sibling Preference,General</li></ul>"
400033,CICS - LONGWOOD,CICS - Longwood,HS,https://www.cps.edu/schools/profiles/school-overview/CICS---LONGWOOD,https://cicsloomislongwood.org,41.721221,-87.655768,CICS - LONGWOOD-General Education,<ul><li>GPA: N/A</li></ul>,"<ul><li><strong>Selection Type: </strong>Applicants are selected by random computerized lottery. If the program has priority groups, students in those groups are selected in the order listed.</li><li><strong>Priority: </strong>Sibling Preference,Elementary Preference,General</li><li><strong>Note: </strong>Elementary Preference School(s): CICS - AVALON/SOUTH SHORE, CICS - BASIL, CICS - BUCKTOWN, CICS - IRVING PARK, CICS - PRAIRIE, CICS - WASHINGTON PARK, CICS - WEST BELDEN, CICS - WRIGHTWOOD</li></ul>"
400034,CICS - NORTHTOWN HS,CICS - Northtown,HS,https://www.cps.edu/schools/profiles/school-overview/CICS---NORTHTOWN-HS,https://cicsnorthtown.org,41.990245,-87.726504,CICS - NORTHTOWN HS-General Education,<ul><li>GPA: N/A</li></ul>,"<ul><li><strong>Selection Type: </strong>Applicants are selected by random computerized lottery. If the program has priority groups, students in those groups are selected in the order listed.</li><li><strong>Priority: </strong>Sibling Preference,Elementary Preference,Overlay Preference,General</li><li><strong>Note: </strong>Elementary Preference School(s): CICS - AVALON/SOUTH SHORE, CICS - BASIL, CICS - BUCKTOWN, CICS - IRVING PARK, CICS - LONGWOOD, CICS - PRAIRIE, CICS - WASHINGTON PARK, CICS - WEST BELDEN, CICS - WRIGHTWOOD</li></ul>"
400035,CHICAGO MATH & SCIENCE HS,Chicago Math and Science Academy Charter School,HS,https://www.cps.edu/schools/profiles/school-overview/CHICAGO-MATH-&-SCIENCE-HS,https://www.cmsaonline.net,42.013031,-87.674818,CHICAGO MATH & SCIENCE HS-General Education,<ul><li>GPA: N/A</li></ul>,"<ul><li><strong>Selection Type: </strong>Applicants are selected by random computerized lottery. If the program has priority groups, students in those groups are selected in the order listed.</li><li><strong>Priority: </strong>Sibling Preference,General</li></ul>"
400104,INSTITUTO - HEALTH,Instituto Health Sciences Career Academy,HS,https://www.cps.edu/schools/profiles/school-overview/INSTITUTO---HEALTH,https://www.ihsca.org/,41.845967,-87.68724,INSTITUTO - HEALTH-Health Sciences,<ul><li>GPA: N/A</li></ul>,"<ul><li><strong>Selection Type: </strong>Applicants are selected by random computerized lottery. If the program has priority groups, students in those groups are selected in the order listed.</li><li><strong>Priority: </strong>Sibling Preference,General</li></ul>"
400104,INSTITUTO - HEALTH,Instituto Health Sciences Career Academy,HS,https://www.cps.edu/schools/profiles/school-overview/INSTITUTO---HEALTH,https://www.ihsca.org/,41.845967,-87.68724,INSTITUTO - HEALTH-General Education,<ul><li>GPA: N/A</li></ul>,"<ul><li><strong>Selection Type: </strong>Applicants are selected by random computerized lottery. If the program has priority groups, students in those groups are selected in the order listed.</li><li><strong>Priority: </strong>Sibling Preference,General</li></ul>"
400117,NOBLE - HANSBERRY HS,Noble - Hansberry College Prep,HS,https://www.cps.edu/schools/profiles/school-overview/NOBLE---HANSBERRY-HS,https://nobleschools.org/hansberry,41.734442,-87.650987,NOBLE - HANSBERRY HS-International Baccalaureate (IB),<ul><li>GPA: N/A</li></ul>,"<ul><li><strong>Selection Type: </strong>Applicants are selected by random computerized lottery. If the program has priority groups, students in those groups are selected in the order listed.</li><li><strong>Priority: </strong>Sibling Preference,General</li><li><strong>Note: </strong>International Baccalaureate (IB) is an inquiry-based, concept-driven framework that aims to develop self-directed thinkers and reflective problem solvers. Students enrolled in the IB Program may receive college credit for their high school courses. Applicants are selected by a random computerized lottery. This program selects students based on the ""Queue Priority"" groups listed on the right. Students in those groups are selected in the order listed. </li></ul>"
400118,NOBLE - DRW HS,Noble - DRW College Prep,HS,https://www.cps.edu/schools/profiles/school-overview/NOBLE---DRW-HS,https://nobleschools.org/drw,41.869328,-87.711654,NOBLE - DRW HS-General Education,<ul><li>GPA: N/A</li></ul>,"<ul><li><strong>Selection Type: </strong>Applicants are selected by random computerized lottery. If the program has priority groups, students in those groups are selected in the order listed.</li><li><strong>Priority: </strong>Sibling Preference,General</li></ul>"
400119,LEGAL PREP HS,Legal Prep Charter Academy,HS,https://www.cps.edu/schools/profiles/school-overview/LEGAL-PREP-HS,https://www.legalprep.org,41.881733,-87.733778,LEGAL PREP HS-Law & Public Safety,<ul><li>GPA: N/A</li></ul>,"<ul><li><strong>Selection Type: </strong>Applicants are selected by random computerized lottery. If the program has priority groups, students in those groups are selected in the order listed.</li><li><strong>Priority: </strong>Sibling Preference,General</li></ul>"
400066,PERSPECTIVES - MATH & SCI HS,Perspectives - Math and Science Academy,HS,https://www.cps.edu/schools/profiles/school-overview/PERSPECTIVES---MATH-&-SCI-HS,https://www.pcsedu.org,41.827784,-87.624788,PERSPECTIVES - MATH & SCI HS-STEM,<ul><li>GPA: N/A</li></ul>,"<ul><li><strong>Selection Type: </strong>Applicants are selected by random computerized lottery. If the program has priority groups, students in those groups are selected in the order listed.</li><li><strong>Priority: </strong>Sibling Preference,General</li></ul>"
400085,ACERO - GARCIA HS,Acero Charter Schools - Major Hector P. Garcia MD,HS,https://www.cps.edu/schools/profiles/school-overview/ACERO---GARCIA-HS,http://hg.aceroschools.org,41.809171,-87.730467,ACERO - GARCIA HS-STEM,<ul><li>GPA: N/A</li></ul>,"<ul><li><strong>Selection Type: </strong>Applicants are selected by random computerized lottery. If the program has priority groups, students in those groups are selected in the order listed.</li><li><strong>Priority: </strong>Sibling Preference,Elementary Preference,General</li><li><strong>Note: </strong>Elementary Preference School(s): ACERO - BRIGHTON PARK, ACERO - CLEMENTE, ACERO - DE LA CRUZ, ACERO - IDAR, ACERO - MARQUEZ, ACERO - PAZ, ACERO - TORRES, ACERO - ZIZUMBO, CISNEROS, DE LAS CASAS, FUENTES, SANTIAGO, TAMAYO</li></ul>"
400086,URBAN PREP HS,Urban Prep Academy for Young Men Charter School,HS,https://www.cps.edu/schools/profiles/school-overview/URBAN-PREP-HS,https://urbanprep.org,41.781498,-87.634357,URBAN PREP HS-General Education,<ul><li>GPA: N/A</li></ul>,"<ul><li><strong>Selection Type: </strong>Applicants are selected by random computerized lottery. If the program has priority groups, students in those groups are selected in the order listed.</li><li><strong>Priority: </strong>Sibling Preference,General</li></ul>"
400169,NOBLE - ITW SPEER HS,Noble - ITW David Speer Academy,HS,https://www.cps.edu/schools/profiles/school-overview/NOBLE---ITW-SPEER-HS,https://nobleschools.org/speer,41.92563,-87.769808,NOBLE - ITW SPEER HS-STEM,<ul><li>GPA: N/A</li></ul>,"<ul><li><strong>Selection Type: </strong>Applicants are selected by random computerized lottery. If the program has priority groups, students in those groups are selected in the order listed.</li><li><strong>Priority: </strong>Sibling Preference,Overlay Preference,General</li></ul>"
400170,NOBLE - ACADEMY HS,Noble - The Noble Academy,HS,https://www.cps.edu/schools/profiles/school-overview/NOBLE---ACADEMY-HS,https://nobleschools.org/nobleacademy,41.906879,-87.645577,NOBLE - ACADEMY HS-General Education,<ul><li>GPA: N/A</li></ul>,"<ul><li><strong>Selection Type: </strong>Applicants are selected by random computerized lottery. If the program has priority groups, students in those groups are selected in the order listed.</li><li><strong>Priority: </strong>Sibling Preference,General</li></ul>"
400161,CHICAGO COLLEGIATE,Chicago Collegiate Charter School,HS,https://www.cps.edu/schools/profiles/school-overview/CHICAGO-COLLEGIATE,https://chicagocollegiate.org,41.679318,-87.617968,CHICAGO COLLEGIATE-General Education,<ul><li>GPA: N/A</li></ul>,"<ul><li><strong>Selection Type: </strong>Applicants are selected by random computerized lottery. If the program has priority groups, students in those groups are selected in the order listed.</li><li><strong>Priority: </strong>Sibling Preference,General</li></ul>"
400162,INTRINSIC HS,Intrinsic Charter School,HS,https://www.cps.edu/schools/profiles/school-overview/INTRINSIC-HS,https://intrinsicschools.org,41.938988,-87.741129,INTRINSIC HS-General Education,<ul><li>GPA: N/A</li></ul>,"<ul><li><strong>Selection Type: </strong>Applicants are selected by random computerized lottery. If the program has priority groups, students in those groups are selected in the order listed.</li><li><strong>Priority: </strong>Sibling Preference,General</li></ul>"
400156,NOBLE - BUTLER HS,Noble - Butler College Prep,HS,https://www.cps.edu/schools/profiles/school-overview/NOBLE---BUTLER-HS,https://nobleschools.org/butler,41.706667,-87.602573,NOBLE - BUTLER HS-General Education,<ul><li>GPA: N/A</li></ul>,"<ul><li><strong>Selection Type: </strong>Applicants are selected by random computerized lottery. If the program has priority groups, students in those groups are selected in the order listed.</li><li><strong>Priority: </strong>Sibling Preference,General</li></ul>"
400157,NOBLE - BAKER HS,Noble - Baker College Prep,HS,https://www.cps.edu/schools/profiles/school-overview/NOBLE---BAKER-HS,https://nobleschools.org/baker,41.734622,-87.556201,NOBLE - BAKER HS-General Education,<ul><li>GPA: N/A</li></ul>,"<ul><li><strong>Selection Type: </strong>Applicants are selected by random computerized lottery. If the program has priority groups, students in those groups are selected in the order listed.</li><li><strong>Priority: </strong>Sibling Preference,General</li></ul>"
400149,ACERO - SOTO HS,Acero Charter Schools - Victoria Soto,HS,https://www.cps.edu/schools/profiles/school-overview/ACERO---SOTO-HS,http://vs.aceroschools.org,41.801762,-87.711025,ACERO - SOTO HS-General Education,<ul><li>GPA: N/A</li></ul>,"<ul><li><strong>Selection Type: </strong>Applicants are selected by random computerized lottery. If the program has priority groups, students in those groups are selected in the order listed.</li><li><strong>Priority: </strong>Sibling Preference,Elementary Preference,General</li><li><strong>Note: </strong>Elementary Preference School(s): ACERO - BRIGHTON PARK, ACERO - CLEMENTE, ACERO - DE LA CRUZ, ACERO - IDAR, ACERO - MARQUEZ, ACERO - PAZ, ACERO - TORRES, ACERO - ZIZUMBO, CISNEROS, DE LAS CASAS, FUENTES, SANTIAGO, TAMAYO</li></ul>"
400181,ART IN MOTION,Art in Motion Charter School,HS,https://www.cps.edu/schools/profiles/school-overview/ART-IN-MOTION,https://www.aimchicago.org,41.760034,-87.583328,ART IN MOTION-Fine & Performing Arts,<ul><li>GPA: N/A</li></ul>,"<ul><li><strong>Selection Type: </strong>Applicants are selected by random computerized lottery. If the program has priority groups, students in those groups are selected in the order listed.</li><li><strong>Priority: </strong>Sibling Preference,General</li></ul>"
400179,NOBLE - MANSUETO HS,Noble Mansueto High School,HS,https://www.cps.edu/schools/profiles/school-overview/NOBLE---MANSUETO-HS,https://nobleschools.org/mansueto,41.800136,-87.728003,NOBLE - MANSUETO HS-International Baccalaureate (IB),<ul><li>GPA: N/A</li></ul>,"<ul><li><strong>Selection Type: </strong>Applicants are selected by random computerized lottery. If the program has priority groups, students in those groups are selected in the order listed.</li><li><strong>Priority: </strong>Sibling Preference,General</li></ul>"
610558,GOODE HS,Sarah E. Goode STEM Academy,HS,https://www.cps.edu/schools/profiles/school-overview/GOODE-HS,https://GoodeSTEMAcademy.org,41.75375,-87.707345,GOODE HS-Significantly Modified Curriculum w/ Intensive Supports,<ul><li>GPA: N/A</li></ul>,"<ul><li><strong>Selection Type: </strong>Applicants are selected by random computerized lottery. If the program has priority groups, students in those groups are selected in the order listed.</li><li><strong>Priority: </strong>Proximity Preference,General</li></ul>"
610558,GOODE HS,Sarah E. Goode STEM Academy,HS,https://www.cps.edu/schools/profiles/school-overview/GOODE-HS,https://GoodeSTEMAcademy.org,41.75375,-87.707345,GOODE HS-Early College STEM,<ul><li>GPA: N/A</li></ul>,"<ul><li><strong>Selection Type: </strong>Applicants are selected by random computerized lottery. If the program has priority groups, students in those groups are selected in the order listed.</li><li><strong>Priority: </strong>Sibling Preference,Staff Priority,Overlay Preference,General</li></ul>"
610590,BRONZEVILLE CLASSICAL,Bronzeville Classical Elementary School,ES,https://www.cps.edu/schools/profiles/school-overview/BRONZEVILLE-CLASSICAL,https://bronzevilleclassical.cps.edu,41.819249,-87.626621,BRONZEVILLE CLASSICAL-Classical (K),<ul><li>GPA: N/A</li></ul>,"<ul><li><strong>Priority: </strong>Rank,Tier</li><li><strong>Note: </strong>Classical programs provide an accelerated program in literature, mathematics, language arts, and the humanities. Students in Classical programs typically receive instruction that is one to two grades above grade level. </li></ul>"
610590,BRONZEVILLE CLASSICAL,Bronzeville Classical Elementary School,ES,https://www.cps.edu/schools/profiles/school-overview/BRONZEVILLE-CLASSICAL,https://bronzevilleclassical.cps.edu,41.819249,-87.626621,BRONZEVILLE CLASSICAL-Classical (1-4),<ul><li>GPA: N/A</li></ul>,"<ul><li><strong>Priority: </strong>General</li><li><strong>Note: </strong>Classical programs provide an accelerated program in literature, mathematics, language arts, and the humanities. Students in Classical programs typically receive instruction that is one to two grades above grade level. </li></ul>"
610590,BRONZEVILLE CLASSICAL,Bronzeville Classical Elementary School,ES,https://www.cps.edu/schools/profiles/school-overview/BRONZEVILLE-CLASSICAL,https://bronzevilleclassical.cps.edu,41.819249,-87.626621,BRONZEVILLE CLASSICAL-Classical (5-8),<ul><li>GPA: 3.00</li></ul>,"<ul><li><strong>Priority: </strong>General</li><li><strong>Note: </strong>Classical programs provide an accelerated program in literature, mathematics, language arts, and the humanities. Students in Classical programs typically receive instruction that is one to two grades above grade level. </li></ul>"
610534,SKINNER NORTH,Skinner North,ES,https://www.cps.edu/schools/profiles/school-overview/SKINNER-NORTH,https://www.skinnernorth.org,41.905109,-87.644841,SKINNER NORTH-Classical (1-4),<ul><li>GPA: N/A</li></ul>,"<ul><li><strong>Priority: </strong>General</li><li><strong>Note: </strong>Classical programs provide an accelerated program in literature, mathematics, language arts, and the humanities. Students in Classical programs typically receive instruction that is one to two grades above grade level. </li></ul>"
610534,SKINNER NORTH,Skinner North,ES,https://www.cps.edu/schools/profiles/school-overview/SKINNER-NORTH,https://www.skinnernorth.org,41.905109,-87.644841,SKINNER NORTH-Classical (5-8),<ul><li>GPA: 3.00</li></ul>,"<ul><li><strong>Priority: </strong>General</li><li><strong>Note: </strong>Classical programs provide an accelerated program in literature, mathematics, language arts, and the humanities. Students in Classical programs typically receive instruction that is one to two grades above grade level. </li></ul>"
610534,SKINNER NORTH,Skinner North,ES,https://www.cps.edu/schools/profiles/school-overview/SKINNER-NORTH,https://www.skinnernorth.org,41.905109,-87.644841,SKINNER NORTH-Classical (K),<ul><li>GPA: N/A</li></ul>,"<ul><li><strong>Priority: </strong>Rank,Tier</li><li><strong>Note: </strong>Classical programs provide an accelerated program in literature, mathematics, language arts, and the humanities. Students in Classical programs typically receive instruction that is one to two grades above grade level. </li></ul>"
609880,DECATUR,Stephen Decatur Classical Elementary School,ES,https://www.cps.edu/schools/profiles/school-overview/DECATUR,https://www.decaturclassical.org,42.009289,-87.704619,DECATUR-Classical (1-4),<ul><li>GPA: N/A</li></ul>,"<ul><li><strong>Priority: </strong>General</li><li><strong>Note: </strong>Classical programs provide an accelerated program in literature, mathematics, language arts, and the humanities. Students in Classical programs typically receive instruction that is one to two grades above grade level. </li></ul>"
609880,DECATUR,Stephen Decatur Classical Elementary School,ES,https://www.cps.edu/schools/profiles/school-overview/DECATUR,https://www.decaturclassical.org,42.009289,-87.704619,DECATUR-Classical (5-8),<ul><li>GPA: 3.00</li></ul>,"<ul><li><strong>Priority: </strong>General</li><li><strong>Note: </strong>Classical programs provide an accelerated program in literature, mathematics, language arts, and the humanities. Students in Classical programs typically receive instruction that is one to two grades above grade level. </li></ul>"
609880,DECATUR,Stephen Decatur Classical Elementary School,ES,https://www.cps.edu/schools/profiles/school-overview/DECATUR,https://www.decaturclassical.org,42.009289,-87.704619,DECATUR-Classical (K),<ul><li>GPA: N/A</li></ul>,"<ul><li><strong>Priority: </strong>Rank,Tier</li><li><strong>Note: </strong>Classical programs provide an accelerated program in literature, mathematics, language arts, and the humanities. Students in Classical programs typically receive instruction that is one to two grades above grade level. </li></ul>"
610066,MCDADE,James E McDade Elementary Classical School,ES,https://www.cps.edu/schools/profiles/school-overview/MCDADE,https://mcdadeclassical.org,41.73455,-87.619214,MCDADE-Classical (1-4),<ul><li>GPA: N/A</li></ul>,"<ul><li><strong>Priority: </strong>General</li><li><strong>Note: </strong>Classical programs provide an accelerated program in literature, mathematics, language arts, and the humanities. Students in Classical programs typically receive instruction that is one to two grades above grade level. </li></ul>"
610066,MCDADE,James E McDade Elementary Classical School,ES,https://www.cps.edu/schools/profiles/school-overview/MCDADE,https://mcdadeclassical.org,41.73455,-87.619214,MCDADE-Classical (5-8),<ul><li>GPA: 3.00</li></ul>,"<ul><li><strong>Priority: </strong>General</li><li><strong>Note: </strong>Classical programs provide an accelerated program in literature, mathematics, language arts, and the humanities. Students in Classical programs typically receive instruction that is one to two grades above grade level. </li></ul>"
610066,MCDADE,James E McDade Elementary Classical School,ES,https://www.cps.edu/schools/profiles/school-overview/MCDADE,https://mcdadeclassical.org,41.73455,-87.619214,MCDADE-Classical (K),<ul><li>GPA: N/A</li></ul>,"<ul><li><strong>Priority: </strong>Rank,Tier</li><li><strong>Note: </strong>Classical programs provide an accelerated program in literature, mathematics, language arts, and the humanities. Students in Classical programs typically receive instruction that is one to two grades above grade level. </li></ul>"
610132,POE,Edgar Allan Poe Elementary Classical School,ES,https://www.cps.edu/schools/profiles/school-overview/POE,https://poe.cps.edu,41.70263,-87.606419,POE-Classical (1-4),<ul><li>GPA: N/A</li></ul>,"<ul><li><strong>Priority: </strong>General</li><li><strong>Note: </strong>Classical programs provide an accelerated program in literature, mathematics, language arts, and the humanities. Students in Classical programs typically receive instruction that is one to two grades above grade level. </li></ul>"
610132,POE,Edgar Allan Poe Elementary Classical School,ES,https://www.cps.edu/schools/profiles/school-overview/POE,https://poe.cps.edu,41.70263,-87.606419,POE-Classical (5-8),<ul><li>GPA: 3.00</li></ul>,"<ul><li><strong>Priority: </strong>General</li><li><strong>Note: </strong>Classical programs provide an accelerated program in literature, mathematics, language arts, and the humanities. Students in Classical programs typically receive instruction that is one to two grades above grade level. </li></ul>"
610132,POE,Edgar Allan Poe Elementary Classical School,ES,https://www.cps.edu/schools/profiles/school-overview/POE,https://poe.cps.edu,41.70263,-87.606419,POE-Classical (K),<ul><li>GPA: N/A</li></ul>,"<ul><li><strong>Priority: </strong>Rank,Tier</li><li><strong>Note: </strong>Classical programs provide an accelerated program in literature, mathematics, language arts, and the humanities. Students in Classical programs typically receive instruction that is one to two grades above grade level. </li></ul>"
610177,SKINNER,Mark Skinner Elementary School,ES,https://www.cps.edu/schools/profiles/school-overview/SKINNER,https://www.skinnerwest.cps.edu,41.879103,-87.659419,SKINNER-Classical (1-4),<ul><li>GPA: N/A</li></ul>,"<ul><li><strong>Priority: </strong>General</li><li><strong>Note: </strong>Classical programs provide an accelerated program in literature, mathematics, language arts, and the humanities. Students in Classical programs typically receive instruction that is one to two grades above grade level. </li></ul>"
610177,SKINNER,Mark Skinner Elementary School,ES,https://www.cps.edu/schools/profiles/school-overview/SKINNER,https://www.skinnerwest.cps.edu,41.879103,-87.659419,SKINNER-Classical (5-8),<ul><li>GPA: 3.00</li></ul>,"<ul><li><strong>Priority: </strong>General</li><li><strong>Note: </strong>Classical programs provide an accelerated program in literature, mathematics, language arts, and the humanities. Students in Classical programs typically receive instruction that is one to two grades above grade level. </li></ul>"
610177,SKINNER,Mark Skinner Elementary School,ES,https://www.cps.edu/schools/profiles/school-overview/SKINNER,https://www.skinnerwest.cps.edu,41.879103,-87.659419,SKINNER-Classical (K),<ul><li>GPA: N/A</li></ul>,"<ul><li><strong>Priority: </strong>Rank,Tier</li><li><strong>Note: </strong>Classical programs provide an accelerated program in literature, mathematics, language arts, and the humanities. Students in Classical programs typically receive instruction that is one to two grades above grade level. </li></ul>"
610177,SKINNER,Mark Skinner Elementary School,ES,https://www.cps.edu/schools/profiles/school-overview/SKINNER,https://www.skinnerwest.cps.edu,41.879103,-87.659419,SKINNER-Fine & Performing Arts & Technology,<ul><li>GPA: N/A</li></ul>,"<ul><li><strong>Selection Type: </strong>Applicants are selected by random computerized lottery. If the program has priority groups, students in those groups are selected in the order listed.</li><li><strong>Priority: </strong>Sibling Preference,Staff Priority,Pre-K Preference,General</li><li><strong>Note: </strong>Technology Program schools thoughtfully integrate technology and digital media throughout the curriculum to ensure that students develop the skills and habits of mind that will enable them to be successful in whatever endeavors they wish to pursue. This includes enabling students to use technology and digital media to demonstrate creative thinking and construct knowledge; communicate and work collaboratively; gather, evaluate and use information; conduct research, manage projects, and solve problems, practice legal and ethical behaviors while online; and understand technology concepts, systems, and operations.

Arts teachers in Fine & Performing Arts schools work with students and other classroom teachers to provide intensive and integrated instruction in the arts. Students are exposed to arts opportunities and environments, and have the opportunity to learn and grow in multiple art forms: dance, drama, media arts, music, and/or visual arts. </li></ul>"
400091,CHICAGO TECH HS,Chicago Technology Academy High School,HS,https://www.cps.edu/schools/profiles/school-overview/CHICAGO-TECH-HS,https://chitech.org,41.863301,-87.659095,CHICAGO TECH HS-Game Programming,<ul><li>Application Requirements: High School Admissions Test (HSAT) Scores Required.</li><li>GPA: N/A</li></ul>,"<ul><li><strong>Selection Type: </strong>Students are selected by lottery within groups with preferences for students who have combined HSAT scores above the 58/48th percentile and who live within the attendance area of the school.</li><li><strong>Priority: </strong>Proximity Preference,General</li></ul>"
400091,CHICAGO TECH HS,Chicago Technology Academy High School,HS,https://www.cps.edu/schools/profiles/school-overview/CHICAGO-TECH-HS,https://chitech.org,41.863301,-87.659095,CHICAGO TECH HS-STEM,<ul><li>GPA: N/A</li></ul>,"<ul><li><strong>Selection Type: </strong>Applicants are selected by random computerized lottery. If the program has priority groups, students in those groups are selected in the order listed.</li><li><strong>Priority: </strong>Sibling Preference,General</li></ul>"
609926,FRANKLIN,Franklin Elementary Fine Arts Center,ES,https://www.cps.edu/schools/profiles/school-overview/FRANKLIN,https://franklinfineartscenter.net,41.9066,-87.635513,FRANKLIN-Magnet - Fine & Performing Arts,<ul><li>GPA: N/A</li></ul>,"<ul><li><strong>Selection Type: </strong>Applicants are selected by random computerized lottery. If the program has priority groups, students in those groups are selected in the order listed.</li><li><strong>Priority: </strong>Sibling Preference,Staff Priority,Proximity Preference,Tier,General</li><li><strong>Note: </strong>This program provides a comprehensive general education curriculum across all core academic subjects, with a focus on Fine & Performing Arts as an enriching complement to the standard coursework. Arts teachers in Fine & Performing Arts schools work with students and other classroom teachers to provide intensive and integrated instruction in the arts. Students are exposed to various arts opportunities and environments, and have the opportunity to learn and grow in multiple art forms: dance, drama, media arts, music, and/or visual arts. </li></ul>"
609935,GALLISTEL,Matthew Gallistel Elementary Language Academy,ES,https://www.cps.edu/schools/profiles/school-overview/GALLISTEL,http://gallistel.cps.edu/,41.706801,-87.535175,GALLISTEL-Magnet with Boundary - World Language,<ul><li>GPA: N/A</li></ul>,"<ul><li><strong>Selection Type: </strong>Applicants are selected by random computerized lottery. If the program has priority groups, students in those groups are selected in the order listed.</li><li><strong>Priority: </strong>Sibling Preference,Staff Priority,Pre-K Preference,General</li><li><strong>Note: </strong>World language programs provide students with intensive instruction in a world language to acquire proficiency in the new language as well as develop cultural understanding and awareness. For information on the specific language(s) offered within this program, please reach out to the school directly. </li></ul>"
609941,RANDOLPH,Asa Philip Randolph Elementary School,ES,https://www.cps.edu/schools/profiles/school-overview/RANDOLPH,http://randolph.cps.edu/,41.760614,-87.675966,RANDOLPH-Magnet with Boundary - Scholastic Academy,<ul><li>GPA: N/A</li></ul>,"<ul><li><strong>Selection Type: </strong>Applicants are selected by random computerized lottery. If the program has priority groups, students in those groups are selected in the order listed.</li><li><strong>Priority: </strong>Sibling Preference,Staff Priority,Pre-K Preference,General</li><li><strong>Note: </strong>Scholastic Academies are schools that place strong emphasis on language arts and mathematics, and offer an enriched curriculum in a selected area of art, music, science, world language, or language arts. </li></ul>"
609958,GUNSAULUS,Frank W Gunsaulus Elementary Scholastic Academy,ES,https://www.cps.edu/schools/profiles/school-overview/GUNSAULUS,https://gunsaulus.org,41.813007,-87.699364,GUNSAULUS-Magnet - Scholastic Academy,<ul><li>GPA: N/A</li></ul>,"<ul><li><strong>Selection Type: </strong>Applicants are selected by random computerized lottery. If the program has priority groups, students in those groups are selected in the order listed.</li><li><strong>Priority: </strong>Sibling Preference,Staff Priority,Pre-K Preference,Tier</li><li><strong>Note: </strong>Scholastic Academies are schools that place strong emphasis on language arts and mathematics, and offer an enriched curriculum in a selected area of art, music, science, world language, or language arts. </li></ul>"
609895,TURNER-DREW,Turner-Drew Elementary Language Academy,ES,https://www.cps.edu/schools/profiles/school-overview/TURNER-DREW,https://turner-drew.cps.edu,41.725609,-87.630164,TURNER-DREW-Magnet - World Language,<ul><li>GPA: N/A</li></ul>,"<ul><li><strong>Selection Type: </strong>Applicants are selected by random computerized lottery. If the program has priority groups, students in those groups are selected in the order listed.</li><li><strong>Priority: </strong>Sibling Preference,Staff Priority,Tier</li><li><strong>Note: </strong>World language programs provide students with intensive instruction in a world language to acquire proficiency in the new language as well as develop cultural understanding and awareness. For information on the specific language(s) offered within this program, please reach out to the school directly. </li></ul>"
610078,INTER-AMERICAN,Inter-American Elementary Magnet School,ES,https://www.cps.edu/schools/profiles/school-overview/INTER-AMERICAN,https://iamschicago.com,41.949003,-87.651573,INTER-AMERICAN-Magnet - Dual Language,<ul><li>GPA: N/A</li></ul>,"<ul><li><strong>Selection Type: </strong>Applicants are selected by random computerized lottery. If the program has priority groups, students in those groups are selected in the order listed.</li><li><strong>Priority: </strong>Sibling Preference,Staff Priority,General,Proximity Preference,Tier,General</li><li><strong>Note: </strong>Two-way dual language programs aim for a 50:50 balance of English Learners (ELs) and non-ELs in the classroom. Students serve as language models to each other as they acquire the second language. Two-way dual language programs provide instruction in two languages: Spanish and English. Students receive core instruction (language arts, math, science, social science) through a second language with the goal of all students becoming bilingual and biliterate in both Spanish and English. </li></ul>"
610033,LASALLE,LaSalle Elementary Language Academy,ES,https://www.cps.edu/schools/profiles/school-overview/LASALLE,https://www.lasallechicago.com,41.9139,-87.637565,LASALLE-Magnet - World Language,<ul><li>GPA: N/A</li></ul>,"<ul><li><strong>Selection Type: </strong>Applicants are selected by random computerized lottery. If the program has priority groups, students in those groups are selected in the order listed.</li><li><strong>Priority: </strong>Sibling Preference,Staff Priority,Proximity Preference,Tier,General</li><li><strong>Note: </strong>World language programs provide students with intensive instruction in a world language to acquire proficiency in the new language as well as develop cultural understanding and awareness. For information on the specific language(s) offered within this program, please reach out to the school directly. </li></ul>"
609896,DRUMMOND,Thomas Drummond Elementary School,ES,https://www.cps.edu/schools/profiles/school-overview/DRUMMOND,https://drummondschool.org,41.915914,-87.674495,DRUMMOND-Magnet - Montessori,<ul><li>GPA: N/A</li></ul>,"<ul><li><strong>Selection Type: </strong>Applicants are selected by random computerized lottery. If the program has priority groups, students in those groups are selected in the order listed.</li><li><strong>Priority: </strong>Sibling Preference,Staff Priority,Proximity Preference,Tier,General</li><li><strong>Note: </strong>Montessori is a method of education that is based on self-directed activity, hands-on learning, and collaborative play. In Montessori classrooms, children make creative choices in their learning, while the classroom and the teacher offer age-appropriate activities to guide the process. </li></ul>"
610009,GALILEO,Galileo Math & Science Scholastic Academy ES,ES,https://www.cps.edu/schools/profiles/school-overview/GALILEO,https://galileoscholasticacademy.org,41.871255,-87.653366,GALILEO-Magnet - Scholastic Academy,<ul><li>GPA: N/A</li></ul>,"<ul><li><strong>Selection Type: </strong>Applicants are selected by random computerized lottery. If the program has priority groups, students in those groups are selected in the order listed.</li><li><strong>Priority: </strong>Sibling Preference,Staff Priority,Proximity Preference,Tier,General</li><li><strong>Note: </strong>Scholastic Academies are schools that place strong emphasis on language arts and mathematics, and offer an enriched curriculum in a selected area of art, music, science, world language, or language arts. </li></ul>"
609907,ERICSON,Leif Ericson Elementary Scholastic Academy,ES,https://www.cps.edu/schools/profiles/school-overview/ERICSON,http://ericson.cps.edu,41.875744,-87.715804,ERICSON-Magnet - Scholastic Academy,<ul><li>GPA: N/A</li></ul>,"<ul><li><strong>Selection Type: </strong>Applicants are selected by random computerized lottery. If the program has priority groups, students in those groups are selected in the order listed.</li><li><strong>Priority: </strong>Sibling Preference,Staff Priority,Pre-K Preference,Tier</li><li><strong>Note: </strong>Scholastic Academies are schools that place strong emphasis on language arts and mathematics, and offer an enriched curriculum in a selected area of art, music, science, world language, or language arts. </li></ul>"
610109,OWEN,William Bishop Owen Scholastic Academy ES,ES,https://www.cps.edu/schools/profiles/school-overview/OWEN,https://owenscholasticacademy.org,41.74285,-87.705749,OWEN-Magnet - Scholastic Academy,<ul><li>GPA: N/A</li></ul>,"<ul><li><strong>Selection Type: </strong>Applicants are selected by random computerized lottery. If the program has priority groups, students in those groups are selected in the order listed.</li><li><strong>Priority: </strong>Sibling Preference,Staff Priority,Pre-K Preference,Tier</li><li><strong>Note: </strong>Scholastic Academies are schools that place strong emphasis on language arts and mathematics, and offer an enriched curriculum in a selected area of art, music, science, world language, or language arts. </li></ul>"
610180,SMYTH,John M Smyth Elementary School,ES,https://www.cps.edu/schools/profiles/school-overview/SMYTH,http://smyth.cps.edu,41.865351,-87.653445,SMYTH-Magnet with Boundary - IB Primary Years Programme,<ul><li>GPA: N/A</li></ul>,"<ul><li><strong>Selection Type: </strong>Applicants are selected by random computerized lottery. If the program has priority groups, students in those groups are selected in the order listed.</li><li><strong>Priority: </strong>Sibling Preference,Staff Priority,Pre-K Preference,General</li><li><strong>Note: </strong>International Baccalaureate (IB) programmes are designed to develop well-rounded individuals who can respond to today's challenges with optimism and an open mind. The Primary Years Programme (PYP) is a student-centered approach to education that offers an inquiry-based, transdisciplinary curriculum framework that builds conceptual understanding. </li></ul>"
610180,SMYTH,John M Smyth Elementary School,ES,https://www.cps.edu/schools/profiles/school-overview/SMYTH,http://smyth.cps.edu,41.865351,-87.653445,SMYTH-Magnet with Boundary - IB Middle Years Programme,<ul><li>GPA: N/A</li></ul>,"<ul><li><strong>Selection Type: </strong>Applicants are selected by random computerized lottery. If the program has priority groups, students in those groups are selected in the order listed.</li><li><strong>Priority: </strong>Sibling Preference,General</li><li><strong>Note: </strong>International Baccalaureate (IB) programmes are designed to develop well-rounded individuals who can respond to today's challenges with optimism and an open mind. The Middle Years Programme (MYP) is a rigorous and highly flexible framework that encourages students to make practical connections between their studies and the real world, preparing them for success in further study and in life. </li></ul>"
610090,MURRAY,Phillip Murray Elementary Language Academy,ES,https://www.cps.edu/schools/profiles/school-overview/MURRAY,https://murray.cps.edu,41.798535,-87.59334,MURRAY-Magnet - World Language,<ul><li>GPA: N/A</li></ul>,"<ul><li><strong>Selection Type: </strong>Applicants are selected by random computerized lottery. If the program has priority groups, students in those groups are selected in the order listed.</li><li><strong>Priority: </strong>Sibling Preference,Staff Priority,Proximity Preference,Tier,General</li><li><strong>Note: </strong>World language programs provide students with intensive instruction in a world language to acquire proficiency in the new language as well as develop cultural understanding and awareness. For information on the specific language(s) offered within this program, please reach out to the school directly. </li></ul>"
610126,PERSHING,John J Pershing STEAM Magnet Elementary School,ES,https://www.cps.edu/schools/profiles/school-overview/PERSHING,https://pershingcps.org,41.836527,-87.618338,PERSHING-Magnet with Boundary - STEAM,<ul><li>GPA: N/A</li></ul>,"<ul><li><strong>Selection Type: </strong>Applicants are selected by random computerized lottery. If the program has priority groups, students in those groups are selected in the order listed.</li><li><strong>Priority: </strong>Sibling Preference,Staff Priority,Pre-K Preference,General</li><li><strong>Note: </strong>Schools with a STEAM specialization provide whole-school integrated Science, Technology, Engineering, Arts, and Math (STEAM) programming. In STEAM classrooms, students will: actively make sense of and construct solutions to complex questions; productively contribute to the learning community to support a culture of collaboration, risk-taking, and innovation; and regularly reflect on and communicate their understanding of disciplinary ideas. STEAM programs additionally incorporate arts education into the STEM curriculum. </li></ul>"
610191,STONE,Stone Elementary Scholastic Academy,ES,https://www.cps.edu/schools/profiles/school-overview/STONE,http://stoneacademy.net/,41.995359,-87.684793,STONE-Magnet - Scholastic Academy,<ul><li>GPA: N/A</li></ul>,"<ul><li><strong>Selection Type: </strong>Applicants are selected by random computerized lottery. If the program has priority groups, students in those groups are selected in the order listed.</li><li><strong>Priority: </strong>Sibling Preference,Staff Priority,Proximity Preference,Tier,General</li><li><strong>Note: </strong>Scholastic Academies are schools that place strong emphasis on language arts and mathematics, and offer an enriched curriculum in a selected area of art, music, science, world language, or language arts. </li></ul>"
610201,THORP O,Ole A Thorp Elementary Scholastic Academy,ES,https://www.cps.edu/schools/profiles/school-overview/THORP-O,https://oathorpacademy.org,41.948571,-87.777631,THORP O-Magnet - Scholastic Academy,<ul><li>GPA: N/A</li></ul>,"<ul><li><strong>Selection Type: </strong>Applicants are selected by random computerized lottery. If the program has priority groups, students in those groups are selected in the order listed.</li><li><strong>Priority: </strong>Sibling Preference,Staff Priority,Tier</li><li><strong>Note: </strong>Scholastic Academies are schools that place strong emphasis on language arts and mathematics, and offer an enriched curriculum in a selected area of art, music, science, world language, or language arts. </li></ul>"
610207,VANDERPOEL,John H Vanderpoel Elementary Magnet School,ES,https://www.cps.edu/schools/profiles/school-overview/VANDERPOEL,http://www.vhaelementary.org/,41.720817,-87.665559,VANDERPOEL-Magnet - Fine & Performing Arts,<ul><li>GPA: N/A</li></ul>,"<ul><li><strong>Selection Type: </strong>Applicants are selected by random computerized lottery. If the program has priority groups, students in those groups are selected in the order listed.</li><li><strong>Priority: </strong>Sibling Preference,Staff Priority,Proximity Preference,Tier,General</li><li><strong>Note: </strong>This program provides a comprehensive general education curriculum across all core academic subjects, with a focus on Fine & Performing Arts as an enriching complement to the standard coursework. Arts teachers in Fine & Performing Arts schools work with students and other classroom teachers to provide intensive and integrated instruction in the arts. Students are exposed to various arts opportunities and environments, and have the opportunity to learn and grow in multiple art forms: dance, drama, media arts, music, and/or visual arts. </li></ul>"
610230,WILDWOOD,Wildwood IB World Magnet School,ES,https://www.cps.edu/schools/profiles/school-overview/WILDWOOD,https://wildwoodIB.org,42.007491,-87.778345,WILDWOOD-Magnet with Boundary - IB Primary Years Programme,<ul><li>GPA: N/A</li></ul>,"<ul><li><strong>Selection Type: </strong>Applicants are selected by random computerized lottery. If the program has priority groups, students in those groups are selected in the order listed.</li><li><strong>Priority: </strong>Sibling Preference,Staff Priority,Pre-K Preference,General</li><li><strong>Note: </strong>International Baccalaureate (IB) programmes are designed to develop well-rounded individuals who can respond to today's challenges with optimism and an open mind. The Primary Years Programme (PYP) is a student-centered approach to education that offers an inquiry-based, transdisciplinary curriculum framework that builds conceptual understanding. </li></ul>"
610230,WILDWOOD,Wildwood IB World Magnet School,ES,https://www.cps.edu/schools/profiles/school-overview/WILDWOOD,https://wildwoodIB.org,42.007491,-87.778345,WILDWOOD-Magnet with Boundary - IB Middle Years Programme,<ul><li>GPA: N/A</li></ul>,"<ul><li><strong>Selection Type: </strong>Applicants are selected by random computerized lottery. If the program has priority groups, students in those groups are selected in the order listed.</li><li><strong>Priority: </strong>Sibling Preference,General</li><li><strong>Note: </strong>International Baccalaureate (IB) programmes are designed to develop well-rounded individuals who can respond to today's challenges with optimism and an open mind. The Middle Years Programme (MYP) is a rigorous and highly flexible framework that encourages students to make practical connections between their studies and the real world, preparing them for success in further study and in life. </li></ul>"
610060,CHICAGO WORLD LANGUAGE ACADEMY,Chicago World Language Academy,ES,https://www.cps.edu/schools/profiles/school-overview/CHICAGO-WORLD-LANGUAGE-ACADEMY,https://www.chicagoworldlanguageacademy.cps.edu,41.8743,-87.660985,CHICAGO WORLD LANGUAGE ACADEMY-Magnet - World Language,<ul><li>GPA: N/A</li></ul>,"<ul><li><strong>Selection Type: </strong>Applicants are selected by random computerized lottery. If the program has priority groups, students in those groups are selected in the order listed.</li><li><strong>Priority: </strong>Sibling Preference,Staff Priority,Proximity Preference,Tier,General</li><li><strong>Note: </strong>World language programs provide students with intensive instruction in a world language to acquire proficiency in the new language as well as develop cultural understanding and awareness. For information on the specific language(s) offered within this program, please reach out to the school directly. </li></ul>"
610059,MAYER,Oscar Mayer Magnet School,ES,https://www.cps.edu/schools/profiles/school-overview/MAYER,http://mayermagnet.org/,41.923204,-87.657287,"MAYER-Magnet with Boundary - Montessori, Fine & Performing Arts",<ul><li>GPA: N/A</li></ul>,"<ul><li><strong>Selection Type: </strong>Applicants are selected by random computerized lottery. If the program has priority groups, students in those groups are selected in the order listed.</li><li><strong>Priority: </strong>Sibling Preference,Staff Priority,Pre-K Preference,General</li><li><strong>Note: </strong>This program provides a comprehensive general education curriculum across all core academic subjects, with a focus on Fine & Performing Arts as an enriching complement to the standard coursework. Arts teachers in Fine & Performing Arts schools work with students and other classroom teachers to provide intensive and integrated instruction in the arts. Students are exposed to various arts opportunities and environments, and have the opportunity to learn and grow in multiple art forms: dance, drama, media arts, music, and/or visual arts.

Montessori is a method of education that is based on self-directed activity, hands-on learning, and collaborative play. In Montessori classrooms, children make creative choices in their learning, while the classroom and the teacher offer age-appropriate activities to guide the process. </li></ul>"
610059,MAYER,Oscar Mayer Magnet School,ES,https://www.cps.edu/schools/profiles/school-overview/MAYER,http://mayermagnet.org/,41.923204,-87.657287,"MAYER-Magnet with Boundary - IB Middle Years Programme, Fine & Performing Arts",<ul><li>GPA: N/A</li></ul>,"<ul><li><strong>Selection Type: </strong>Applicants are selected by random computerized lottery. If the program has priority groups, students in those groups are selected in the order listed.</li><li><strong>Priority: </strong>Sibling Preference,General</li><li><strong>Note: </strong>This program provides a comprehensive general education curriculum across all core academic subjects, with a focus on Fine & Performing Arts as an enriching complement to the standard coursework. Arts teachers in Fine & Performing Arts schools work with students and other classroom teachers to provide intensive and integrated instruction in the arts. Students are exposed to various arts opportunities and environments, and have the opportunity to learn and grow in multiple art forms: dance, drama, media arts, music, and/or visual arts.

International Baccalaureate (IB) programmes are designed to develop well-rounded individuals who can respond to today's challenges with optimism and an open mind. The Middle Years Programme (MYP) is a rigorous and highly flexible framework that encourages students to make practical connections between their studies and the real world, preparing them for success in further study and in life. </li></ul>"
610081,SHERIDAN,Mark Sheridan Math & Science Academy,ES,https://www.cps.edu/schools/profiles/school-overview/SHERIDAN,http://sheridan.cps.edu,41.8444,-87.64134,SHERIDAN-Magnet - Scholastic Academy,<ul><li>GPA: N/A</li></ul>,"<ul><li><strong>Selection Type: </strong>Applicants are selected by random computerized lottery. If the program has priority groups, students in those groups are selected in the order listed.</li><li><strong>Priority: </strong>Sibling Preference,Staff Priority,Proximity Preference,Tier,General</li><li><strong>Note: </strong>Scholastic Academies are schools that place strong emphasis on language arts and mathematics, and offer an enriched curriculum in a selected area of art, music, science, world language, or language arts. </li></ul>"
610095,NEWBERRY,Walter L Newberry Math & Science Academy ES,ES,https://www.cps.edu/schools/profiles/school-overview/NEWBERRY,http://www.newberryacademy.org,41.913947,-87.64599,NEWBERRY-Magnet - Scholastic Academy,<ul><li>GPA: N/A</li></ul>,"<ul><li><strong>Selection Type: </strong>Applicants are selected by random computerized lottery. If the program has priority groups, students in those groups are selected in the order listed.</li><li><strong>Priority: </strong>Sibling Preference,Staff Priority,Pre-K Preference,Proximity Preference,Tier,General</li><li><strong>Note: </strong>Scholastic Academies are schools that place strong emphasis on language arts and mathematics, and offer an enriched curriculum in a selected area of art, music, science, world language, or language arts. </li></ul>"
609827,BURNSIDE,Burnside Elementary Scholastic Academy,ES,https://www.cps.edu/schools/profiles/school-overview/BURNSIDE,https://burnsidescholasticacademy.org,41.728481,-87.607435,BURNSIDE-Magnet - Scholastic Academy,<ul><li>GPA: N/A</li></ul>,"<ul><li><strong>Selection Type: </strong>Applicants are selected by random computerized lottery. If the program has priority groups, students in those groups are selected in the order listed.</li><li><strong>Priority: </strong>Sibling Preference,Staff Priority,Pre-K Preference,Proximity Preference,Tier,General</li><li><strong>Note: </strong>Scholastic Academies are schools that place strong emphasis on language arts and mathematics, and offer an enriched curriculum in a selected area of art, music, science, world language, or language arts. </li></ul>"
609974,HAWTHORNE,Hawthorne Elementary Scholastic Academy,ES,https://www.cps.edu/schools/profiles/school-overview/HAWTHORNE,https://www.hawthorneacad.org,41.942275,-87.657709,"HAWTHORNE-Magnet - Scholastic Academy, Personalized Learning",<ul><li>GPA: N/A</li></ul>,"<ul><li><strong>Selection Type: </strong>Applicants are selected by random computerized lottery. If the program has priority groups, students in those groups are selected in the order listed.</li><li><strong>Priority: </strong>Sibling Preference,Staff Priority,Proximity Preference,Tier,General</li><li><strong>Note: </strong>Scholastic Academies are schools that place strong emphasis on language arts and mathematics, and offer an enriched curriculum in a selected area of art, music, science, world language, or language arts.

Personalized learning is a learner-driven instructional model that fosters 21st century skills by empowering every student to actively co-design their learning path, pace, and environment according to their individual needs, strengths, and interests. Simply put, at the core of personalized learning is learner agency. </li></ul>"
610017,SAUCEDO,Maria Saucedo STEAM Magnet Academy,ES,https://www.cps.edu/schools/profiles/school-overview/SAUCEDO,https://saucedosteammagnetacademy.cps.edu,41.847941,-87.697316,"SAUCEDO-Magnet - Scholastic Academy, STEAM",<ul><li>GPA: N/A</li></ul>,"<ul><li><strong>Selection Type: </strong>Applicants are selected by random computerized lottery. If the program has priority groups, students in those groups are selected in the order listed.</li><li><strong>Priority: </strong>Sibling Preference,Staff Priority,Pre-K Preference,Tier</li><li><strong>Note: </strong>Schools with a STEAM specialization provide whole-school integrated Science, Technology, Engineering, Arts, and Math (STEAM) programming. In STEAM classrooms, students will: actively make sense of and construct solutions to complex questions; productively contribute to the learning community to support a culture of collaboration, risk-taking, and innovation; and regularly reflect on and communicate their understanding of disciplinary ideas. STEAM programs additionally incorporate arts education into the STEM curriculum.

Scholastic Academies are schools that place strong emphasis on language arts and mathematics, and offer an enriched curriculum in a selected area of art, music, science, world language, or language arts. </li></ul>"
610019,KERSHAW,Joshua D Kershaw Elementary School,ES,https://www.cps.edu/schools/profiles/school-overview/KERSHAW,https://kershawmagnet.org,41.776453,-87.640892,KERSHAW-Magnet - IB Primary Years Programme,<ul><li>GPA: N/A</li></ul>,"<ul><li><strong>Selection Type: </strong>Applicants are selected by random computerized lottery. If the program has priority groups, students in those groups are selected in the order listed.</li><li><strong>Priority: </strong>Sibling Preference,Staff Priority,Pre-K Preference,Tier</li><li><strong>Note: </strong>International Baccalaureate (IB) programmes are designed to develop well-rounded individuals who can respond to today's challenges with optimism and an open mind. The Primary Years Programme (PYP) is a student-centered approach to education that offers an inquiry-based, transdisciplinary curriculum framework that builds conceptual understanding. </li></ul>"
610019,KERSHAW,Joshua D Kershaw Elementary School,ES,https://www.cps.edu/schools/profiles/school-overview/KERSHAW,https://kershawmagnet.org,41.776453,-87.640892,KERSHAW-Magnet - IB Middle Years Programme,<ul><li>GPA: N/A</li></ul>,"<ul><li><strong>Selection Type: </strong>Applicants are selected by random computerized lottery. If the program has priority groups, students in those groups are selected in the order listed.</li><li><strong>Priority: </strong>Sibling Preference,General</li><li><strong>Note: </strong>International Baccalaureate (IB) programmes are designed to develop well-rounded individuals who can respond to today's challenges with optimism and an open mind. The Middle Years Programme (MYP) is a rigorous and highly flexible framework that encourages students to make practical connections between their studies and the real world, preparing them for success in further study and in life. </li></ul>"
610520,LASALLE II,LaSalle II Magnet Elementary School,ES,https://www.cps.edu/schools/profiles/school-overview/LASALLE-II,http://www.lasalle2school.com,41.902914,-87.673696,LASALLE II-Magnet - World Language,<ul><li>GPA: N/A</li></ul>,"<ul><li><strong>Selection Type: </strong>Applicants are selected by random computerized lottery. If the program has priority groups, students in those groups are selected in the order listed.</li><li><strong>Priority: </strong>Sibling Preference,Staff Priority,Proximity Preference,Tier,General</li><li><strong>Note: </strong>World language programs provide students with intensive instruction in a world language to acquire proficiency in the new language as well as develop cultural understanding and awareness. For information on the specific language(s) offered within this program, please reach out to the school directly. </li></ul>"
610521,DAVIS M,Sir Miles Davis Magnet Elementary Academy,ES,https://www.cps.edu/schools/profiles/school-overview/DAVIS-M,https://milesdavismagnet.org,41.771221,-87.66653,DAVIS M-Magnet - STEM,<ul><li>GPA: N/A</li></ul>,"<ul><li><strong>Selection Type: </strong>Applicants are selected by random computerized lottery. If the program has priority groups, students in those groups are selected in the order listed.</li><li><strong>Priority: </strong>Sibling Preference,Staff Priority,Pre-K Preference,Tier</li><li><strong>Note: </strong>Schools with a STEM specialization provide whole-school integrated Science, Technology, Engineering, and Math (STEM) programming. In STEM classrooms, students will: actively make sense of and construct solutions to complex questions; productively contribute to the learning community to support a culture of collaboration, risk-taking, and innovation; and regularly reflect on and communicate their understanding of disciplinary ideas. </li></ul>"
610405,SUDER,Suder Montessori Magnet ES,ES,https://www.cps.edu/schools/profiles/school-overview/SUDER,https://sudermontessori.org,41.883215,-87.677636,SUDER-Magnet - Montessori,<ul><li>GPA: N/A</li></ul>,"<ul><li><strong>Selection Type: </strong>Applicants are selected by random computerized lottery. If the program has priority groups, students in those groups are selected in the order listed.</li><li><strong>Priority: </strong>Sibling Preference,Staff Priority,Proximity Preference,Tier,General</li><li><strong>Note: </strong>Montessori is a method of education that is based on self-directed activity, hands-on learning, and collaborative play. In Montessori classrooms, children make creative choices in their learning, while the classroom and the teacher offer age-appropriate activities to guide the process. </li></ul>"
610503,FRAZIER PROSPECTIVE,Frazier Prospective IB Magnet ES,ES,https://www.cps.edu/schools/profiles/school-overview/FRAZIER-PROSPECTIVE,http://fraziermagnet.cps.edu/,41.86698,-87.727244,FRAZIER PROSPECTIVE-Magnet - IB Primary Years Programme,<ul><li>GPA: N/A</li></ul>,"<ul><li><strong>Selection Type: </strong>Applicants are selected by random computerized lottery. If the program has priority groups, students in those groups are selected in the order listed.</li><li><strong>Priority: </strong>Sibling Preference,Staff Priority,Tier</li><li><strong>Note: </strong>International Baccalaureate (IB) programmes are designed to develop well-rounded individuals who can respond to today's challenges with optimism and an open mind. The Primary Years Programme (PYP) is a student-centered approach to education that offers an inquiry-based, transdisciplinary curriculum framework that builds conceptual understanding. </li></ul>"
610503,FRAZIER PROSPECTIVE,Frazier Prospective IB Magnet ES,ES,https://www.cps.edu/schools/profiles/school-overview/FRAZIER-PROSPECTIVE,http://fraziermagnet.cps.edu/,41.86698,-87.727244,FRAZIER PROSPECTIVE-Magnet - IB Middle Years Programme,<ul><li>GPA: N/A</li></ul>,"<ul><li><strong>Selection Type: </strong>Applicants are selected by random computerized lottery. If the program has priority groups, students in those groups are selected in the order listed.</li><li><strong>Priority: </strong>Sibling Preference,General</li><li><strong>Note: </strong>International Baccalaureate (IB) programmes are designed to develop well-rounded individuals who can respond to today's challenges with optimism and an open mind. The Middle Years Programme (MYP) is a rigorous and highly flexible framework that encourages students to make practical connections between their studies and the real world, preparing them for success in further study and in life. </li></ul>"
610515,DISNEY II ES,Disney II Magnet School,ES,https://www.cps.edu/schools/profiles/school-overview/DISNEY-II-ES,https://disneyiimagnet.org,41.950461,-87.730678,"DISNEY II ES-Magnet - Fine & Performing Arts, Technology (K-6)",<ul><li>GPA: N/A</li></ul>,"<ul><li><strong>Selection Type: </strong>Applicants are selected by random computerized lottery. If the program has priority groups, students in those groups are selected in the order listed.</li><li><strong>Priority: </strong>Sibling Preference,Staff Priority,Pre-K Preference,Proximity Preference,Tier,General</li><li><strong>Note: </strong>This program provides a comprehensive general education curriculum across all core academic subjects, with a focus on Fine & Performing Arts as an enriching complement to the standard coursework. Arts teachers in Fine & Performing Arts schools work with students and other classroom teachers to provide intensive and integrated instruction in the arts. Students are exposed to various arts opportunities and environments, and have the opportunity to learn and grow in multiple art forms: dance, drama, media arts, music, and/or visual arts.

Technology Program schools thoughtfully integrate technology and digital media throughout the curriculum to ensure that students develop the skills and habits of mind that will enable them to be successful in whatever endeavors they wish to pursue. This includes enabling students to use technology and digital media to demonstrate creative thinking and construct knowledge; communicate and work collaboratively; gather, evaluate and use information; conduct research, manage projects, and solve problems, practice legal and ethical behaviors while online; and understand technology concepts, systems, and operations. </li></ul>"
610548,STEM,STEM Magnet Academy,ES,https://www.cps.edu/schools/profiles/school-overview/STEM,https://STEMMagnetAcademy.com,41.868576,-87.664969,STEM-Magnet - STEM,<ul><li>GPA: N/A</li></ul>,"<ul><li><strong>Selection Type: </strong>Applicants are selected by random computerized lottery. If the program has priority groups, students in those groups are selected in the order listed.</li><li><strong>Priority: </strong>Sibling Preference,Staff Priority,Proximity Preference,Tier,General</li><li><strong>Note: </strong>Schools with a STEM specialization provide whole-school integrated Science, Technology, Engineering, and Math (STEM) programming. In STEM classrooms, students will: actively make sense of and construct solutions to complex questions; productively contribute to the learning community to support a culture of collaboration, risk-taking, and innovation; and regularly reflect on and communicate their understanding of disciplinary ideas. </li></ul>"
610363,DISNEY,Walt Disney Magnet Elementary School,ES,https://www.cps.edu/schools/profiles/school-overview/DISNEY,https://disney.cps.edu,41.956816,-87.646083,"DISNEY-Magnet - Fine & Performing Arts, Technology",<ul><li>GPA: N/A</li></ul>,"<ul><li><strong>Selection Type: </strong>Applicants are selected by random computerized lottery. If the program has priority groups, students in those groups are selected in the order listed.</li><li><strong>Priority: </strong>Sibling Preference,Staff Priority,Pre-K Preference,Proximity Preference,Tier,General</li><li><strong>Note: </strong>This program provides a comprehensive general education curriculum across all core academic subjects, with a focus on Fine & Performing Arts as an enriching complement to the standard coursework. Arts teachers in Fine & Performing Arts schools work with students and other classroom teachers to provide intensive and integrated instruction in the arts. Students are exposed to various arts opportunities and environments, and have the opportunity to learn and grow in multiple art forms: dance, drama, media arts, music, and/or visual arts.

Technology Program schools thoughtfully integrate technology and digital media throughout the curriculum to ensure that students develop the skills and habits of mind that will enable them to be successful in whatever endeavors they wish to pursue. This includes enabling students to use technology and digital media to demonstrate creative thinking and construct knowledge; communicate and work collaboratively; gather, evaluate and use information; conduct research, manage projects, and solve problems, practice legal and ethical behaviors while online; and understand technology concepts, systems, and operations. </li></ul>"
610342,SABIN,Albert R Sabin Elementary Magnet School,ES,https://www.cps.edu/schools/profiles/school-overview/SABIN,https://sabin.cps.edu,41.906816,-87.68305,SABIN-Magnet - World Language,<ul><li>GPA: N/A</li></ul>,"<ul><li><strong>Selection Type: </strong>Applicants are selected by random computerized lottery. If the program has priority groups, students in those groups are selected in the order listed.</li><li><strong>Priority: </strong>Sibling Preference,Staff Priority,Pre-K Preference,Proximity Preference,Tier,General</li><li><strong>Note: </strong>World language programs provide students with intensive instruction in a world language to acquire proficiency in the new language as well as develop cultural understanding and awareness. For information on the specific language(s) offered within this program, please reach out to the school directly. </li></ul>"
610342,SABIN,Albert R Sabin Elementary Magnet School,ES,https://www.cps.edu/schools/profiles/school-overview/SABIN,https://sabin.cps.edu,41.906816,-87.68305,SABIN-Dual Language,<ul><li>GPA: N/A</li></ul>,"<ul><li><strong>Selection Type: </strong>Applicants are selected by random computerized lottery. If the program has priority groups, students in those groups are selected in the order listed.</li><li><strong>Priority: </strong>Sibling Preference,Staff Priority,General,Pre-K Preference,General</li><li><strong>Note: </strong>Two-way dual language programs aim for a 50:50 balance of English Learners (ELs) and non-ELs in the classroom. Students serve as language models to each other as they acquire the second language. Two-way dual language programs provide instruction in two languages: Spanish and English. Students receive core instruction (language arts, math, science, social science) through a second language with the goal of all students becoming bilingual and biliterate in both Spanish and English. </li></ul>"
610350,BLACK,Robert A Black Magnet Elementary School,ES,https://www.cps.edu/schools/profiles/school-overview/BLACK,https://blackmagnet.org,41.729692,-87.576643,BLACK-Magnet - Scholastic Academy,<ul><li>GPA: N/A</li></ul>,"<ul><li><strong>Selection Type: </strong>Applicants are selected by random computerized lottery. If the program has priority groups, students in those groups are selected in the order listed.</li><li><strong>Priority: </strong>Sibling Preference,Staff Priority,Proximity Preference,Tier,General</li><li><strong>Note: </strong>Scholastic Academies are schools that place strong emphasis on language arts and mathematics, and offer an enriched curriculum in a selected area of art, music, science, world language, or language arts. </li></ul>"
610271,JENSEN,Jensen Elementary Scholastic Academy,ES,https://www.cps.edu/schools/profiles/school-overview/JENSEN,http://jensen.cps.edu,41.873815,-87.702241,JENSEN-Magnet with Boundary - Scholastic Academy,<ul><li>GPA: N/A</li></ul>,"<ul><li><strong>Selection Type: </strong>Applicants are selected by random computerized lottery. If the program has priority groups, students in those groups are selected in the order listed.</li><li><strong>Priority: </strong>Sibling Preference,Staff Priority,Pre-K Preference,General</li><li><strong>Note: </strong>Scholastic Academies are schools that place strong emphasis on language arts and mathematics, and offer an enriched curriculum in a selected area of art, music, science, world language, or language arts. </li></ul>"
610244,CLARK HS,Michele Clark Academic Prep Magnet High School,HS,https://www.cps.edu/schools/profiles/school-overview/CLARK-HS,https://micheleclark.org,41.872885,-87.753325,CLARK HS-International Baccalaureate (IB),<ul><li>Application Requirements: High School Admissions Test (HSAT) Scores Required.</li><li>GPA: N/A</li></ul>,"<ul><li><strong>Priority: </strong>General</li><li><strong>Note: </strong>International Baccalaureate (IB) is an inquiry-based, concept-driven framework that aims to develop self-directed thinkers and reflective problem solvers. Students enrolled in the IB Program may receive college credit for their high school courses. All students applying to this program must take the CPS HSAT. </li></ul>"
610244,CLARK HS,Michele Clark Academic Prep Magnet High School,HS,https://www.cps.edu/schools/profiles/school-overview/CLARK-HS,https://micheleclark.org,41.872885,-87.753325,CLARK HS-Significantly Modified Curriculum w/ Moderate Supports,<ul><li>GPA: N/A</li></ul>,"<ul><li><strong>Selection Type: </strong>Applicants are selected by random computerized lottery. If the program has priority groups, students in those groups are selected in the order listed.</li><li><strong>Priority: </strong>Proximity Preference,General</li></ul>"
610244,CLARK HS,Michele Clark Academic Prep Magnet High School,HS,https://www.cps.edu/schools/profiles/school-overview/CLARK-HS,https://micheleclark.org,41.872885,-87.753325,CLARK HS-Magnet - Early College STEM,<ul><li>Application Requirements: High School Admissions Test (HSAT) Scores Required.</li><li>GPA: N/A</li></ul>,"<ul><li><strong>Selection Type: </strong>Applicants are selected by random computerized lottery. If the program has priority groups, students in those groups are selected in the order listed.</li><li><strong>Priority: </strong>Sibling Preference,Staff Priority,Tier</li><li><strong>Note: </strong>General Education and Students with 504 plans must have an HSAT minimum combo score of 58% to be considered for the lottery. Students with IEPs and English Language Learners must have an HSAT&nbsp;minimum combo score of 48% to be considered for the lottery.&nbsp; </li></ul>"
610564,DISNEY II HS,Disney II Magnet High School,HS,https://www.cps.edu/schools/profiles/school-overview/DISNEY-II-HS,https://disneyiimagnet.org,41.952488,-87.721364,"DISNEY II HS-Magnet - Fine & Performing Arts, Technology (7-8)",<ul><li>GPA: N/A</li></ul>,"<ul><li><strong>Selection Type: </strong>Applicants are selected by random computerized lottery. If the program has priority groups, students in those groups are selected in the order listed.</li><li><strong>Priority: </strong>Sibling Preference,Staff Priority,Proximity Preference,Tier,General</li><li><strong>Note: </strong>This program provides a comprehensive general education curriculum across all core academic subjects, with a focus on Fine & Performing Arts as an enriching complement to the standard coursework. Arts teachers in Fine & Performing Arts schools work with students and other classroom teachers to provide intensive and integrated instruction in the arts. Students are exposed to various arts opportunities and environments, and have the opportunity to learn and grow in multiple art forms: dance, drama, media arts, music, and/or visual arts.

Technology Program schools thoughtfully integrate technology and digital media throughout the curriculum to ensure that students develop the skills and habits of mind that will enable them to be successful in whatever endeavors they wish to pursue. This includes enabling students to use technology and digital media to demonstrate creative thinking and construct knowledge; communicate and work collaboratively; gather, evaluate and use information; conduct research, manage projects, and solve problems, practice legal and ethical behaviors while online; and understand technology concepts, systems, and operations. </li></ul>"
610564,DISNEY II HS,Disney II Magnet High School,HS,https://www.cps.edu/schools/profiles/school-overview/DISNEY-II-HS,https://disneyiimagnet.org,41.952488,-87.721364,"DISNEY II HS-Magnet - Fine & Performing Arts, Technology",<ul><li>Application Requirements: High School Admissions Test (HSAT) Scores Required.</li><li>GPA: N/A</li></ul>,"<ul><li><strong>Selection Type: </strong>Applicants are selected by random computerized lottery. If the program has priority groups, students in those groups are selected in the order listed.</li><li><strong>Priority: </strong>Sibling Preference,Staff Priority,Tier</li><li><strong>Note: </strong>General Education and Students with 504 plans must have an HSAT minimum combo score of 58% to be considered for the lottery. Students with IEPs and English Language Learners must have an HSAT&nbsp;minimum combo score of 48% to be considered for the lottery. </li></ul>"
610561,CRANE MEDICAL HS,Richard T Crane Medical Preparatory HS,HS,https://www.cps.edu/schools/profiles/school-overview/CRANE-MEDICAL-HS,https://newcranemedicalprep.org,41.876947,-87.683301,CRANE MEDICAL HS-Magnet - Early College STEM,<ul><li>Application Requirements: High School Admissions Test (HSAT) Scores Required.</li><li>GPA: N/A</li></ul>,"<ul><li><strong>Selection Type: </strong>Applicants are selected by random computerized lottery. If the program has priority groups, students in those groups are selected in the order listed.</li><li><strong>Priority: </strong>Sibling Preference,Staff Priority,Tier</li><li><strong>Note: </strong>For the rolling waitlist, General Education and students with 504 plans must have an HSAT minimum combo score of 40% to be considered for the lottery. Students with IEPs and English Language Learners must have an HSAT&nbsp;minimum combo score of 35% to be considered for the lottery.&nbsp; </li></ul>"
609737,VON STEUBEN HS,Friedrich W Von Steuben Metropolitan Science HS,HS,https://www.cps.edu/schools/profiles/school-overview/VON-STEUBEN-HS,http://www.vonsteuben.org,41.973185,-87.713386,VON STEUBEN HS-Significantly Modified Curriculum w/ Moderate Supports,<ul><li>GPA: N/A</li></ul>,"<ul><li><strong>Selection Type: </strong>Applicants are selected by random computerized lottery. If the program has priority groups, students in those groups are selected in the order listed.</li><li><strong>Priority: </strong>Proximity Preference,General</li></ul>"
609737,VON STEUBEN HS,Friedrich W Von Steuben Metropolitan Science HS,HS,https://www.cps.edu/schools/profiles/school-overview/VON-STEUBEN-HS,http://www.vonsteuben.org,41.973185,-87.713386,VON STEUBEN HS-Magnet - STEM College Prep,<ul><li>Application Requirements: High School Admissions Test (HSAT) Scores Required.</li><li>GPA: N/A</li></ul>,"<ul><li><strong>Selection Type: </strong>Applicants are selected by random computerized lottery. If the program has priority groups, students in those groups are selected in the order listed.</li><li><strong>Priority: </strong>Sibling Preference,Staff Priority,Tier</li><li><strong>Note: </strong>General Education and Students with 504 plans must have an HSAT minimum combo score of 58% to be considered for the lottery. Students with IEPs and English Language Learners must have an HSAT&nbsp;minimum combo score of 48% to be considered for the lottery. </li></ul>"
609737,VON STEUBEN HS,Friedrich W Von Steuben Metropolitan Science HS,HS,https://www.cps.edu/schools/profiles/school-overview/VON-STEUBEN-HS,http://www.vonsteuben.org,41.973185,-87.713386,VON STEUBEN HS-Scholars,<ul><li>Application Requirements: High School Admissions Test (HSAT) Scores Required.</li><li>GPA: N/A</li></ul>,<ul><li><strong>Priority: </strong>General</li></ul>
609753,CHICAGO AGRICULTURE HS,Chicago High School for Agricultural Sciences,HS,https://www.cps.edu/schools/profiles/school-overview/CHICAGO-AGRICULTURE-HS,https://chicagoagr.org,41.691221,-87.71777,CHICAGO AGRICULTURE HS-Magnet-Agriculture & Horticulture,<ul><li>Application Requirements: High School Admissions Test (HSAT) Scores Required.</li><li>GPA: N/A</li></ul>,"<ul><li><strong>Selection Type: </strong>Applicants are selected by random computerized lottery. If the program has priority groups, students in those groups are selected in the order listed.</li><li><strong>Priority: </strong>Overlay Preference,Sibling Preference,Staff Priority,Tier</li><li><strong>Note: </strong>General Education and Students with 504 plans must have an HSAT minimum combo score of 58% to be considered for the lottery. Students with IEPs and English Language Learners must have an HSAT minimum combo score of 48% to be considered for the lottery.&nbsp; </li></ul>"
609753,CHICAGO AGRICULTURE HS,Chicago High School for Agricultural Sciences,HS,https://www.cps.edu/schools/profiles/school-overview/CHICAGO-AGRICULTURE-HS,https://chicagoagr.org,41.691221,-87.71777,CHICAGO AGRICULTURE HS-Significantly Modified Curriculum w/ Intensive Supports,<ul><li>GPA: N/A</li></ul>,"<ul><li><strong>Selection Type: </strong>Applicants are selected by random computerized lottery. If the program has priority groups, students in those groups are selected in the order listed.</li><li><strong>Priority: </strong>Proximity Preference,General</li></ul>"
609753,CHICAGO AGRICULTURE HS,Chicago High School for Agricultural Sciences,HS,https://www.cps.edu/schools/profiles/school-overview/CHICAGO-AGRICULTURE-HS,https://chicagoagr.org,41.691221,-87.71777,CHICAGO AGRICULTURE HS-Significantly Modified Curriculum w/ Moderate Supports,<ul><li>GPA: N/A</li></ul>,"<ul><li><strong>Selection Type: </strong>Applicants are selected by random computerized lottery. If the program has priority groups, students in those groups are selected in the order listed.</li><li><strong>Priority: </strong>Proximity Preference,General</li></ul>"
609756,CURIE HS,Marie Sklodowska Curie Metropolitan High School,HS,https://www.cps.edu/schools/profiles/school-overview/CURIE-HS,https://www.curiehs.org,41.80306,-87.722042,CURIE HS-Accounting,<ul><li>Application Requirements: High School Admissions Test (HSAT) Scores Required.</li><li>GPA: N/A</li></ul>,"<ul><li><strong>Selection Type: </strong>Students are selected by lottery within groups with preferences for students who have combined HSAT scores above the 58/48th percentile and who live within the attendance area of the school.</li><li><strong>Priority: </strong>Proximity Preference,General</li></ul>"
609756,CURIE HS,Marie Sklodowska Curie Metropolitan High School,HS,https://www.cps.edu/schools/profiles/school-overview/CURIE-HS,https://www.curiehs.org,41.80306,-87.722042,CURIE HS-Architecture,<ul><li>Application Requirements: High School Admissions Test (HSAT) Scores Required.</li><li>GPA: N/A</li></ul>,"<ul><li><strong>Selection Type: </strong>Students are selected by lottery within groups with preferences for students who have combined HSAT scores above the 58/48th percentile and who live within the attendance area of the school.</li><li><strong>Priority: </strong>Proximity Preference,General</li></ul>"
609756,CURIE HS,Marie Sklodowska Curie Metropolitan High School,HS,https://www.cps.edu/schools/profiles/school-overview/CURIE-HS,https://www.curiehs.org,41.80306,-87.722042,CURIE HS-Automotive Technology,<ul><li>Application Requirements: High School Admissions Test (HSAT) Scores Required.</li><li>GPA: N/A</li></ul>,"<ul><li><strong>Selection Type: </strong>Students are selected by lottery within groups with preferences for students who have combined HSAT scores above the 58/48th percentile and who live within the attendance area of the school.</li><li><strong>Priority: </strong>Proximity Preference,General</li></ul>"
609756,CURIE HS,Marie Sklodowska Curie Metropolitan High School,HS,https://www.cps.edu/schools/profiles/school-overview/CURIE-HS,https://www.curiehs.org,41.80306,-87.722042,CURIE HS-Broadcast,<ul><li>Application Requirements: High School Admissions Test (HSAT) Scores Required.</li><li>GPA: N/A</li></ul>,"<ul><li><strong>Selection Type: </strong>Students are selected by lottery within groups with preferences for students who have combined HSAT scores above the 58/48th percentile and who live within the attendance area of the school.</li><li><strong>Priority: </strong>Proximity Preference,General</li></ul>"
609756,CURIE HS,Marie Sklodowska Curie Metropolitan High School,HS,https://www.cps.edu/schools/profiles/school-overview/CURIE-HS,https://www.curiehs.org,41.80306,-87.722042,CURIE HS-Culinary & Hospitality,<ul><li>Application Requirements: High School Admissions Test (HSAT) Scores Required.</li><li>GPA: N/A</li></ul>,"<ul><li><strong>Selection Type: </strong>Students are selected by lottery within groups with preferences for students who have combined HSAT scores above the 58/48th percentile and who live within the attendance area of the school.</li><li><strong>Priority: </strong>Proximity Preference,General</li></ul>"
609756,CURIE HS,Marie Sklodowska Curie Metropolitan High School,HS,https://www.cps.edu/schools/profiles/school-overview/CURIE-HS,https://www.curiehs.org,41.80306,-87.722042,CURIE HS-Deaf/Hard of Hearing,<ul><li>GPA: N/A</li></ul>,"<ul><li><strong>Selection Type: </strong>Applicants are selected by random computerized lottery. If the program has priority groups, students in those groups are selected in the order listed.</li><li><strong>Priority: </strong>Proximity Preference,General</li></ul>"
609756,CURIE HS,Marie Sklodowska Curie Metropolitan High School,HS,https://www.cps.edu/schools/profiles/school-overview/CURIE-HS,https://www.curiehs.org,41.80306,-87.722042,CURIE HS-Digital Media,<ul><li>Application Requirements: High School Admissions Test (HSAT) Scores Required.</li><li>GPA: N/A</li></ul>,"<ul><li><strong>Selection Type: </strong>Students are selected by lottery within groups with preferences for students who have combined HSAT scores above the 58/48th percentile and who live within the attendance area of the school.</li><li><strong>Priority: </strong>Proximity Preference,General</li></ul>"
609756,CURIE HS,Marie Sklodowska Curie Metropolitan High School,HS,https://www.cps.edu/schools/profiles/school-overview/CURIE-HS,https://www.curiehs.org,41.80306,-87.722042,CURIE HS-Teaching Academy,<ul><li>Application Requirements: High School Admissions Test (HSAT) Scores Required.</li><li>GPA: N/A</li></ul>,"<ul><li><strong>Selection Type: </strong>Students are selected by lottery within groups with preferences for students who have combined HSAT scores above the 58/48th percentile and who live within the attendance area of the school.</li><li><strong>Priority: </strong>Proximity Preference,General</li></ul>"
609756,CURIE HS,Marie Sklodowska Curie Metropolitan High School,HS,https://www.cps.edu/schools/profiles/school-overview/CURIE-HS,https://www.curiehs.org,41.80306,-87.722042,CURIE HS-Magnet - Fine & Performing Arts,<ul><li>GPA: N/A</li></ul>,"<ul><li><strong>Selection Type: </strong>Applicants are selected by random computerized lottery. If the program has priority groups, students in those groups are selected in the order listed.</li><li><strong>Priority: </strong>General</li></ul>"
609756,CURIE HS,Marie Sklodowska Curie Metropolitan High School,HS,https://www.cps.edu/schools/profiles/school-overview/CURIE-HS,https://www.curiehs.org,41.80306,-87.722042,CURIE HS-International Baccalaureate (IB),<ul><li>Application Requirements: High School Admissions Test (HSAT) Scores Required.</li><li>GPA: N/A</li></ul>,"<ul><li><strong>Priority: </strong>Elementary Preference,General</li><li><strong>Note: </strong>International Baccalaureate (IB) is an inquiry-based, concept-driven framework that aims to develop self-directed thinkers and reflective problem solvers. Students enrolled in the IB Program may receive college credit for their high school courses. All students applying to this program must take the CPS HSAT. Elementary Preference School(s): EDWARDS</li></ul>"
609756,CURIE HS,Marie Sklodowska Curie Metropolitan High School,HS,https://www.cps.edu/schools/profiles/school-overview/CURIE-HS,https://www.curiehs.org,41.80306,-87.722042,CURIE HS-Game Programming & Web Design,<ul><li>Application Requirements: High School Admissions Test (HSAT) Scores Required.</li><li>GPA: N/A</li></ul>,"<ul><li><strong>Selection Type: </strong>Students are selected by lottery within groups with preferences for students who have combined HSAT scores above the 58/48th percentile and who live within the attendance area of the school.</li><li><strong>Priority: </strong>Proximity Preference,General</li></ul>"
609756,CURIE HS,Marie Sklodowska Curie Metropolitan High School,HS,https://www.cps.edu/schools/profiles/school-overview/CURIE-HS,https://www.curiehs.org,41.80306,-87.722042,CURIE HS-Pre-Engineering,<ul><li>Application Requirements: High School Admissions Test (HSAT) Scores Required.</li><li>GPA: N/A</li></ul>,<ul><li><strong>Priority: </strong>General</li></ul>
609756,CURIE HS,Marie Sklodowska Curie Metropolitan High School,HS,https://www.cps.edu/schools/profiles/school-overview/CURIE-HS,https://www.curiehs.org,41.80306,-87.722042,CURIE HS-Visual Impairment,<ul><li>GPA: N/A</li></ul>,"<ul><li><strong>Selection Type: </strong>Applicants are selected by random computerized lottery. If the program has priority groups, students in those groups are selected in the order listed.</li><li><strong>Priority: </strong>Proximity Preference,General</li></ul>"
609754,CHICAGO MILITARY HS,Chicago Military Academy High School,HS,https://www.cps.edu/schools/profiles/school-overview/CHICAGO-MILITARY-HS,https://chicagomilitaryacademy.org,41.830555,-87.619216,CHICAGO MILITARY HS-Military & Service Leadership,<ul><li>GPA: N/A</li></ul>,"<ul><li><strong>Priority: </strong>General</li><li><strong>Note: </strong>Military and Service Leadership programs offer a unique option for highly motivated students, providing an academically rigorous curriculum with a focus on leadership and citizenship. The CPS HSAT requirement for this program has been removed for the rolling waitlist period. </li></ul>"
609760,CARVER MILITARY HS,George Washington Carver Military Academy HS,HS,https://www.cps.edu/schools/profiles/school-overview/CARVER-MILITARY-HS,https://carvermilitary.org,41.65629,-87.59062,CARVER MILITARY HS-Military & Service Leadership,<ul><li>Application Requirements: High School Admissions Test (HSAT) Scores Required.</li><li>GPA: N/A</li></ul>,"<ul><li><strong>Priority: </strong>General</li><li><strong>Note: </strong>Military and Service Leadership programs offer a unique option for highly motivated students, providing an academically rigorous curriculum with a focus on leadership and citizenship. All students applying to this program must take the CPS HSAT. </li></ul>"
609780,MILITARY LEADERSHIP HS,Military Leadership Academy,HS,https://www.cps.edu/schools/profiles/school-overview/MILITARY-LEADERSHIP-HS,https://mla.cps.edu,41.916045,-87.721742,MILITARY LEADERSHIP HS-Military & Service Leadership,<ul><li>GPA: N/A</li></ul>,"<ul><li><strong>Selection Type: </strong>Applicants are selected by random computerized lottery. If the program has priority groups, students in those groups are selected in the order listed.</li><li><strong>Priority: </strong>Sibling Preference,Staff Priority,General</li><li><strong>Note: </strong>The Service Leadership Academies are unique four-year high schools that prepare students for college and subsequent careers. Marine Leadership is the only one of these programs that is&nbsp;open to students in grades 7-8, and students who enter Marine's program in elementary school are able to continue there for high school without reapplying. Although students wear uniforms and operate in a structured environment, these Service Leadership Academies are not intended to prepare students for the military. Rather, students take part in unprecedented leadership opportunities and cocurricular activities, including college trips and citywide competitions, in a nurturing, safe, and healthy environment in which they can realize their full potential. </li></ul>"
609780,MILITARY LEADERSHIP HS,Military Leadership Academy,HS,https://www.cps.edu/schools/profiles/school-overview/MILITARY-LEADERSHIP-HS,https://mla.cps.edu,41.916045,-87.721742,MILITARY LEADERSHIP HS-Military & Service Leadership,<ul><li>Application Requirements: High School Admissions Test (HSAT) Scores Required.</li><li>GPA: N/A</li></ul>,"<ul><li><strong>Priority: </strong>General</li><li><strong>Note: </strong>Military and Service Leadership programs offer a unique option for highly motivated students, providing an academically rigorous curriculum with a focus on leadership and citizenship. All students applying to this program must take the CPS HSAT. </li></ul>"
610513,HOLMES HS,Tammera L Holmes Aero Academy,HS,https://www.cps.edu/schools/profiles/school-overview/HOLMES-HS,https://afahs.org,41.828145,-87.632757,HOLMES HS-Military & Service Leadership,<ul><li>Application Requirements: High School Admissions Test (HSAT) Scores Required.</li><li>GPA: N/A</li></ul>,"<ul><li><strong>Priority: </strong>General</li><li><strong>Note: </strong>Military and Service Leadership programs offer a unique option for highly motivated students, providing an academically rigorous curriculum with a focus on leadership and citizenship. All students applying to this program must take the CPS HSAT. </li></ul>"
610304,PHOENIX MILITARY HS,Phoenix Military Academy High School,HS,https://www.cps.edu/schools/profiles/school-overview/PHOENIX-MILITARY-HS,https://phoenixmilitary.org,41.879118,-87.68696,PHOENIX MILITARY HS-Military & Service Leadership,<ul><li>Application Requirements: High School Admissions Test (HSAT) Scores Required.</li><li>GPA: N/A</li></ul>,"<ul><li><strong>Priority: </strong>General</li><li><strong>Note: </strong>Military and Service Leadership programs offer a unique option for highly motivated students, providing an academically rigorous curriculum with a focus on leadership and citizenship. All students applying to this program must take the CPS HSAT. </li></ul>"
610390,RICKOVER MILITARY HS,Hyman G Rickover Naval Academy High School,HS,https://www.cps.edu/schools/profiles/school-overview/RICKOVER-MILITARY-HS,http://www.rickovernaval.org,41.957599,-87.769938,RICKOVER MILITARY HS-Military & Service Leadership,<ul><li>Application Requirements: High School Admissions Test (HSAT) Scores Required.</li><li>GPA: N/A</li></ul>,"<ul><li><strong>Priority: </strong>Proximity Preference,General</li><li><strong>Note: </strong>Military and Service Leadership programs offer a unique option for highly motivated students, providing an academically rigorous curriculum with a focus on leadership and citizenship. All students applying to this program must take the CPS HSAT. This program selects students based on the priority groups listed below. Students in those groups are selected in the order listed. </li></ul>"
610362,EVERS,Medgar Evers Elementary School,ES,https://www.cps.edu/schools/profiles/school-overview/EVERS,https://www.evers.cps.edu,41.715665,-87.639305,EVERS-Fine & Performing Arts,<ul><li>GPA: N/A</li></ul>,"<ul><li><strong>Selection Type: </strong>Applicants are selected by random computerized lottery. If the program has priority groups, students in those groups are selected in the order listed.</li><li><strong>Priority: </strong>Sibling Preference,Staff Priority,Pre-K Preference,General</li><li><strong>Note: </strong>This program provides a comprehensive general education curriculum across all core academic subjects, with a focus on Fine & Performing Arts as an enriching complement to the standard coursework. Arts teachers in Fine & Performing Arts schools work with students and other classroom teachers to provide intensive and integrated instruction in the arts. Students are exposed to various arts opportunities and environments, and have the opportunity to learn and grow in multiple art forms: dance, drama, media arts, music, and/or visual arts. </li></ul>"
610364,DUBOIS,William E B Dubois Elementary School,ES,https://www.cps.edu/schools/profiles/school-overview/DUBOIS,https://dubois.cps.edu,41.653733,-87.61432,DUBOIS-World Language,<ul><li>GPA: N/A</li></ul>,"<ul><li><strong>Selection Type: </strong>Applicants are selected by random computerized lottery. If the program has priority groups, students in those groups are selected in the order listed.</li><li><strong>Priority: </strong>Sibling Preference,Staff Priority,Pre-K Preference,General</li><li><strong>Note: </strong>World language programs provide students with intensive instruction in a world language to acquire proficiency in the new language as well as develop cultural understanding and awareness. For information on the specific language(s) offered within this program, please reach out to the school directly. </li></ul>"
610367,DEPRIEST,Oscar DePriest Elementary School,ES,https://www.cps.edu/schools/profiles/school-overview/DEPRIEST,https://depriestschool.org,41.877979,-87.766298,DEPRIEST-Open Enrollment,<ul><li>GPA: N/A</li></ul>,"<ul><li><strong>Selection Type: </strong>Applicants are selected by random computerized lottery. If the program has priority groups, students in those groups are selected in the order listed.</li><li><strong>Priority: </strong>Sibling Preference,Staff Priority,Pre-K Preference,General</li><li><strong>Note: </strong>Open enrollment programs offer a well-rounded general education curriculum, focusing on core subjects like math, science, reading, and social studies. These programs serve a broad range of students without admissions screening or specialized academic focus. </li></ul>"
610367,DEPRIEST,Oscar DePriest Elementary School,ES,https://www.cps.edu/schools/profiles/school-overview/DEPRIEST,https://depriestschool.org,41.877979,-87.766298,DEPRIEST-IB Middle Years Programme,<ul><li>GPA: N/A</li></ul>,"<ul><li><strong>Selection Type: </strong>Applicants are selected by random computerized lottery. If the program has priority groups, students in those groups are selected in the order listed.</li><li><strong>Priority: </strong>Sibling Preference,General</li><li><strong>Note: </strong>International Baccalaureate (IB) programmes are designed to develop well-rounded individuals who can respond to today's challenges with optimism and an open mind. The Middle Years Programme (MYP) is a rigorous and highly flexible framework that encourages students to make practical connections between their studies and the real world, preparing them for success in further study and in life. </li></ul>"
610366,WACKER,Charles H Wacker Elementary School,ES,https://www.cps.edu/schools/profiles/school-overview/WACKER,https://wackerwildcats.org,41.716193,-87.648044,WACKER-Open Enrollment,<ul><li>GPA: N/A</li></ul>,"<ul><li><strong>Selection Type: </strong>Applicants are selected by random computerized lottery. If the program has priority groups, students in those groups are selected in the order listed.</li><li><strong>Priority: </strong>Sibling Preference,Staff Priority,Pre-K Preference,General</li><li><strong>Note: </strong>Open enrollment programs offer a well-rounded general education curriculum, focusing on core subjects like math, science, reading, and social studies. These programs serve a broad range of students without admissions screening or specialized academic focus. </li></ul>"
610368,HUGHES L,Langston Hughes Elementary School,ES,https://www.cps.edu/schools/profiles/school-overview/HUGHES-L,http://lhughes.cps.edu,41.705342,-87.629869,HUGHES L-STEM,<ul><li>GPA: N/A</li></ul>,"<ul><li><strong>Selection Type: </strong>Applicants are selected by random computerized lottery. If the program has priority groups, students in those groups are selected in the order listed.</li><li><strong>Priority: </strong>Sibling Preference,Staff Priority,Pre-K Preference,General</li><li><strong>Note: </strong>Schools with a STEM specialization provide whole-school integrated Science, Technology, Engineering, and Math (STEM) programming. In STEM classrooms, students will: actively make sense of and construct solutions to complex questions; productively contribute to the learning community to support a culture of collaboration, risk-taking, and innovation; and regularly reflect on and communicate their understanding of disciplinary ideas. </li></ul>"
610369,JACKSON M,Mahalia Jackson Elementary School,ES,https://www.cps.edu/schools/profiles/school-overview/JACKSON-M,http://www.mjacksoncps.com/,41.734125,-87.646767,JACKSON M-Open Enrollment,<ul><li>GPA: N/A</li></ul>,"<ul><li><strong>Selection Type: </strong>Applicants are selected by random computerized lottery. If the program has priority groups, students in those groups are selected in the order listed.</li><li><strong>Priority: </strong>Sibling Preference,Staff Priority,Pre-K Preference,General</li><li><strong>Note: </strong>Open enrollment programs offer a well-rounded general education curriculum, focusing on core subjects like math, science, reading, and social studies. These programs serve a broad range of students without admissions screening or specialized academic focus. </li></ul>"
610347,CLAREMONT,Claremont STEM Magnet Elementary School,ES,https://www.cps.edu/schools/profiles/school-overview/CLAREMONT,https://claremontstem.cps.edu,41.777511,-87.681061,CLAREMONT-Magnet - STEM,<ul><li>GPA: N/A</li></ul>,"<ul><li><strong>Selection Type: </strong>Applicants are selected by random computerized lottery. If the program has priority groups, students in those groups are selected in the order listed.</li><li><strong>Priority: </strong>Sibling Preference,Staff Priority,Pre-K Preference,Tier</li><li><strong>Note: </strong>Schools with a STEM specialization provide whole-school integrated Science, Technology, Engineering, and Math (STEM) programming. In STEM classrooms, students will: actively make sense of and construct solutions to complex questions; productively contribute to the learning community to support a culture of collaboration, risk-taking, and innovation; and regularly reflect on and communicate their understanding of disciplinary ideas. </li></ul>"
610352,DURKIN PARK,Durkin Park Elementary School,ES,https://www.cps.edu/schools/profiles/school-overview/DURKIN-PARK,https://durkinpark.com,41.738844,-87.729955,DURKIN PARK-Open Enrollment,<ul><li>GPA: N/A</li></ul>,"<ul><li><strong>Selection Type: </strong>Applicants are selected by random computerized lottery. If the program has priority groups, students in those groups are selected in the order listed.</li><li><strong>Priority: </strong>Sibling Preference,Staff Priority,Pre-K Preference,General</li><li><strong>Note: </strong>Open enrollment programs offer a well-rounded general education curriculum, focusing on core subjects like math, science, reading, and social studies. These programs serve a broad range of students without admissions screening or specialized academic focus. </li></ul>"
610057,FAIRFIELD,Fairfield Elementary Academy,ES,https://www.cps.edu/schools/profiles/school-overview/FAIRFIELD,https://fairfieldacademy.org,41.780904,-87.692115,FAIRFIELD-Open Enrollment,<ul><li>GPA: N/A</li></ul>,"<ul><li><strong>Selection Type: </strong>Applicants are selected by random computerized lottery. If the program has priority groups, students in those groups are selected in the order listed.</li><li><strong>Priority: </strong>Sibling Preference,Staff Priority,Pre-K Preference,General</li><li><strong>Note: </strong>Open enrollment programs offer a well-rounded general education curriculum, focusing on core subjects like math, science, reading, and social studies. These programs serve a broad range of students without admissions screening or specialized academic focus. </li></ul>"
610345,WOODSON,Carter G Woodson South Elementary School,ES,https://www.cps.edu/schools/profiles/school-overview/WOODSON,https://www.gowoodson.com,41.814499,-87.608419,WOODSON-Open Enrollment,<ul><li>GPA: N/A</li></ul>,"<ul><li><strong>Selection Type: </strong>Applicants are selected by random computerized lottery. If the program has priority groups, students in those groups are selected in the order listed.</li><li><strong>Priority: </strong>Sibling Preference,Staff Priority,Pre-K Preference,General</li><li><strong>Note: </strong>Open enrollment programs offer a well-rounded general education curriculum, focusing on core subjects like math, science, reading, and social studies. These programs serve a broad range of students without admissions screening or specialized academic focus. </li></ul>"
610295,HIGGINS,Thomas J Higgins Elementary Community Academy,ES,https://www.cps.edu/schools/profiles/school-overview/HIGGINS,https://higginsacademy.cps.edu,41.681031,-87.646994,HIGGINS-Fine & Performing Arts,<ul><li>GPA: N/A</li></ul>,"<ul><li><strong>Selection Type: </strong>Applicants are selected by random computerized lottery. If the program has priority groups, students in those groups are selected in the order listed.</li><li><strong>Priority: </strong>Sibling Preference,Staff Priority,Pre-K Preference,General</li><li><strong>Note: </strong>This program provides a comprehensive general education curriculum across all core academic subjects, with a focus on Fine & Performing Arts as an enriching complement to the standard coursework. Arts teachers in Fine & Performing Arts schools work with students and other classroom teachers to provide intensive and integrated instruction in the arts. Students are exposed to various arts opportunities and environments, and have the opportunity to learn and grow in multiple art forms: dance, drama, media arts, music, and/or visual arts. </li></ul>"
610299,KING ES,Dr. Martin Luther King Jr Academy of Social Justice,ES,https://www.cps.edu/schools/profiles/school-overview/KING-ES,https://kingacademy.cps.edu,41.765335,-87.641335,KING ES-Open Enrollment,<ul><li>GPA: N/A</li></ul>,"<ul><li><strong>Selection Type: </strong>Applicants are selected by random computerized lottery. If the program has priority groups, students in those groups are selected in the order listed.</li><li><strong>Priority: </strong>Sibling Preference,Staff Priority,Pre-K Preference,General</li><li><strong>Note: </strong>Open enrollment programs offer a well-rounded general education curriculum, focusing on core subjects like math, science, reading, and social studies. These programs serve a broad range of students without admissions screening or specialized academic focus. </li></ul>"
610300,WESTCOTT,Oliver S Westcott Elementary School,ES,https://www.cps.edu/schools/profiles/school-overview/WESTCOTT,https://westcott.cps.edu,41.748868,-87.634751,WESTCOTT-Open Enrollment,<ul><li>GPA: N/A</li></ul>,"<ul><li><strong>Selection Type: </strong>Applicants are selected by random computerized lottery. If the program has priority groups, students in those groups are selected in the order listed.</li><li><strong>Priority: </strong>Sibling Preference,Staff Priority,Pre-K Preference,General</li><li><strong>Note: </strong>Open enrollment programs offer a well-rounded general education curriculum, focusing on core subjects like math, science, reading, and social studies. These programs serve a broad range of students without admissions screening or specialized academic focus. </li></ul>"
610325,AVONDALE-LOGANDALE,Avondale-Logandale Elementary School,ES,https://www.cps.edu/schools/profiles/school-overview/AVONDALE-LOGANDALE,https://avondalelogandaleschool.org,41.93397,-87.708041,AVONDALE-LOGANDALE-Open Enrollment,<ul><li>GPA: N/A</li></ul>,"<ul><li><strong>Selection Type: </strong>Applicants are selected by random computerized lottery. If the program has priority groups, students in those groups are selected in the order listed.</li><li><strong>Priority: </strong>Sibling Preference,Staff Priority,Pre-K Preference,General</li><li><strong>Note: </strong>Open enrollment programs offer a well-rounded general education curriculum, focusing on core subjects like math, science, reading, and social studies. These programs serve a broad range of students without admissions screening or specialized academic focus. </li></ul>"
610325,AVONDALE-LOGANDALE,Avondale-Logandale Elementary School,ES,https://www.cps.edu/schools/profiles/school-overview/AVONDALE-LOGANDALE,https://avondalelogandaleschool.org,41.93397,-87.708041,AVONDALE-LOGANDALE-Dual Language,<ul><li>GPA: N/A</li></ul>,"<ul><li><strong>Selection Type: </strong>Applicants are selected by random computerized lottery. If the program has priority groups, students in those groups are selected in the order listed.</li><li><strong>Priority: </strong>Sibling Preference,Staff Priority,General,Pre-K Preference,General</li><li><strong>Note: </strong>One-way dual language programs provide instruction in two languages and are primarily intended to serve English Learners (ELs), former ELs, and heritage language learners. Students receive core instruction (language arts, math, science, social science) through a second language with the goal of all students becoming bilingual and biliterate in both languages. At this time, the instructional languages of all CPS dual language programs are Spanish and English. </li></ul>"
610339,STAGG,Amos Alonzo Stagg Elementary School,ES,https://www.cps.edu/schools/profiles/school-overview/STAGG,https://staggsoe.org,41.758925,-87.649217,STAGG-Personalized Learning,<ul><li>GPA: N/A</li></ul>,"<ul><li><strong>Selection Type: </strong>Applicants are selected by random computerized lottery. If the program has priority groups, students in those groups are selected in the order listed.</li><li><strong>Priority: </strong>Sibling Preference,Staff Priority,Pre-K Preference,General</li><li><strong>Note: </strong>Personalized learning is a learner-driven instructional model that fosters 21st century skills by empowering every student to actively co-design their learning path, pace, and environment according to their individual needs, strengths, and interests. Simply put, at the core of personalized learning is learner agency. </li></ul>"
610329,OROZCO,Orozco Fine Arts & Sciences Elementary School,ES,https://www.cps.edu/schools/profiles/school-overview/OROZCO,http://orozco.cps.edu,41.857755,-87.67521,OROZCO-EL Regional Gifted Center (K-4),<ul><li>GPA: N/A</li></ul>,"<ul><li><strong>Priority: </strong>Rank,Tier</li><li><strong>Note: </strong>Regional Gifted Centers for English Learners (or EL-RGC programs) are designed to meet the needs of high-ability students whose native language is Spanish or Polish.&nbsp;Orozco's program is&nbsp;open to students whose native language is Spanish only. Students in these programs typically receive bilingual instruction that is one to two grades above grade level. </li></ul>"
610329,OROZCO,Orozco Fine Arts & Sciences Elementary School,ES,https://www.cps.edu/schools/profiles/school-overview/OROZCO,http://orozco.cps.edu,41.857755,-87.67521,OROZCO-EL Regional Gifted Center (5-8),<ul><li>GPA: 2.50</li></ul>,<ul><li><strong>Priority: </strong>General</li><li><strong>Note: </strong>Regional Gifted Centers for English Learners (or EL-RGC programs) are designed to meet the needs of high-ability students whose native language is Spanish or Polish. Orozco's program is&nbsp;open to students whose native language is Spanish only. Students in these programs typically receive bilingual instruction that is one to two grades above grade level. </li></ul>
610305,LELAND,George Leland Elementary School,ES,https://www.cps.edu/schools/profiles/school-overview/LELAND,https://leland.cps.edu,41.873587,-87.749276,LELAND-STEM,<ul><li>GPA: N/A</li></ul>,"<ul><li><strong>Selection Type: </strong>Applicants are selected by random computerized lottery. If the program has priority groups, students in those groups are selected in the order listed.</li><li><strong>Priority: </strong>Sibling Preference,Staff Priority,Pre-K Preference,General</li><li><strong>Note: </strong>Schools with a STEM specialization provide whole-school integrated Science, Technology, Engineering, and Math (STEM) programming. In STEM classrooms, students will: actively make sense of and construct solutions to complex questions; productively contribute to the learning community to support a culture of collaboration, risk-taking, and innovation; and regularly reflect on and communicate their understanding of disciplinary ideas. </li></ul>"
610312,MCDOWELL,Mary E McDowell Elementary School,ES,https://www.cps.edu/schools/profiles/school-overview/MCDOWELL,https://www.memcdowellelementaryschool.com,41.733132,-87.589589,MCDOWELL-Open Enrollment,<ul><li>GPA: N/A</li></ul>,"<ul><li><strong>Selection Type: </strong>Applicants are selected by random computerized lottery. If the program has priority groups, students in those groups are selected in the order listed.</li><li><strong>Priority: </strong>Sibling Preference,Staff Priority,Pre-K Preference,General</li><li><strong>Note: </strong>Open enrollment programs offer a well-rounded general education curriculum, focusing on core subjects like math, science, reading, and social studies. These programs serve a broad range of students without admissions screening or specialized academic focus. </li></ul>"
610313,DE DIEGO,Jose De Diego Elementary Community Academy,ES,https://www.cps.edu/schools/profiles/school-overview/DE-DIEGO,http://josedediego.cps.edu,41.905294,-87.685756,DE DIEGO-Personalized Learning,<ul><li>GPA: N/A</li></ul>,"<ul><li><strong>Selection Type: </strong>Applicants are selected by random computerized lottery. If the program has priority groups, students in those groups are selected in the order listed.</li><li><strong>Priority: </strong>Sibling Preference,Staff Priority,Pre-K Preference,General</li><li><strong>Note: </strong>Personalized learning is a learner-driven instructional model that fosters 21st century skills by empowering every student to actively co-design their learning path, pace, and environment according to their individual needs, strengths, and interests. Simply put, at the core of personalized learning is learner agency. </li></ul>"
610313,DE DIEGO,Jose De Diego Elementary Community Academy,ES,https://www.cps.edu/schools/profiles/school-overview/DE-DIEGO,http://josedediego.cps.edu,41.905294,-87.685756,DE DIEGO-IB Middle Years Programme & Personalized Learning,<ul><li>GPA: N/A</li></ul>,"<ul><li><strong>Selection Type: </strong>Applicants are selected by random computerized lottery. If the program has priority groups, students in those groups are selected in the order listed.</li><li><strong>Priority: </strong>Sibling Preference,General</li><li><strong>Note: </strong>International Baccalaureate (IB) programmes are designed to develop well-rounded individuals who can respond to today's challenges with optimism and an open mind. The Middle Years Programme (MYP) is a rigorous and highly flexible framework that encourages students to make practical connections between their studies and the real world, preparing them for success in further study and in life.

Personalized learning is a learner-driven instructional model that fosters 21st century skills by empowering every student to actively co-design their learning path, pace, and environment according to their individual needs, strengths, and interests. Simply put, at the core of personalized learning is learner agency. </li></ul>"
610315,WHITE,Edward White Elementary Career Academy,ES,https://www.cps.edu/schools/profiles/school-overview/WHITE,https://whitecareeracademy.org,41.672309,-87.650539,WHITE-Open Enrollment,<ul><li>GPA: N/A</li></ul>,"<ul><li><strong>Selection Type: </strong>Applicants are selected by random computerized lottery. If the program has priority groups, students in those groups are selected in the order listed.</li><li><strong>Priority: </strong>Sibling Preference,Staff Priority,Pre-K Preference,General</li><li><strong>Note: </strong>Open enrollment programs offer a well-rounded general education curriculum, focusing on core subjects like math, science, reading, and social studies. These programs serve a broad range of students without admissions screening or specialized academic focus. </li></ul>"
610316,EARHART,Amelia Earhart Options for Knowledge ES,ES,https://www.cps.edu/schools/profiles/school-overview/EARHART,http://earhart.cps.edu,41.726107,-87.582182,EARHART-STEAM,<ul><li>GPA: N/A</li></ul>,"<ul><li><strong>Selection Type: </strong>Applicants are selected by random computerized lottery. If the program has priority groups, students in those groups are selected in the order listed.</li><li><strong>Priority: </strong>Sibling Preference,Staff Priority,General</li><li><strong>Note: </strong>Schools with a STEAM specialization provide whole-school integrated Science, Technology, Engineering, Arts, and Math (STEAM) programming. In STEAM classrooms, students will: actively make sense of and construct solutions to complex questions; productively contribute to the learning community to support a culture of collaboration, risk-taking, and innovation; and regularly reflect on and communicate their understanding of disciplinary ideas. STEAM programs additionally incorporate arts education into the STEM curriculum. </li></ul>"
610317,BRIGHTON PARK,Brighton Park Elementary School,ES,https://www.cps.edu/schools/profiles/school-overview/BRIGHTON-PARK,http://brightonpark.cps.edu/,41.8239,-87.692077,BRIGHTON PARK-Open Enrollment,<ul><li>GPA: N/A</li></ul>,"<ul><li><strong>Selection Type: </strong>Applicants are selected by random computerized lottery. If the program has priority groups, students in those groups are selected in the order listed.</li><li><strong>Priority: </strong>Sibling Preference,Staff Priority,Pre-K Preference,General</li><li><strong>Note: </strong>Open enrollment programs offer a well-rounded general education curriculum, focusing on core subjects like math, science, reading, and social studies. These programs serve a broad range of students without admissions screening or specialized academic focus. </li></ul>"
610249,TALMAN,Talman Elementary School,ES,https://www.cps.edu/schools/profiles/school-overview/TALMAN,https://talman.cps.edu,41.794048,-87.690261,TALMAN-Open Enrollment,<ul><li>GPA: N/A</li></ul>,"<ul><li><strong>Selection Type: </strong>Applicants are selected by random computerized lottery. If the program has priority groups, students in those groups are selected in the order listed.</li><li><strong>Priority: </strong>Sibling Preference,Staff Priority,Pre-K Preference,General</li><li><strong>Note: </strong>Open enrollment programs offer a well-rounded general education curriculum, focusing on core subjects like math, science, reading, and social studies. These programs serve a broad range of students without admissions screening or specialized academic focus. </li></ul>"
610290,MAYS,Benjamin E Mays Elementary Academy,ES,https://www.cps.edu/schools/profiles/school-overview/MAYS,https://maysacademy.com,41.772727,-87.637277,MAYS-Open Enrollment,<ul><li>GPA: N/A</li></ul>,"<ul><li><strong>Selection Type: </strong>Applicants are selected by random computerized lottery. If the program has priority groups, students in those groups are selected in the order listed.</li><li><strong>Priority: </strong>Sibling Preference,Staff Priority,Pre-K Preference,General</li><li><strong>Note: </strong>Open enrollment programs offer a well-rounded general education curriculum, focusing on core subjects like math, science, reading, and social studies. These programs serve a broad range of students without admissions screening or specialized academic focus. </li></ul>"
610293,MELODY,Genevieve Melody Elementary School,ES,https://www.cps.edu/schools/profiles/school-overview/MELODY,https://melodystem.org,41.878799,-87.724661,MELODY-STEM,<ul><li>GPA: N/A</li></ul>,"<ul><li><strong>Selection Type: </strong>Applicants are selected by random computerized lottery. If the program has priority groups, students in those groups are selected in the order listed.</li><li><strong>Priority: </strong>Sibling Preference,Staff Priority,Pre-K Preference,General</li><li><strong>Note: </strong>Schools with a STEM specialization provide whole-school integrated Science, Technology, Engineering, and Math (STEM) programming. In STEM classrooms, students will: actively make sense of and construct solutions to complex questions; productively contribute to the learning community to support a culture of collaboration, risk-taking, and innovation; and regularly reflect on and communicate their understanding of disciplinary ideas. </li></ul>"
610291,LEE,Richard Henry Lee Elementary School,ES,https://www.cps.edu/schools/profiles/school-overview/LEE,https://leelions.org,41.775305,-87.728884,LEE-Open Enrollment,<ul><li>GPA: N/A</li></ul>,"<ul><li><strong>Selection Type: </strong>Applicants are selected by random computerized lottery. If the program has priority groups, students in those groups are selected in the order listed.</li><li><strong>Priority: </strong>Sibling Preference,Staff Priority,General</li><li><strong>Note: </strong>Open enrollment programs offer a well-rounded general education curriculum, focusing on core subjects like math, science, reading, and social studies. These programs serve a broad range of students without admissions screening or specialized academic focus. </li></ul>"
610276,MOLLISON,Irvin C Mollison Elementary School,ES,https://www.cps.edu/schools/profiles/school-overview/MOLLISON,https://www.mollisonelementary.org,41.814358,-87.616618,MOLLISON-Open Enrollment,<ul><li>GPA: N/A</li></ul>,"<ul><li><strong>Selection Type: </strong>Applicants are selected by random computerized lottery. If the program has priority groups, students in those groups are selected in the order listed.</li><li><strong>Priority: </strong>Sibling Preference,Staff Priority,Pre-K Preference,General</li><li><strong>Note: </strong>Open enrollment programs offer a well-rounded general education curriculum, focusing on core subjects like math, science, reading, and social studies. These programs serve a broad range of students without admissions screening or specialized academic focus. </li></ul>"
610276,MOLLISON,Irvin C Mollison Elementary School,ES,https://www.cps.edu/schools/profiles/school-overview/MOLLISON,https://www.mollisonelementary.org,41.814358,-87.616618,MOLLISON-IB Middle Years Programme,<ul><li>GPA: N/A</li></ul>,"<ul><li><strong>Selection Type: </strong>Applicants are selected by random computerized lottery. If the program has priority groups, students in those groups are selected in the order listed.</li><li><strong>Priority: </strong>Sibling Preference,General</li><li><strong>Note: </strong>International Baccalaureate (IB) programmes are designed to develop well-rounded individuals who can respond to today's challenges with optimism and an open mind. The Middle Years Programme (MYP) is a rigorous and highly flexible framework that encourages students to make practical connections between their studies and the real world, preparing them for success in further study and in life. </li></ul>"
610279,TANNER,Henry O Tanner Elementary School,ES,https://www.cps.edu/schools/profiles/school-overview/TANNER,https://tannerschool.org,41.760673,-87.606791,TANNER-Personalized Learning,<ul><li>GPA: N/A</li></ul>,"<ul><li><strong>Selection Type: </strong>Applicants are selected by random computerized lottery. If the program has priority groups, students in those groups are selected in the order listed.</li><li><strong>Priority: </strong>Sibling Preference,Staff Priority,Pre-K Preference,General</li><li><strong>Note: </strong>Personalized learning is a learner-driven instructional model that fosters 21st century skills by empowering every student to actively co-design their learning path, pace, and environment according to their individual needs, strengths, and interests. Simply put, at the core of personalized learning is learner agency. </li></ul>"
610281,POWELL,Adam Clayton Powell Paideia Community Academy ES,ES,https://www.cps.edu/schools/profiles/school-overview/POWELL,https://powell.cps.edu,41.760332,-87.556789,POWELL-Personalized Learning,<ul><li>GPA: N/A</li></ul>,"<ul><li><strong>Selection Type: </strong>Applicants are selected by random computerized lottery. If the program has priority groups, students in those groups are selected in the order listed.</li><li><strong>Priority: </strong>Sibling Preference,Staff Priority,Pre-K Preference,General</li><li><strong>Note: </strong>Personalized learning is a learner-driven instructional model that fosters 21st century skills by empowering every student to actively co-design their learning path, pace, and environment according to their individual needs, strengths, and interests. Simply put, at the core of personalized learning is learner agency. </li></ul>"
610282,MCNAIR,Ronald E McNair Elementary School,ES,https://www.cps.edu/schools/profiles/school-overview/MCNAIR,https://mcnairschool.org,41.897819,-87.746731,MCNAIR-Open Enrollment,<ul><li>GPA: N/A</li></ul>,"<ul><li><strong>Selection Type: </strong>Applicants are selected by random computerized lottery. If the program has priority groups, students in those groups are selected in the order listed.</li><li><strong>Priority: </strong>Sibling Preference,Staff Priority,Pre-K Preference,General</li><li><strong>Note: </strong>Open enrollment programs offer a well-rounded general education curriculum, focusing on core subjects like math, science, reading, and social studies. These programs serve a broad range of students without admissions screening or specialized academic focus. </li></ul>"
610284,NEW FIELD,New Field Elementary School,ES,https://www.cps.edu/schools/profiles/school-overview/NEW-FIELD,https://newfield.cps.edu,42.007703,-87.673168,NEW FIELD-Open Enrollment,<ul><li>GPA: N/A</li></ul>,"<ul><li><strong>Selection Type: </strong>Applicants are selected by random computerized lottery. If the program has priority groups, students in those groups are selected in the order listed.</li><li><strong>Priority: </strong>Sibling Preference,Staff Priority,Pre-K Preference,General</li><li><strong>Note: </strong>Open enrollment programs offer a well-rounded general education curriculum, focusing on core subjects like math, science, reading, and social studies. These programs serve a broad range of students without admissions screening or specialized academic focus. </li></ul>"
610251,CATHER,Willa Cather Elementary School,ES,https://www.cps.edu/schools/profiles/school-overview/CATHER,https://cather.cps.edu,41.88295,-87.699187,CATHER-Open Enrollment,<ul><li>GPA: N/A</li></ul>,"<ul><li><strong>Selection Type: </strong>Applicants are selected by random computerized lottery. If the program has priority groups, students in those groups are selected in the order listed.</li><li><strong>Priority: </strong>Sibling Preference,Staff Priority,Pre-K Preference,General</li><li><strong>Note: </strong>Open enrollment programs offer a well-rounded general education curriculum, focusing on core subjects like math, science, reading, and social studies. These programs serve a broad range of students without admissions screening or specialized academic focus. </li></ul>"
610252,DETT,Robert Nathaniel Dett Elementary School,ES,https://www.cps.edu/schools/profiles/school-overview/DETT,http://dett.cps.edu,41.87987,-87.680315,DETT-Open Enrollment,<ul><li>GPA: N/A</li></ul>,"<ul><li><strong>Selection Type: </strong>Applicants are selected by random computerized lottery. If the program has priority groups, students in those groups are selected in the order listed.</li><li><strong>Priority: </strong>Sibling Preference,Staff Priority,Pre-K Preference,General</li><li><strong>Note: </strong>Open enrollment programs offer a well-rounded general education curriculum, focusing on core subjects like math, science, reading, and social studies. These programs serve a broad range of students without admissions screening or specialized academic focus. </li></ul>"
610254,DVORAK,Dvorak Technology Academy,ES,https://www.cps.edu/schools/profiles/school-overview/DVORAK,https://dvorakausl.org,41.858883,-87.715744,DVORAK-Technology,<ul><li>GPA: N/A</li></ul>,"<ul><li><strong>Selection Type: </strong>Applicants are selected by random computerized lottery. If the program has priority groups, students in those groups are selected in the order listed.</li><li><strong>Priority: </strong>Sibling Preference,Staff Priority,Pre-K Preference,General</li><li><strong>Note: </strong>Technology Program schools thoughtfully integrate technology and digital media throughout the curriculum to ensure that students develop the skills and habits of mind that will enable them to be successful in whatever endeavors they wish to pursue. This includes enabling students to use technology and digital media to demonstrate creative thinking and construct knowledge; communicate and work collaboratively; gather, evaluate and use information; conduct research, manage projects, and solve problems; practice legal and ethical behaviors while online; and understand technology concepts, systems, and operations. </li></ul>"
610268,ASHE,Arthur R Ashe Elementary School,ES,https://www.cps.edu/schools/profiles/school-overview/ASHE,https://ashe.cps.edu,41.740184,-87.601174,ASHE-Open Enrollment,<ul><li>GPA: N/A</li></ul>,"<ul><li><strong>Selection Type: </strong>Applicants are selected by random computerized lottery. If the program has priority groups, students in those groups are selected in the order listed.</li><li><strong>Priority: </strong>Sibling Preference,Staff Priority,Pre-K Preference,General</li><li><strong>Note: </strong>Open enrollment programs offer a well-rounded general education curriculum, focusing on core subjects like math, science, reading, and social studies. These programs serve a broad range of students without admissions screening or specialized academic focus. </li></ul>"
610256,ROBINSON,Jackie Robinson Elementary School,ES,https://www.cps.edu/schools/profiles/school-overview/ROBINSON,https://robinsoncps.org,41.817349,-87.599067,ROBINSON-Open Enrollment,<ul><li>GPA: N/A</li></ul>,"<ul><li><strong>Selection Type: </strong>Applicants are selected by random computerized lottery. If the program has priority groups, students in those groups are selected in the order listed.</li><li><strong>Priority: </strong>Sibling Preference,Staff Priority,Pre-K Preference,General</li><li><strong>Note: </strong>Open enrollment programs offer a well-rounded general education curriculum, focusing on core subjects like math, science, reading, and social studies. These programs serve a broad range of students without admissions screening or specialized academic focus. </li></ul>"
610257,MORTON,Morton School of Excellence,ES,https://www.cps.edu/schools/profiles/school-overview/MORTON,https://morton.cps.edu,41.889178,-87.705108,MORTON-Open Enrollment,<ul><li>GPA: N/A</li></ul>,"<ul><li><strong>Selection Type: </strong>Applicants are selected by random computerized lottery. If the program has priority groups, students in those groups are selected in the order listed.</li><li><strong>Priority: </strong>Sibling Preference,Staff Priority,Pre-K Preference,General</li><li><strong>Note: </strong>Open enrollment programs offer a well-rounded general education curriculum, focusing on core subjects like math, science, reading, and social studies. These programs serve a broad range of students without admissions screening or specialized academic focus. </li></ul>"
610257,MORTON,Morton School of Excellence,ES,https://www.cps.edu/schools/profiles/school-overview/MORTON,https://morton.cps.edu,41.889178,-87.705108,MORTON-Regional Gifted Center (K),<ul><li>GPA: N/A</li></ul>,"<ul><li><strong>Priority: </strong>Rank,Tier</li><li><strong>Note: </strong>Regional Gifted Centers provide an accelerated instructional program that places an emphasis on thinking, reasoning, problem-solving, and creativity. Students in Gifted programs typically receive instruction that is one to two grades above grade level. </li></ul>"
610257,MORTON,Morton School of Excellence,ES,https://www.cps.edu/schools/profiles/school-overview/MORTON,https://morton.cps.edu,41.889178,-87.705108,MORTON-Regional Gifted Center (1-4),<ul><li>GPA: N/A</li></ul>,"<ul><li><strong>Priority: </strong>General</li><li><strong>Note: </strong>Regional Gifted Centers provide an accelerated instructional program that places an emphasis on thinking, reasoning, problem-solving, and creativity. Students in Gifted programs typically receive instruction that is one to two grades above grade level. </li></ul>"
610257,MORTON,Morton School of Excellence,ES,https://www.cps.edu/schools/profiles/school-overview/MORTON,https://morton.cps.edu,41.889178,-87.705108,MORTON-Regional Gifted Center (5),<ul><li>GPA: 3.00</li></ul>,"<ul><li><strong>Priority: </strong>General</li><li><strong>Note: </strong>Regional Gifted Centers provide an accelerated instructional program that places an emphasis on thinking, reasoning, problem-solving, and creativity. Students in Gifted programs typically receive instruction that is one to two grades above grade level. </li></ul>"
610274,JOHNSON,James Weldon Johnson STEAM Elementary School,ES,https://www.cps.edu/schools/profiles/school-overview/JOHNSON,https://cps.edu/johnson,41.861836,-87.703139,JOHNSON-STEAM,<ul><li>GPA: N/A</li></ul>,"<ul><li><strong>Selection Type: </strong>Applicants are selected by random computerized lottery. If the program has priority groups, students in those groups are selected in the order listed.</li><li><strong>Priority: </strong>Sibling Preference,Staff Priority,Pre-K Preference,General</li><li><strong>Note: </strong>Schools with a STEAM specialization provide whole-school integrated Science, Technology, Engineering, Arts, and Math (STEAM) programming. In STEAM classrooms, students will: actively make sense of and construct solutions to complex questions; productively contribute to the learning community to support a culture of collaboration, risk-taking, and innovation; and regularly reflect on and communicate their understanding of disciplinary ideas. STEAM programs additionally incorporate arts education into the STEM curriculum. </li></ul>"
610263,DULLES,John Foster Dulles Elementary School,ES,https://www.cps.edu/schools/profiles/school-overview/DULLES,https://dullesschoolofexcellence.org,41.7799,-87.617214,DULLES-Open Enrollment,<ul><li>GPA: N/A</li></ul>,"<ul><li><strong>Selection Type: </strong>Applicants are selected by random computerized lottery. If the program has priority groups, students in those groups are selected in the order listed.</li><li><strong>Priority: </strong>Sibling Preference,Staff Priority,Pre-K Preference,General</li><li><strong>Note: </strong>Open enrollment programs offer a well-rounded general education curriculum, focusing on core subjects like math, science, reading, and social studies. These programs serve a broad range of students without admissions screening or specialized academic focus. </li></ul>"
610269,MCCUTCHEON,John T McCutcheon Elementary School,ES,https://www.cps.edu/schools/profiles/school-overview/MCCUTCHEON,https://mccutcheon.cps.edu,41.970949,-87.654758,MCCUTCHEON-STEAM,<ul><li>GPA: N/A</li></ul>,"<ul><li><strong>Selection Type: </strong>Applicants are selected by random computerized lottery. If the program has priority groups, students in those groups are selected in the order listed.</li><li><strong>Priority: </strong>Sibling Preference,Staff Priority,Pre-K Preference,General</li><li><strong>Note: </strong>Schools with a STEAM specialization provide whole-school integrated Science, Technology, Engineering, Arts, and Math (STEAM) programming. In STEAM classrooms, students will: actively make sense of and construct solutions to complex questions; productively contribute to the learning community to support a culture of collaboration, risk-taking, and innovation; and regularly reflect on and communicate their understanding of disciplinary ideas. STEAM programs additionally incorporate arts education into the STEM curriculum. </li></ul>"
610396,TARKINGTON,Tarkington School of Excellence ES,ES,https://www.cps.edu/schools/profiles/school-overview/TARKINGTON,https://tarkington.cps.edu,41.764407,-87.706445,TARKINGTON-Dual Language,<ul><li>GPA: N/A</li></ul>,"<ul><li><strong>Selection Type: </strong>Applicants are selected by random computerized lottery. If the program has priority groups, students in those groups are selected in the order listed.</li><li><strong>Priority: </strong>Sibling Preference,Staff Priority,General,Pre-K Preference,General</li><li><strong>Note: </strong>One-way dual language programs provide instruction in two languages and are primarily intended to serve English Learners (ELs), former ELs, and heritage language learners. Students receive core instruction (language arts, math, science, social science) through a second language with the goal of all students becoming bilingual and biliterate in both languages. At this time, the instructional languages of all CPS dual language programs are Spanish and English. </li></ul>"
610396,TARKINGTON,Tarkington School of Excellence ES,ES,https://www.cps.edu/schools/profiles/school-overview/TARKINGTON,https://tarkington.cps.edu,41.764407,-87.706445,TARKINGTON-Open Enrollment,<ul><li>GPA: N/A</li></ul>,"<ul><li><strong>Selection Type: </strong>Applicants are selected by random computerized lottery. If the program has priority groups, students in those groups are selected in the order listed.</li><li><strong>Priority: </strong>Sibling Preference,Staff Priority,Pre-K Preference,General</li><li><strong>Note: </strong>Open enrollment programs offer a well-rounded general education curriculum, focusing on core subjects like math, science, reading, and social studies. These programs serve a broad range of students without admissions screening or specialized academic focus. </li></ul>"
610523,EDISON PARK,Edison Park Elementary School,ES,https://www.cps.edu/schools/profiles/school-overview/EDISON-PARK,https://edisonparkelementary.org,41.994238,-87.813771,EDISON PARK-Open Enrollment,<ul><li>GPA: N/A</li></ul>,"<ul><li><strong>Selection Type: </strong>Applicants are selected by random computerized lottery. If the program has priority groups, students in those groups are selected in the order listed.</li><li><strong>Priority: </strong>Sibling Preference,Staff Priority,General</li><li><strong>Note: </strong>Open enrollment programs offer a well-rounded general education curriculum, focusing on core subjects like math, science, reading, and social studies. These programs serve a broad range of students without admissions screening or specialized academic focus. </li></ul>"
610539,CAMRAS,Marvin Camras Elementary School,ES,https://www.cps.edu/schools/profiles/school-overview/CAMRAS,http://camras.cps.edu/,41.934931,-87.770127,CAMRAS-STEM,<ul><li>GPA: N/A</li></ul>,"<ul><li><strong>Selection Type: </strong>Applicants are selected by random computerized lottery. If the program has priority groups, students in those groups are selected in the order listed.</li><li><strong>Priority: </strong>Sibling Preference,Staff Priority,Pre-K Preference,General</li><li><strong>Note: </strong>Schools with a STEM specialization provide whole-school integrated Science, Technology, Engineering, and Math (STEM) programming. In STEM classrooms, students will: actively make sense of and construct solutions to complex questions; productively contribute to the learning community to support a culture of collaboration, risk-taking, and innovation; and regularly reflect on and communicate their understanding of disciplinary ideas. </li></ul>"
610541,LORCA,Federico Garcia Lorca Elementary School,ES,https://www.cps.edu/schools/profiles/school-overview/LORCA,https://lorca.cps.edu,41.940026,-87.724783,LORCA-Personalized Learning,<ul><li>GPA: N/A</li></ul>,"<ul><li><strong>Selection Type: </strong>Applicants are selected by random computerized lottery. If the program has priority groups, students in those groups are selected in the order listed.</li><li><strong>Priority: </strong>Sibling Preference,Staff Priority,Pre-K Preference,General</li><li><strong>Note: </strong>Personalized learning is a learner-driven instructional model that fosters 21st century skills by empowering every student to actively co-design their learning path, pace, and environment according to their individual needs, strengths, and interests. Simply put, at the core of personalized learning is learner agency. </li></ul>"
610542,WEST RIDGE,West Ridge Elementary School,ES,https://www.cps.edu/schools/profiles/school-overview/WEST-RIDGE,https://westridgeelementary.org,42.002959,-87.705917,WEST RIDGE-Open Enrollment,<ul><li>GPA: N/A</li></ul>,"<ul><li><strong>Selection Type: </strong>Applicants are selected by random computerized lottery. If the program has priority groups, students in those groups are selected in the order listed.</li><li><strong>Priority: </strong>Sibling Preference,Staff Priority,Pre-K Preference,General</li><li><strong>Note: </strong>Open enrollment programs offer a well-rounded general education curriculum, focusing on core subjects like math, science, reading, and social studies. These programs serve a broad range of students without admissions screening or specialized academic focus. </li></ul>"
610586,SADLOWSKI,Edward E. Sadlowski Elementary School,ES,https://www.cps.edu/schools/profiles/school-overview/SADLOWSKI,http://sadlowski.cps.edu,41.704859,-87.527985,SADLOWSKI-Open Enrollment,<ul><li>GPA: N/A</li></ul>,"<ul><li><strong>Selection Type: </strong>Applicants are selected by random computerized lottery. If the program has priority groups, students in those groups are selected in the order listed.</li><li><strong>Priority: </strong>Sibling Preference,Staff Priority,Pre-K Preference,General</li><li><strong>Note: </strong>Open enrollment programs offer a well-rounded general education curriculum, focusing on core subjects like math, science, reading, and social studies. These programs serve a broad range of students without admissions screening or specialized academic focus. </li></ul>"
610589,SOR JUANA,Sor Juana Ines de la Cruz ES,ES,https://www.cps.edu/schools/profiles/school-overview/SOR-JUANA,https://sorjuana.cps.edu,41.789597,-87.72638,SOR JUANA-Classical (K),<ul><li>GPA: N/A</li></ul>,"<ul><li><strong>Priority: </strong>Rank,Tier</li><li><strong>Note: </strong>Classical programs provide an accelerated program in literature, mathematics, language arts, and the humanities. Students in Classical programs typically receive instruction that is one to two grades above grade level. </li></ul>"
610589,SOR JUANA,Sor Juana Ines de la Cruz ES,ES,https://www.cps.edu/schools/profiles/school-overview/SOR-JUANA,https://sorjuana.cps.edu,41.789597,-87.72638,SOR JUANA-Classical (1-4),<ul><li>GPA: N/A</li></ul>,"<ul><li><strong>Priority: </strong>General</li><li><strong>Note: </strong>Classical programs provide an accelerated program in literature, mathematics, language arts, and the humanities. Students in Classical programs typically receive instruction that is one to two grades above grade level. </li></ul>"
610589,SOR JUANA,Sor Juana Ines de la Cruz ES,ES,https://www.cps.edu/schools/profiles/school-overview/SOR-JUANA,https://sorjuana.cps.edu,41.789597,-87.72638,SOR JUANA-Classical (5-8),<ul><li>GPA: 3.00</li></ul>,"<ul><li><strong>Priority: </strong>General</li><li><strong>Note: </strong>Classical programs provide an accelerated program in literature, mathematics, language arts, and the humanities. Students in Classical programs typically receive instruction that is one to two grades above grade level. </li></ul>"
610589,SOR JUANA,Sor Juana Ines de la Cruz ES,ES,https://www.cps.edu/schools/profiles/school-overview/SOR-JUANA,https://sorjuana.cps.edu,41.789597,-87.72638,SOR JUANA-Magnet - STEAM,<ul><li>GPA: N/A</li></ul>,"<ul><li><strong>Selection Type: </strong>Applicants are selected by random computerized lottery. If the program has priority groups, students in those groups are selected in the order listed.</li><li><strong>Priority: </strong>Sibling Preference,Staff Priority,Pre-K Preference,Tier</li><li><strong>Note: </strong>Schools with a STEAM specialization provide whole-school integrated Science, Technology, Engineering, Arts, and Math (STEAM) programming. In STEAM classrooms, students will: actively make sense of and construct solutions to complex questions; productively contribute to the learning community to support a culture of collaboration, risk-taking, and innovation; and regularly reflect on and communicate their understanding of disciplinary ideas. STEAM programs additionally incorporate arts education into the STEM curriculum. </li></ul>"
610533,PRIETO,Dr Jorge Prieto Math and Science Academy,ES,https://www.cps.edu/schools/profiles/school-overview/PRIETO,http://prieto.cps.edu,41.921318,-87.765781,PRIETO-Open Enrollment,<ul><li>GPA: N/A</li></ul>,"<ul><li><strong>Selection Type: </strong>Applicants are selected by random computerized lottery. If the program has priority groups, students in those groups are selected in the order listed.</li><li><strong>Priority: </strong>Sibling Preference,Staff Priority,Pre-K Preference,General</li><li><strong>Note: </strong>Open enrollment programs offer a well-rounded general education curriculum, focusing on core subjects like math, science, reading, and social studies. These programs serve a broad range of students without admissions screening or specialized academic focus. </li></ul>"
610533,PRIETO,Dr Jorge Prieto Math and Science Academy,ES,https://www.cps.edu/schools/profiles/school-overview/PRIETO,http://prieto.cps.edu,41.921318,-87.765781,PRIETO-Dual Language,<ul><li>GPA: N/A</li></ul>,"<ul><li><strong>Selection Type: </strong>Applicants are selected by random computerized lottery. If the program has priority groups, students in those groups are selected in the order listed.</li><li><strong>Priority: </strong>Sibling Preference,Staff Priority,General,Pre-K Preference,General</li><li><strong>Note: </strong>One-way dual language programs provide instruction in two languages and are primarily intended to serve English Learners (ELs), former ELs, and heritage language learners. Students receive core instruction (language arts, math, science, social science) through a second language with the goal of all students becoming bilingual and biliterate in both languages. At this time, the instructional languages of all CPS dual language programs are Spanish and English. </li></ul>"
610544,AZUELA,Mariano Azuela Elementary School,ES,https://www.cps.edu/schools/profiles/school-overview/AZUELA,https://azuela.cps.edu,41.771079,-87.73992,AZUELA-Open Enrollment,<ul><li>GPA: N/A</li></ul>,"<ul><li><strong>Selection Type: </strong>Applicants are selected by random computerized lottery. If the program has priority groups, students in those groups are selected in the order listed.</li><li><strong>Priority: </strong>Sibling Preference,Staff Priority,General</li><li><strong>Note: </strong>Open enrollment programs offer a well-rounded general education curriculum, focusing on core subjects like math, science, reading, and social studies. These programs serve a broad range of students without admissions screening or specialized academic focus. </li></ul>"
610544,AZUELA,Mariano Azuela Elementary School,ES,https://www.cps.edu/schools/profiles/school-overview/AZUELA,https://azuela.cps.edu,41.771079,-87.73992,AZUELA-Dual Language,<ul><li>GPA: N/A</li></ul>,"<ul><li><strong>Selection Type: </strong>Applicants are selected by random computerized lottery. If the program has priority groups, students in those groups are selected in the order listed.</li><li><strong>Priority: </strong>Sibling Preference,Staff Priority,General,General</li><li><strong>Note: </strong>One-way dual language programs provide instruction in two languages and are primarily intended to serve English Learners (ELs), former ELs, and heritage language learners. Students receive core instruction (language arts, math, science, social science) through a second language with the goal of all students becoming bilingual and biliterate in both languages. At this time, the instructional languages of all CPS dual language programs are Spanish and English. </li></ul>"
610022,KILMER,Joyce Kilmer International Academy,ES,https://www.cps.edu/schools/profiles/school-overview/KILMER,https://kilmerelementary.org,42.00364,-87.668222,KILMER-Open Enrollment,<ul><li>GPA: N/A</li></ul>,"<ul><li><strong>Selection Type: </strong>Applicants are selected by random computerized lottery. If the program has priority groups, students in those groups are selected in the order listed.</li><li><strong>Priority: </strong>Sibling Preference,General</li><li><strong>Note: </strong>Open enrollment programs offer a well-rounded general education curriculum, focusing on core subjects like math, science, reading, and social studies. These programs serve a broad range of students without admissions screening or specialized academic focus. </li></ul>"
610022,KILMER,Joyce Kilmer International Academy,ES,https://www.cps.edu/schools/profiles/school-overview/KILMER,https://kilmerelementary.org,42.00364,-87.668222,KILMER-IB Primary Years Programme,<ul><li>GPA: N/A</li></ul>,"<ul><li><strong>Selection Type: </strong>Applicants are selected by random computerized lottery. If the program has priority groups, students in those groups are selected in the order listed.</li><li><strong>Priority: </strong>Sibling Preference,Staff Priority,Pre-K Preference,General</li><li><strong>Note: </strong>International Baccalaureate (IB) programmes are designed to develop well-rounded individuals who can respond to today's challenges with optimism and an open mind. The Primary Years Programme (PYP) is a student-centered approach to education that offers an inquiry-based, transdisciplinary curriculum framework that builds conceptual understanding. </li></ul>"
610024,CARDENAS,Lazaro Cardenas Elementary School,ES,https://www.cps.edu/schools/profiles/school-overview/CARDENAS,https://cardenas.cps.edu,41.848488,-87.716017,CARDENAS-Open Enrollment,<ul><li>GPA: N/A</li></ul>,"<ul><li><strong>Selection Type: </strong>Applicants are selected by random computerized lottery. If the program has priority groups, students in those groups are selected in the order listed.</li><li><strong>Priority: </strong>Sibling Preference,Staff Priority,Pre-K Preference,General</li><li><strong>Note: </strong>Open enrollment programs offer a well-rounded general education curriculum, focusing on core subjects like math, science, reading, and social studies. These programs serve a broad range of students without admissions screening or specialized academic focus. </li></ul>"
610027,KIPLING,Rudyard Kipling Elementary School,ES,https://www.cps.edu/schools/profiles/school-overview/KIPLING,https://www.kiplingchicago.org,41.723627,-87.639521,"KIPLING-Fine & Performing Arts, Personalized Learning",<ul><li>GPA: N/A</li></ul>,"<ul><li><strong>Selection Type: </strong>Applicants are selected by random computerized lottery. If the program has priority groups, students in those groups are selected in the order listed.</li><li><strong>Priority: </strong>Sibling Preference,Staff Priority,Pre-K Preference,General</li><li><strong>Note: </strong>This program provides a comprehensive general education curriculum across all core academic subjects, with a focus on Fine & Performing Arts as an enriching complement to the standard coursework. Arts teachers in Fine & Performing Arts schools work with students and other classroom teachers to provide intensive and integrated instruction in the arts. Students are exposed to various arts opportunities and environments, and have the opportunity to learn and grow in multiple art forms: dance, drama, media arts, music, and/or visual arts.

Personalized learning is a learner-driven instructional model that fosters 21st century skills by empowering every student to actively co-design their learning path, pace, and environment according to their individual needs, strengths, and interests. Simply put, at the core of personalized learning is learner agency. </li></ul>"
610029,LOZANO,Rodolfo Lozano Bilingual & International Ctr ES,ES,https://www.cps.edu/schools/profiles/school-overview/LOZANO,https://lozano1501.org,41.908886,-87.665093,LOZANO-World Language,<ul><li>GPA: N/A</li></ul>,"<ul><li><strong>Selection Type: </strong>Applicants are selected by random computerized lottery. If the program has priority groups, students in those groups are selected in the order listed.</li><li><strong>Priority: </strong>Sibling Preference,Staff Priority,Pre-K Preference,General</li><li><strong>Note: </strong>World language programs provide students with intensive instruction in a world language to acquire proficiency in the new language as well as develop cultural understanding and awareness. For information on the specific language(s) offered within this program, please reach out to the school directly. </li></ul>"
610030,KOZMINSKI,Charles Kozminski Elementary Community Academy,ES,https://www.cps.edu/schools/profiles/school-overview/KOZMINSKI,https://kozminski.cps.edu,41.798002,-87.602481,KOZMINSKI-Open Enrollment,<ul><li>GPA: N/A</li></ul>,"<ul><li><strong>Selection Type: </strong>Applicants are selected by random computerized lottery. If the program has priority groups, students in those groups are selected in the order listed.</li><li><strong>Priority: </strong>Sibling Preference,Staff Priority,Pre-K Preference,General</li><li><strong>Note: </strong>Open enrollment programs offer a well-rounded general education curriculum, focusing on core subjects like math, science, reading, and social studies. These programs serve a broad range of students without admissions screening or specialized academic focus. </li></ul>"
610032,GREEN,Wendell E Green Elementary School,ES,https://www.cps.edu/schools/profiles/school-overview/GREEN,https://wendellgreenschool.com,41.719292,-87.6525,GREEN-Open Enrollment,<ul><li>GPA: N/A</li></ul>,"<ul><li><strong>Selection Type: </strong>Applicants are selected by random computerized lottery. If the program has priority groups, students in those groups are selected in the order listed.</li><li><strong>Priority: </strong>Sibling Preference,Staff Priority,Pre-K Preference,General</li><li><strong>Note: </strong>Open enrollment programs offer a well-rounded general education curriculum, focusing on core subjects like math, science, reading, and social studies. These programs serve a broad range of students without admissions screening or specialized academic focus. </li></ul>"
610046,LYON,Mary Lyon Elementary School,ES,https://www.cps.edu/schools/profiles/school-overview/LYON,https://www.marylyonschool.com,41.934192,-87.777174,LYON-Open Enrollment,<ul><li>GPA: N/A</li></ul>,"<ul><li><strong>Selection Type: </strong>Applicants are selected by random computerized lottery. If the program has priority groups, students in those groups are selected in the order listed.</li><li><strong>Priority: </strong>Sibling Preference,Staff Priority,Pre-K Preference,General</li><li><strong>Note: </strong>Open enrollment programs offer a well-rounded general education curriculum, focusing on core subjects like math, science, reading, and social studies. These programs serve a broad range of students without admissions screening or specialized academic focus. </li></ul>"
610047,MADISON,James Madison Elementary School,ES,https://www.cps.edu/schools/profiles/school-overview/MADISON,https://madison.cps.edu,41.759548,-87.590712,MADISON-Fine & Performing Arts,<ul><li>GPA: N/A</li></ul>,"<ul><li><strong>Selection Type: </strong>Applicants are selected by random computerized lottery. If the program has priority groups, students in those groups are selected in the order listed.</li><li><strong>Priority: </strong>Sibling Preference,Staff Priority,Pre-K Preference,General</li><li><strong>Note: </strong>This program provides a comprehensive general education curriculum across all core academic subjects, with a focus on Fine & Performing Arts as an enriching complement to the standard coursework. Arts teachers in Fine & Performing Arts schools work with students and other classroom teachers to provide intensive and integrated instruction in the arts. Students are exposed to various arts opportunities and environments, and have the opportunity to learn and grow in multiple art forms: dance, drama, media arts, music, and/or visual arts. </li></ul>"
610048,MANIERRE,George Manierre Elementary School,ES,https://www.cps.edu/schools/profiles/school-overview/MANIERRE,https://manierreferguson.org,41.908247,-87.639827,MANIERRE-Open Enrollment,<ul><li>GPA: N/A</li></ul>,"<ul><li><strong>Selection Type: </strong>Applicants are selected by random computerized lottery. If the program has priority groups, students in those groups are selected in the order listed.</li><li><strong>Priority: </strong>Sibling Preference,Staff Priority,Pre-K Preference,General</li><li><strong>Note: </strong>Open enrollment programs offer a well-rounded general education curriculum, focusing on core subjects like math, science, reading, and social studies. These programs serve a broad range of students without admissions screening or specialized academic focus. </li></ul>"
610026,KINZIE,John H Kinzie Elementary School,ES,https://www.cps.edu/schools/profiles/school-overview/KINZIE,http://kinzie.cps.edu,41.789965,-87.779483,KINZIE-Open Enrollment,<ul><li>GPA: N/A</li></ul>,"<ul><li><strong>Selection Type: </strong>Applicants are selected by random computerized lottery. If the program has priority groups, students in those groups are selected in the order listed.</li><li><strong>Priority: </strong>Sibling Preference,Staff Priority,Pre-K Preference,General</li><li><strong>Note: </strong>Open enrollment programs offer a well-rounded general education curriculum, focusing on core subjects like math, science, reading, and social studies. These programs serve a broad range of students without admissions screening or specialized academic focus. </li></ul>"
610026,KINZIE,John H Kinzie Elementary School,ES,https://www.cps.edu/schools/profiles/school-overview/KINZIE,http://kinzie.cps.edu,41.789965,-87.779483,KINZIE-IB Middle Years Programme,<ul><li>GPA: N/A</li></ul>,"<ul><li><strong>Selection Type: </strong>Applicants are selected by random computerized lottery. If the program has priority groups, students in those groups are selected in the order listed.</li><li><strong>Priority: </strong>Sibling Preference,General</li><li><strong>Note: </strong>International Baccalaureate (IB) programmes are designed to develop well-rounded individuals who can respond to today's challenges with optimism and an open mind. The Middle Years Programme (MYP) is a rigorous and highly flexible framework that encourages students to make practical connections between their studies and the real world, preparing them for success in further study and in life. </li></ul>"
610013,PILSEN,Pilsen Elementary Community Academy,ES,https://www.cps.edu/schools/profiles/school-overview/PILSEN,https://pilsenacademy.org,41.858849,-87.662209,PILSEN-Open Enrollment,<ul><li>GPA: N/A</li></ul>,"<ul><li><strong>Selection Type: </strong>Applicants are selected by random computerized lottery. If the program has priority groups, students in those groups are selected in the order listed.</li><li><strong>Priority: </strong>Sibling Preference,Staff Priority,Pre-K Preference,General</li><li><strong>Note: </strong>Open enrollment programs offer a well-rounded general education curriculum, focusing on core subjects like math, science, reading, and social studies. These programs serve a broad range of students without admissions screening or specialized academic focus. </li></ul>"
610016,KELLOGG,Kate S Kellogg Elementary School,ES,https://www.cps.edu/schools/profiles/school-overview/KELLOGG,http://kellogg.cps.edu,41.725263,-87.677233,KELLOGG-Open Enrollment,<ul><li>GPA: N/A</li></ul>,"<ul><li><strong>Selection Type: </strong>Applicants are selected by random computerized lottery. If the program has priority groups, students in those groups are selected in the order listed.</li><li><strong>Priority: </strong>Sibling Preference,Staff Priority,General</li><li><strong>Note: </strong>Open enrollment programs offer a well-rounded general education curriculum, focusing on core subjects like math, science, reading, and social studies. These programs serve a broad range of students without admissions screening or specialized academic focus. </li></ul>"
610016,KELLOGG,Kate S Kellogg Elementary School,ES,https://www.cps.edu/schools/profiles/school-overview/KELLOGG,http://kellogg.cps.edu,41.725263,-87.677233,KELLOGG-IB Middle Years Programme,<ul><li>GPA: N/A</li></ul>,"<ul><li><strong>Selection Type: </strong>Applicants are selected by random computerized lottery. If the program has priority groups, students in those groups are selected in the order listed.</li><li><strong>Priority: </strong>Sibling Preference,General</li><li><strong>Note: </strong>International Baccalaureate (IB) programmes are designed to develop well-rounded individuals who can respond to today's challenges with optimism and an open mind. The Middle Years Programme (MYP) is a rigorous and highly flexible framework that encourages students to make practical connections between their studies and the real world, preparing them for success in further study and in life. </li></ul>"
610015,JUNGMAN,Joseph Jungman STEM Magnet Elementary School,ES,https://www.cps.edu/schools/profiles/school-overview/JUNGMAN,https://www.jungmanstem.org,41.858065,-87.652302,JUNGMAN-Magnet with Boundary - STEM,<ul><li>GPA: N/A</li></ul>,"<ul><li><strong>Selection Type: </strong>Applicants are selected by random computerized lottery. If the program has priority groups, students in those groups are selected in the order listed.</li><li><strong>Priority: </strong>Sibling Preference,Staff Priority,Pre-K Preference,General</li><li><strong>Note: </strong>Schools with a STEM specialization provide whole-school integrated Science, Technology, Engineering, and Math (STEM) programming. In STEM classrooms, students will: actively make sense of and construct solutions to complex questions; productively contribute to the learning community to support a culture of collaboration, risk-taking, and innovation; and regularly reflect on and communicate their understanding of disciplinary ideas. </li></ul>"
609828,BURR,Jonathan Burr Elementary School,ES,https://www.cps.edu/schools/profiles/school-overview/BURR,https://burrschool.org,41.912358,-87.668661,BURR-World Language & Personalized Learning,<ul><li>GPA: N/A</li></ul>,"<ul><li><strong>Selection Type: </strong>Applicants are selected by random computerized lottery. If the program has priority groups, students in those groups are selected in the order listed.</li><li><strong>Priority: </strong>Sibling Preference,Staff Priority,General</li><li><strong>Note: </strong>Personalized learning is a learner-driven instructional model that fosters 21st century skills by empowering every student to actively co-design their learning path, pace, and environment according to their individual needs, strengths, and interests. Simply put, at the core of personalized learning is learner agency.

World language programs provide students with intensive instruction in a world language to acquire proficiency in the new language as well as develop cultural understanding and awareness. For information on the specific language(s) offered within this program, please reach out to the school directly. </li></ul>"
609829,BURROUGHS,John C Burroughs Elementary School,ES,https://www.cps.edu/schools/profiles/school-overview/BURROUGHS,http://burroughs.cps.edu,41.828868,-87.692457,BURROUGHS-Open Enrollment,<ul><li>GPA: N/A</li></ul>,"<ul><li><strong>Selection Type: </strong>Applicants are selected by random computerized lottery. If the program has priority groups, students in those groups are selected in the order listed.</li><li><strong>Priority: </strong>Sibling Preference,Staff Priority,Pre-K Preference,General</li><li><strong>Note: </strong>Open enrollment programs offer a well-rounded general education curriculum, focusing on core subjects like math, science, reading, and social studies. These programs serve a broad range of students without admissions screening or specialized academic focus. </li></ul>"
609835,CAMERON,Daniel R Cameron Elementary School,ES,https://www.cps.edu/schools/profiles/school-overview/CAMERON,https://www.cameronmsa.com/,41.903792,-87.717927,CAMERON-Fine & Performing Arts,<ul><li>GPA: N/A</li></ul>,"<ul><li><strong>Selection Type: </strong>Applicants are selected by random computerized lottery. If the program has priority groups, students in those groups are selected in the order listed.</li><li><strong>Priority: </strong>Sibling Preference,Staff Priority,Pre-K Preference,General</li><li><strong>Note: </strong>This program provides a comprehensive general education curriculum across all core academic subjects, with a focus on Fine & Performing Arts as an enriching complement to the standard coursework. Arts teachers in Fine & Performing Arts schools work with students and other classroom teachers to provide intensive and integrated instruction in the arts. Students are exposed to various arts opportunities and environments, and have the opportunity to learn and grow in multiple art forms: dance, drama, media arts, music, and/or visual arts. </li></ul>"
609836,CANTY,Arthur E Canty Elementary School,ES,https://www.cps.edu/schools/profiles/school-overview/CANTY,https://www.cantyschool.org,41.948007,-87.829296,CANTY-Fine & Performing Arts,<ul><li>GPA: N/A</li></ul>,"<ul><li><strong>Selection Type: </strong>Applicants are selected by random computerized lottery. If the program has priority groups, students in those groups are selected in the order listed.</li><li><strong>Priority: </strong>Sibling Preference,Staff Priority,Pre-K Preference,General</li><li><strong>Note: </strong>This program provides a comprehensive general education curriculum across all core academic subjects, with a focus on Fine & Performing Arts as an enriching complement to the standard coursework. Arts teachers in Fine & Performing Arts schools work with students and other classroom teachers to provide intensive and integrated instruction in the arts. Students are exposed to various arts opportunities and environments, and have the opportunity to learn and grow in multiple art forms: dance, drama, media arts, music, and/or visual arts. </li></ul>"
609884,DEVER,William E Dever Elementary School,ES,https://www.cps.edu/schools/profiles/school-overview/DEVER,https://dever.cps.edu/,41.942552,-87.813132,DEVER-Open Enrollment,<ul><li>GPA: N/A</li></ul>,"<ul><li><strong>Selection Type: </strong>Applicants are selected by random computerized lottery. If the program has priority groups, students in those groups are selected in the order listed.</li><li><strong>Priority: </strong>Sibling Preference,Staff Priority,Pre-K Preference,General</li><li><strong>Note: </strong>Open enrollment programs offer a well-rounded general education curriculum, focusing on core subjects like math, science, reading, and social studies. These programs serve a broad range of students without admissions screening or specialized academic focus. </li></ul>"
609885,DEWEY,Dewey Elementary Academy of Fine Arts,ES,https://www.cps.edu/schools/profiles/school-overview/DEWEY,https://sites.google.com/cps.edu/dewey-soe/home,41.795646,-87.642652,DEWEY-Fine & Performing Arts,<ul><li>GPA: N/A</li></ul>,"<ul><li><strong>Selection Type: </strong>Applicants are selected by random computerized lottery. If the program has priority groups, students in those groups are selected in the order listed.</li><li><strong>Priority: </strong>Sibling Preference,Staff Priority,Pre-K Preference,General</li><li><strong>Note: </strong>This program provides a comprehensive general education curriculum across all core academic subjects, with a focus on Fine & Performing Arts as an enriching complement to the standard coursework. Arts teachers in Fine & Performing Arts schools work with students and other classroom teachers to provide intensive and integrated instruction in the arts. Students are exposed to various arts opportunities and environments, and have the opportunity to learn and grow in multiple art forms: dance, drama, media arts, music, and/or visual arts. </li></ul>"
609891,DOOLITTLE,James R Doolittle Jr Elementary School,ES,https://www.cps.edu/schools/profiles/school-overview/DOOLITTLE,https://doolittleelementary.org,41.831121,-87.612275,DOOLITTLE-Open Enrollment,<ul><li>GPA: N/A</li></ul>,"<ul><li><strong>Selection Type: </strong>Applicants are selected by random computerized lottery. If the program has priority groups, students in those groups are selected in the order listed.</li><li><strong>Priority: </strong>Sibling Preference,Staff Priority,Pre-K Preference,General</li><li><strong>Note: </strong>Open enrollment programs offer a well-rounded general education curriculum, focusing on core subjects like math, science, reading, and social studies. These programs serve a broad range of students without admissions screening or specialized academic focus. </li></ul>"
609887,DIXON,Arthur Dixon Elementary School,ES,https://www.cps.edu/schools/profiles/school-overview/DIXON,http://www.dixoneagles.org,41.743669,-87.609979,DIXON-Open Enrollment,<ul><li>GPA: N/A</li></ul>,"<ul><li><strong>Selection Type: </strong>Applicants are selected by random computerized lottery. If the program has priority groups, students in those groups are selected in the order listed.</li><li><strong>Priority: </strong>Sibling Preference,Staff Priority,Pre-K Preference,General</li><li><strong>Note: </strong>Open enrollment programs offer a well-rounded general education curriculum, focusing on core subjects like math, science, reading, and social studies. These programs serve a broad range of students without admissions screening or specialized academic focus. </li></ul>"
609964,HAMLINE,John H Hamline Elementary School,ES,https://www.cps.edu/schools/profiles/school-overview/HAMLINE,https://hamlinehawks.org,41.807242,-87.661175,HAMLINE-Open Enrollment,<ul><li>GPA: N/A</li></ul>,"<ul><li><strong>Selection Type: </strong>Applicants are selected by random computerized lottery. If the program has priority groups, students in those groups are selected in the order listed.</li><li><strong>Priority: </strong>Sibling Preference,Staff Priority,Pre-K Preference,General</li><li><strong>Note: </strong>Open enrollment programs offer a well-rounded general education curriculum, focusing on core subjects like math, science, reading, and social studies. These programs serve a broad range of students without admissions screening or specialized academic focus. </li></ul>"
609966,HAMMOND,Charles G Hammond Elementary School,ES,https://www.cps.edu/schools/profiles/school-overview/HAMMOND,http://hammond.cps.edu,41.852719,-87.696243,HAMMOND-Open Enrollment,<ul><li>GPA: N/A</li></ul>,"<ul><li><strong>Selection Type: </strong>Applicants are selected by random computerized lottery. If the program has priority groups, students in those groups are selected in the order listed.</li><li><strong>Priority: </strong>Sibling Preference,Staff Priority,Pre-K Preference,General</li><li><strong>Note: </strong>Open enrollment programs offer a well-rounded general education curriculum, focusing on core subjects like math, science, reading, and social studies. These programs serve a broad range of students without admissions screening or specialized academic focus. </li></ul>"
609967,FINKL,William F Finkl Elementary School,ES,https://www.cps.edu/schools/profiles/school-overview/FINKL,https://finklacademy.org,41.849215,-87.685668,FINKL-Open Enrollment,<ul><li>GPA: N/A</li></ul>,"<ul><li><strong>Selection Type: </strong>Applicants are selected by random computerized lottery. If the program has priority groups, students in those groups are selected in the order listed.</li><li><strong>Priority: </strong>Sibling Preference,Staff Priority,Pre-K Preference,General</li><li><strong>Note: </strong>Open enrollment programs offer a well-rounded general education curriculum, focusing on core subjects like math, science, reading, and social studies. These programs serve a broad range of students without admissions screening or specialized academic focus. </li></ul>"
609968,MCAULIFFE,Sharon Christa McAuliffe Elementary School,ES,https://www.cps.edu/schools/profiles/school-overview/MCAULIFFE,,41.914816,-87.723931,MCAULIFFE-Open Enrollment,<ul><li>GPA: N/A</li></ul>,"<ul><li><strong>Selection Type: </strong>Applicants are selected by random computerized lottery. If the program has priority groups, students in those groups are selected in the order listed.</li><li><strong>Priority: </strong>Sibling Preference,Staff Priority,Pre-K Preference,General</li><li><strong>Note: </strong>Open enrollment programs offer a well-rounded general education curriculum, focusing on core subjects like math, science, reading, and social studies. These programs serve a broad range of students without admissions screening or specialized academic focus. </li></ul>"
609969,HARTE,Bret Harte Elementary School,ES,https://www.cps.edu/schools/profiles/school-overview/HARTE,http://www.harte.cps.edu,41.793447,-87.586855,HARTE-Open Enrollment,<ul><li>GPA: N/A</li></ul>,"<ul><li><strong>Selection Type: </strong>Applicants are selected by random computerized lottery. If the program has priority groups, students in those groups are selected in the order listed.</li><li><strong>Priority: </strong>Sibling Preference,Staff Priority,Pre-K Preference,General</li><li><strong>Note: </strong>Open enrollment programs offer a well-rounded general education curriculum, focusing on core subjects like math, science, reading, and social studies. These programs serve a broad range of students without admissions screening or specialized academic focus. </li></ul>"
609971,HARVARD,John Harvard Elementary School of Excellence,ES,https://www.cps.edu/schools/profiles/school-overview/HARVARD,https://harvardcougars.org,41.757341,-87.632737,HARVARD-Open Enrollment,<ul><li>GPA: N/A</li></ul>,"<ul><li><strong>Selection Type: </strong>Applicants are selected by random computerized lottery. If the program has priority groups, students in those groups are selected in the order listed.</li><li><strong>Priority: </strong>Sibling Preference,Staff Priority,Pre-K Preference,General</li><li><strong>Note: </strong>Open enrollment programs offer a well-rounded general education curriculum, focusing on core subjects like math, science, reading, and social studies. These programs serve a broad range of students without admissions screening or specialized academic focus. </li></ul>"
609973,ZAPATA,Emiliano Zapata Elementary Academy,ES,https://www.cps.edu/schools/profiles/school-overview/ZAPATA,http://zapata.cps.edu,41.841394,-87.734313,ZAPATA-Open Enrollment,<ul><li>GPA: N/A</li></ul>,"<ul><li><strong>Selection Type: </strong>Applicants are selected by random computerized lottery. If the program has priority groups, students in those groups are selected in the order listed.</li><li><strong>Priority: </strong>Sibling Preference,Staff Priority,Pre-K Preference,General</li><li><strong>Note: </strong>Open enrollment programs offer a well-rounded general education curriculum, focusing on core subjects like math, science, reading, and social studies. These programs serve a broad range of students without admissions screening or specialized academic focus. </li></ul>"
609972,HAUGAN,Helge A Haugan Elementary School,ES,https://www.cps.edu/schools/profiles/school-overview/HAUGAN,http://haugan.cps.edu,41.964029,-87.723128,HAUGAN-Open Enrollment,<ul><li>GPA: N/A</li></ul>,"<ul><li><strong>Selection Type: </strong>Applicants are selected by random computerized lottery. If the program has priority groups, students in those groups are selected in the order listed.</li><li><strong>Priority: </strong>Sibling Preference,Staff Priority,Pre-K Preference,General</li><li><strong>Note: </strong>Open enrollment programs offer a well-rounded general education curriculum, focusing on core subjects like math, science, reading, and social studies. These programs serve a broad range of students without admissions screening or specialized academic focus. </li></ul>"
609867,COOPER,Peter Cooper Elementary Dual Language Academy,ES,https://www.cps.edu/schools/profiles/school-overview/COOPER,http://cooper.cps.edu,41.856031,-87.667227,COOPER-Open Enrollment,<ul><li>GPA: N/A</li></ul>,"<ul><li><strong>Selection Type: </strong>Applicants are selected by random computerized lottery. If the program has priority groups, students in those groups are selected in the order listed.</li><li><strong>Priority: </strong>Sibling Preference,Staff Priority,Pre-K Preference,General</li><li><strong>Note: </strong>Open enrollment programs offer a well-rounded general education curriculum, focusing on core subjects like math, science, reading, and social studies. These programs serve a broad range of students without admissions screening or specialized academic focus. </li></ul>"
609867,COOPER,Peter Cooper Elementary Dual Language Academy,ES,https://www.cps.edu/schools/profiles/school-overview/COOPER,http://cooper.cps.edu,41.856031,-87.667227,COOPER-Dual Language,<ul><li>GPA: N/A</li></ul>,"<ul><li><strong>Selection Type: </strong>Applicants are selected by random computerized lottery. If the program has priority groups, students in those groups are selected in the order listed.</li><li><strong>Priority: </strong>Sibling Preference,Staff Priority,General,Pre-K Preference,General</li><li><strong>Note: </strong>One-way dual language programs provide instruction in two languages and are primarily intended to serve English Learners (ELs), former ELs, and heritage language learners. Students receive core instruction (language arts, math, science, social science) through a second language with the goal of all students becoming bilingual and biliterate in both languages. At this time, the instructional languages of all CPS dual language programs are Spanish and English. </li></ul>"
609869,LANGFORD,Anna R. Langford Community Academy,ES,https://www.cps.edu/schools/profiles/school-overview/LANGFORD,https://langfordacademy.org,41.784681,-87.657169,LANGFORD-Open Enrollment,<ul><li>GPA: N/A</li></ul>,"<ul><li><strong>Selection Type: </strong>Applicants are selected by random computerized lottery. If the program has priority groups, students in those groups are selected in the order listed.</li><li><strong>Priority: </strong>Sibling Preference,Staff Priority,Pre-K Preference,General</li><li><strong>Note: </strong>Open enrollment programs offer a well-rounded general education curriculum, focusing on core subjects like math, science, reading, and social studies. These programs serve a broad range of students without admissions screening or specialized academic focus. </li></ul>"
609870,CORKERY,Daniel J Corkery Elementary School,ES,https://www.cps.edu/schools/profiles/school-overview/CORKERY,https://corkery.cps.edu,41.845602,-87.731193,CORKERY-Open Enrollment,<ul><li>GPA: N/A</li></ul>,"<ul><li><strong>Selection Type: </strong>Applicants are selected by random computerized lottery. If the program has priority groups, students in those groups are selected in the order listed.</li><li><strong>Priority: </strong>Sibling Preference,Staff Priority,Pre-K Preference,General</li><li><strong>Note: </strong>Open enrollment programs offer a well-rounded general education curriculum, focusing on core subjects like math, science, reading, and social studies. These programs serve a broad range of students without admissions screening or specialized academic focus. </li></ul>"
609872,PEREZ,Manuel Perez Elementary School,ES,https://www.cps.edu/schools/profiles/school-overview/PEREZ,https://perezelementary.org/,41.856029,-87.65798,PEREZ-Fine & Performing Arts,<ul><li>GPA: N/A</li></ul>,"<ul><li><strong>Selection Type: </strong>Applicants are selected by random computerized lottery. If the program has priority groups, students in those groups are selected in the order listed.</li><li><strong>Priority: </strong>Sibling Preference,Staff Priority,Pre-K Preference,General</li><li><strong>Note: </strong>This program provides a comprehensive general education curriculum across all core academic subjects, with a focus on Fine & Performing Arts as an enriching complement to the standard coursework. Arts teachers in Fine & Performing Arts schools work with students and other classroom teachers to provide intensive and integrated instruction in the arts. Students are exposed to various arts opportunities and environments, and have the opportunity to learn and grow in multiple art forms: dance, drama, media arts, music, and/or visual arts. </li></ul>"
609874,DIRKSEN,Everett McKinley Dirksen Elementary School,ES,https://www.cps.edu/schools/profiles/school-overview/DIRKSEN,http://dirksen.cps.edu,41.973715,-87.841041,DIRKSEN-Open Enrollment,<ul><li>GPA: N/A</li></ul>,"<ul><li><strong>Selection Type: </strong>Applicants are selected by random computerized lottery. If the program has priority groups, students in those groups are selected in the order listed.</li><li><strong>Priority: </strong>Sibling Preference,Staff Priority,Pre-K Preference,General</li><li><strong>Note: </strong>Open enrollment programs offer a well-rounded general education curriculum, focusing on core subjects like math, science, reading, and social studies. These programs serve a broad range of students without admissions screening or specialized academic focus. </li></ul>"
609873,CROWN,Crown Community Academy of Fine Arts Center ES,ES,https://www.cps.edu/schools/profiles/school-overview/CROWN,https://crown.cps.edu,41.852663,-87.71247,CROWN-Fine & Performing Arts,<ul><li>GPA: N/A</li></ul>,"<ul><li><strong>Selection Type: </strong>Applicants are selected by random computerized lottery. If the program has priority groups, students in those groups are selected in the order listed.</li><li><strong>Priority: </strong>Sibling Preference,Staff Priority,General</li><li><strong>Note: </strong>This program provides a comprehensive general education curriculum across all core academic subjects, with a focus on Fine & Performing Arts as an enriching complement to the standard coursework. Arts teachers in Fine & Performing Arts schools work with students and other classroom teachers to provide intensive and integrated instruction in the arts. Students are exposed to various arts opportunities and environments, and have the opportunity to learn and grow in multiple art forms: dance, drama, media arts, music, and/or visual arts. </li></ul>"
609875,DARWIN,Charles R Darwin Elementary School,ES,https://www.cps.edu/schools/profiles/school-overview/DARWIN,https://www.darwin.cps.edu,41.923323,-87.705413,DARWIN-World Language,<ul><li>GPA: N/A</li></ul>,"<ul><li><strong>Selection Type: </strong>Applicants are selected by random computerized lottery. If the program has priority groups, students in those groups are selected in the order listed.</li><li><strong>Priority: </strong>Sibling Preference,Staff Priority,Pre-K Preference,General</li><li><strong>Note: </strong>World language programs provide students with intensive instruction in a world language to acquire proficiency in the new language as well as develop cultural understanding and awareness. For information on the specific language(s) offered within this program, please reach out to the school directly. </li></ul>"
609875,DARWIN,Charles R Darwin Elementary School,ES,https://www.cps.edu/schools/profiles/school-overview/DARWIN,https://www.darwin.cps.edu,41.923323,-87.705413,DARWIN-Dual Language,<ul><li>GPA: N/A</li></ul>,"<ul><li><strong>Selection Type: </strong>Applicants are selected by random computerized lottery. If the program has priority groups, students in those groups are selected in the order listed.</li><li><strong>Priority: </strong>Sibling Preference,Staff Priority,General,Pre-K Preference,General</li><li><strong>Note: </strong>One-way dual language programs provide instruction in two languages and are primarily intended to serve English Learners (ELs), former ELs, and heritage language learners. Students receive core instruction (language arts, math, science, social science) through a second language with the goal of all students becoming bilingual and biliterate in both languages. At this time, the instructional languages of all CPS dual language programs are Spanish and English. </li></ul>"
609876,DAVIS N,Nathan S Davis Elementary School,ES,https://www.cps.edu/schools/profiles/school-overview/DAVIS-N,http://nathansdavis.cps.edu,41.821852,-87.700202,DAVIS N-Open Enrollment,<ul><li>GPA: N/A</li></ul>,"<ul><li><strong>Selection Type: </strong>Applicants are selected by random computerized lottery. If the program has priority groups, students in those groups are selected in the order listed.</li><li><strong>Priority: </strong>Sibling Preference,Staff Priority,Pre-K Preference,General</li><li><strong>Note: </strong>Open enrollment programs offer a well-rounded general education curriculum, focusing on core subjects like math, science, reading, and social studies. These programs serve a broad range of students without admissions screening or specialized academic focus. </li></ul>"
609876,DAVIS N,Nathan S Davis Elementary School,ES,https://www.cps.edu/schools/profiles/school-overview/DAVIS-N,http://nathansdavis.cps.edu,41.821852,-87.700202,DAVIS N-Dual Language,<ul><li>GPA: N/A</li></ul>,"<ul><li><strong>Selection Type: </strong>Applicants are selected by random computerized lottery. If the program has priority groups, students in those groups are selected in the order listed.</li><li><strong>Priority: </strong>Sibling Preference,Staff Priority,General,Pre-K Preference,General</li><li><strong>Note: </strong>One-way dual language programs provide instruction in two languages and are primarily intended to serve English Learners (ELs), former ELs, and heritage language learners. Students receive core instruction (language arts, math, science, social science) through a second language with the goal of all students becoming bilingual and biliterate in both languages. At this time, the instructional languages of all CPS dual language programs are Spanish and English. </li></ul>"
609883,DENEEN,Charles S Deneen Elementary School,ES,https://www.cps.edu/schools/profiles/school-overview/DENEEN,https://deneen.cps.edu,41.76249,-87.623345,DENEEN-Open Enrollment,<ul><li>GPA: N/A</li></ul>,"<ul><li><strong>Selection Type: </strong>Applicants are selected by random computerized lottery. If the program has priority groups, students in those groups are selected in the order listed.</li><li><strong>Priority: </strong>Sibling Preference,Staff Priority,Pre-K Preference,General</li><li><strong>Note: </strong>Open enrollment programs offer a well-rounded general education curriculum, focusing on core subjects like math, science, reading, and social studies. These programs serve a broad range of students without admissions screening or specialized academic focus. </li></ul>"
609879,DAWES,Charles Gates Dawes Elementary School,ES,https://www.cps.edu/schools/profiles/school-overview/DAWES,https://dawes.cps.edu,41.745078,-87.717353,DAWES-Fine & Performing Arts,<ul><li>GPA: N/A</li></ul>,"<ul><li><strong>Selection Type: </strong>Applicants are selected by random computerized lottery. If the program has priority groups, students in those groups are selected in the order listed.</li><li><strong>Priority: </strong>Sibling Preference,Staff Priority,Pre-K Preference,General</li><li><strong>Note: </strong>This program provides a comprehensive general education curriculum across all core academic subjects, with a focus on Fine & Performing Arts as an enriching complement to the standard coursework. Arts teachers in Fine & Performing Arts schools work with students and other classroom teachers to provide intensive and integrated instruction in the arts. Students are exposed to various arts opportunities and environments, and have the opportunity to learn and grow in multiple art forms: dance, drama, media arts, music, and/or visual arts. </li></ul>"
610094,NETTELHORST,Louis Nettelhorst Elementary School,ES,https://www.cps.edu/schools/profiles/school-overview/NETTELHORST,https://nettelhorst.org,41.941637,-87.644561,NETTELHORST-Fine & Performing Arts,<ul><li>GPA: N/A</li></ul>,"<ul><li><strong>Selection Type: </strong>Applicants are selected by random computerized lottery. If the program has priority groups, students in those groups are selected in the order listed.</li><li><strong>Priority: </strong>Sibling Preference,Staff Priority,Pre-K Preference,General</li><li><strong>Note: </strong>This program provides a comprehensive general education curriculum across all core academic subjects, with a focus on Fine & Performing Arts as an enriching complement to the standard coursework. Arts teachers in Fine & Performing Arts schools work with students and other classroom teachers to provide intensive and integrated instruction in the arts. Students are exposed to various arts opportunities and environments, and have the opportunity to learn and grow in multiple art forms: dance, drama, media arts, music, and/or visual arts. </li></ul>"
610096,NIGHTINGALE,Florence Nightingale Elementary School,ES,https://www.cps.edu/schools/profiles/school-overview/NIGHTINGALE,http://nightingale.cps.edu,41.797714,-87.689139,NIGHTINGALE-Open Enrollment,<ul><li>GPA: N/A</li></ul>,"<ul><li><strong>Selection Type: </strong>Applicants are selected by random computerized lottery. If the program has priority groups, students in those groups are selected in the order listed.</li><li><strong>Priority: </strong>Sibling Preference,Staff Priority,Pre-K Preference,General</li><li><strong>Note: </strong>Open enrollment programs offer a well-rounded general education curriculum, focusing on core subjects like math, science, reading, and social studies. These programs serve a broad range of students without admissions screening or specialized academic focus. </li></ul>"
610097,NIXON,William P Nixon Elementary School,ES,https://www.cps.edu/schools/profiles/school-overview/NIXON,http://nixon.cps.edu,41.919581,-87.73142,NIXON-Open Enrollment,<ul><li>GPA: N/A</li></ul>,"<ul><li><strong>Selection Type: </strong>Applicants are selected by random computerized lottery. If the program has priority groups, students in those groups are selected in the order listed.</li><li><strong>Priority: </strong>Sibling Preference,Staff Priority,Pre-K Preference,General</li><li><strong>Note: </strong>Open enrollment programs offer a well-rounded general education curriculum, focusing on core subjects like math, science, reading, and social studies. These programs serve a broad range of students without admissions screening or specialized academic focus. </li></ul>"
610097,NIXON,William P Nixon Elementary School,ES,https://www.cps.edu/schools/profiles/school-overview/NIXON,http://nixon.cps.edu,41.919581,-87.73142,NIXON-Dual Language,<ul><li>GPA: N/A</li></ul>,"<ul><li><strong>Selection Type: </strong>Applicants are selected by random computerized lottery. If the program has priority groups, students in those groups are selected in the order listed.</li><li><strong>Priority: </strong>Sibling Preference,Staff Priority,General,Pre-K Preference,General</li><li><strong>Note: </strong>One-way dual language programs provide instruction in two languages and are primarily intended to serve English Learners (ELs), former ELs, and heritage language learners. Students receive core instruction (language arts, math, science, social science) through a second language with the goal of all students becoming bilingual and biliterate in both languages. At this time, the instructional languages of all CPS dual language programs are Spanish and English. </li></ul>"
610098,NOBEL,Alfred Nobel Elementary School,ES,https://www.cps.edu/schools/profiles/school-overview/NOBEL,http://nobel.cps.edu/,41.906155,-87.729955,NOBEL-Open Enrollment,<ul><li>GPA: N/A</li></ul>,"<ul><li><strong>Selection Type: </strong>Applicants are selected by random computerized lottery. If the program has priority groups, students in those groups are selected in the order listed.</li><li><strong>Priority: </strong>Sibling Preference,Staff Priority,Pre-K Preference,General</li><li><strong>Note: </strong>Open enrollment programs offer a well-rounded general education curriculum, focusing on core subjects like math, science, reading, and social studies. These programs serve a broad range of students without admissions screening or specialized academic focus. </li></ul>"
610098,NOBEL,Alfred Nobel Elementary School,ES,https://www.cps.edu/schools/profiles/school-overview/NOBEL,http://nobel.cps.edu/,41.906155,-87.729955,NOBEL-Dual Language,<ul><li>GPA: N/A</li></ul>,"<ul><li><strong>Selection Type: </strong>Applicants are selected by random computerized lottery. If the program has priority groups, students in those groups are selected in the order listed.</li><li><strong>Priority: </strong>Sibling Preference,Staff Priority,General,Pre-K Preference,General</li><li><strong>Note: </strong>One-way dual language programs provide instruction in two languages and are primarily intended to serve English Learners (ELs), former ELs, and heritage language learners. Students receive core instruction (language arts, math, science, social science) through a second language with the goal of all students becoming bilingual and biliterate in both languages. At this time, the instructional languages of all CPS dual language programs are Spanish and English. </li></ul>"
610103,OKEEFFE,Isabelle C O'Keeffe Elementary School,ES,https://www.cps.edu/schools/profiles/school-overview/OKEEFFE,https://okeeffesoe.org,41.768602,-87.572806,OKEEFFE-Open Enrollment,<ul><li>GPA: N/A</li></ul>,"<ul><li><strong>Selection Type: </strong>Applicants are selected by random computerized lottery. If the program has priority groups, students in those groups are selected in the order listed.</li><li><strong>Priority: </strong>Sibling Preference,Staff Priority,Pre-K Preference,General</li><li><strong>Note: </strong>Open enrollment programs offer a well-rounded general education curriculum, focusing on core subjects like math, science, reading, and social studies. These programs serve a broad range of students without admissions screening or specialized academic focus. </li></ul>"
610101,OGDEN ES,William B Ogden Elementary School,ES,https://www.cps.edu/schools/profiles/school-overview/OGDEN-ES,https://ogden.cps.edu,41.899976,-87.629297,OGDEN ES-IB Primary Years Programme,<ul><li>GPA: N/A</li></ul>,"<ul><li><strong>Selection Type: </strong>Applicants are selected by random computerized lottery. If the program has priority groups, students in those groups are selected in the order listed.</li><li><strong>Priority: </strong>Sibling Preference,Staff Priority,Pre-K Preference,General</li><li><strong>Note: </strong>International Baccalaureate (IB) programmes are designed to develop well-rounded individuals who can respond to today's challenges with optimism and an open mind. The Primary Years Programme (PYP) is a student-centered approach to education that offers an inquiry-based, transdisciplinary curriculum framework that builds conceptual understanding. </li></ul>"
610101,OGDEN ES,William B Ogden Elementary School,ES,https://www.cps.edu/schools/profiles/school-overview/OGDEN-ES,https://ogden.cps.edu,41.899976,-87.629297,OGDEN ES-IB Middle Years Programme,<ul><li>GPA: N/A</li></ul>,"<ul><li><strong>Selection Type: </strong>Applicants are selected by random computerized lottery. If the program has priority groups, students in those groups are selected in the order listed.</li><li><strong>Priority: </strong>Sibling Preference,General</li><li><strong>Note: </strong>International Baccalaureate (IB) programmes are designed to develop well-rounded individuals who can respond to today's challenges with optimism and an open mind. The Middle Years Programme (MYP) is a rigorous and highly flexible framework that encourages students to make practical connections between their studies and the real world, preparing them for success in further study and in life. </li></ul>"
610102,OGLESBY,Richard J Oglesby Elementary School,ES,https://www.cps.edu/schools/profiles/school-overview/OGLESBY,https://oglesby.cps.edu,41.75467,-87.645469,OGLESBY-Open Enrollment,<ul><li>GPA: N/A</li></ul>,"<ul><li><strong>Selection Type: </strong>Applicants are selected by random computerized lottery. If the program has priority groups, students in those groups are selected in the order listed.</li><li><strong>Priority: </strong>Sibling Preference,Staff Priority,Pre-K Preference,General</li><li><strong>Note: </strong>Open enrollment programs offer a well-rounded general education curriculum, focusing on core subjects like math, science, reading, and social studies. These programs serve a broad range of students without admissions screening or specialized academic focus. </li></ul>"
610104,ONAHAN,William J Onahan Elementary School,ES,https://www.cps.edu/schools/profiles/school-overview/ONAHAN,https://onahanschool.org,41.99379,-87.793108,ONAHAN-Open Enrollment,<ul><li>GPA: N/A</li></ul>,"<ul><li><strong>Selection Type: </strong>Applicants are selected by random computerized lottery. If the program has priority groups, students in those groups are selected in the order listed.</li><li><strong>Priority: </strong>Sibling Preference,Staff Priority,Pre-K Preference,General</li><li><strong>Note: </strong>Open enrollment programs offer a well-rounded general education curriculum, focusing on core subjects like math, science, reading, and social studies. These programs serve a broad range of students without admissions screening or specialized academic focus. </li></ul>"
610105,ORIOLE PARK,Oriole Park Elementary School,ES,https://www.cps.edu/schools/profiles/school-overview/ORIOLE-PARK,https://orioleparkschool.com,41.978501,-87.812054,ORIOLE PARK-Open Enrollment,<ul><li>GPA: N/A</li></ul>,"<ul><li><strong>Selection Type: </strong>Applicants are selected by random computerized lottery. If the program has priority groups, students in those groups are selected in the order listed.</li><li><strong>Priority: </strong>Sibling Preference,Staff Priority,Pre-K Preference,General</li><li><strong>Note: </strong>Open enrollment programs offer a well-rounded general education curriculum, focusing on core subjects like math, science, reading, and social studies. These programs serve a broad range of students without admissions screening or specialized academic focus. </li></ul>"
610106,PICCOLO,Brian Piccolo Elementary Specialty School,ES,https://www.cps.edu/schools/profiles/school-overview/PICCOLO,https://piccoloschoolofexcellence.org,41.90014,-87.731261,PICCOLO-Open Enrollment,<ul><li>GPA: N/A</li></ul>,"<ul><li><strong>Selection Type: </strong>Applicants are selected by random computerized lottery. If the program has priority groups, students in those groups are selected in the order listed.</li><li><strong>Priority: </strong>Sibling Preference,Staff Priority,Pre-K Preference,General</li><li><strong>Note: </strong>Open enrollment programs offer a well-rounded general education curriculum, focusing on core subjects like math, science, reading, and social studies. These programs serve a broad range of students without admissions screening or specialized academic focus. </li></ul>"
610107,OTIS,James Otis Elementary School,ES,https://www.cps.edu/schools/profiles/school-overview/OTIS,https://otis.cps.edu,41.891806,-87.665426,OTIS-World Language & Personalized Learning,<ul><li>GPA: N/A</li></ul>,"<ul><li><strong>Selection Type: </strong>Applicants are selected by random computerized lottery. If the program has priority groups, students in those groups are selected in the order listed.</li><li><strong>Priority: </strong>Sibling Preference,Staff Priority,Pre-K Preference,General</li><li><strong>Note: </strong>Personalized learning is a learner-driven instructional model that fosters 21st century skills by empowering every student to actively co-design their learning path, pace, and environment according to their individual needs, strengths, and interests. Simply put, at the core of personalized learning is learner agency.

World language programs provide students with intensive instruction in a world language to acquire proficiency in the new language as well as develop cultural understanding and awareness. For information on the specific language(s) offered within this program, please reach out to the school directly. </li></ul>"
610108,OTOOLE,Luke O'Toole Elementary School,ES,https://www.cps.edu/schools/profiles/school-overview/OTOOLE,https://otoolelions.org,41.774571,-87.674865,OTOOLE-Open Enrollment,<ul><li>GPA: N/A</li></ul>,"<ul><li><strong>Selection Type: </strong>Applicants are selected by random computerized lottery. If the program has priority groups, students in those groups are selected in the order listed.</li><li><strong>Priority: </strong>Sibling Preference,Staff Priority,Pre-K Preference,General</li><li><strong>Note: </strong>Open enrollment programs offer a well-rounded general education curriculum, focusing on core subjects like math, science, reading, and social studies. These programs serve a broad range of students without admissions screening or specialized academic focus. </li></ul>"
610111,PALMER,John Palmer Elementary School,ES,https://www.cps.edu/schools/profiles/school-overview/PALMER,https://palmerpride.org,41.973289,-87.739213,PALMER-Open Enrollment,<ul><li>GPA: N/A</li></ul>,"<ul><li><strong>Selection Type: </strong>Applicants are selected by random computerized lottery. If the program has priority groups, students in those groups are selected in the order listed.</li><li><strong>Priority: </strong>Sibling Preference,Staff Priority,Pre-K Preference,General</li><li><strong>Note: </strong>Open enrollment programs offer a well-rounded general education curriculum, focusing on core subjects like math, science, reading, and social studies. These programs serve a broad range of students without admissions screening or specialized academic focus. </li></ul>"
610112,PARKER,Francis W Parker Elementary Community Academy,ES,https://www.cps.edu/schools/profiles/school-overview/PARKER,https://parker.cps.edu,41.77078,-87.634086,PARKER-Open Enrollment,<ul><li>GPA: N/A</li></ul>,"<ul><li><strong>Selection Type: </strong>Applicants are selected by random computerized lottery. If the program has priority groups, students in those groups are selected in the order listed.</li><li><strong>Priority: </strong>Sibling Preference,Staff Priority,Pre-K Preference,General</li><li><strong>Note: </strong>Open enrollment programs offer a well-rounded general education curriculum, focusing on core subjects like math, science, reading, and social studies. These programs serve a broad range of students without admissions screening or specialized academic focus. </li></ul>"
610115,PARK MANOR,Park Manor Elementary School,ES,https://www.cps.edu/schools/profiles/school-overview/PARK-MANOR,https://www.parkmanor.cps.edu,41.766477,-87.611546,PARK MANOR-Open Enrollment,<ul><li>GPA: N/A</li></ul>,"<ul><li><strong>Selection Type: </strong>Applicants are selected by random computerized lottery. If the program has priority groups, students in those groups are selected in the order listed.</li><li><strong>Priority: </strong>Sibling Preference,Staff Priority,Pre-K Preference,General</li><li><strong>Note: </strong>Open enrollment programs offer a well-rounded general education curriculum, focusing on core subjects like math, science, reading, and social studies. These programs serve a broad range of students without admissions screening or specialized academic focus. </li></ul>"
610116,PARKSIDE,Parkside Elementary Community Academy,ES,https://www.cps.edu/schools/profiles/school-overview/PARKSIDE,https://parksideacademy.org,41.768555,-87.582954,PARKSIDE-STEAM,<ul><li>GPA: N/A</li></ul>,"<ul><li><strong>Selection Type: </strong>Applicants are selected by random computerized lottery. If the program has priority groups, students in those groups are selected in the order listed.</li><li><strong>Priority: </strong>Sibling Preference,Staff Priority,Pre-K Preference,General</li><li><strong>Note: </strong>Schools with a STEAM specialization provide whole-school integrated Science, Technology, Engineering, Arts, and Math (STEAM) programming. In STEAM classrooms, students will: actively make sense of and construct solutions to complex questions; productively contribute to the learning community to support a culture of collaboration, risk-taking, and innovation; and regularly reflect on and communicate their understanding of disciplinary ideas. STEAM programs additionally incorporate arts education into the STEM curriculum. </li></ul>"
610117,PASTEUR,Louis Pasteur Elementary School,ES,https://www.cps.edu/schools/profiles/school-overview/PASTEUR,http://pasteur.cps.edu,41.786895,-87.732666,PASTEUR-Open Enrollment,<ul><li>GPA: N/A</li></ul>,"<ul><li><strong>Selection Type: </strong>Applicants are selected by random computerized lottery. If the program has priority groups, students in those groups are selected in the order listed.</li><li><strong>Priority: </strong>Sibling Preference,Staff Priority,Pre-K Preference,General</li><li><strong>Note: </strong>Open enrollment programs offer a well-rounded general education curriculum, focusing on core subjects like math, science, reading, and social studies. These programs serve a broad range of students without admissions screening or specialized academic focus. </li></ul>"
610120,PECK,Ferdinand Peck Elementary School,ES,https://www.cps.edu/schools/profiles/school-overview/PECK,https://peckelementary.org,41.787899,-87.719216,PECK-STEM,<ul><li>GPA: N/A</li></ul>,"<ul><li><strong>Selection Type: </strong>Applicants are selected by random computerized lottery. If the program has priority groups, students in those groups are selected in the order listed.</li><li><strong>Priority: </strong>Sibling Preference,Staff Priority,Pre-K Preference,General</li><li><strong>Note: </strong>Schools with a STEM specialization provide whole-school integrated Science, Technology, Engineering, and Math (STEM) programming. In STEM classrooms, students will: actively make sense of and construct solutions to complex questions; productively contribute to the learning community to support a culture of collaboration, risk-taking, and innovation; and regularly reflect on and communicate their understanding of disciplinary ideas. </li></ul>"
610123,PENN,William Penn Elementary School,ES,https://www.cps.edu/schools/profiles/school-overview/PENN,https://penn.cps.edu,41.858372,-87.722386,PENN-Open Enrollment,<ul><li>GPA: N/A</li></ul>,"<ul><li><strong>Selection Type: </strong>Applicants are selected by random computerized lottery. If the program has priority groups, students in those groups are selected in the order listed.</li><li><strong>Priority: </strong>Sibling Preference,Staff Priority,Pre-K Preference,General</li><li><strong>Note: </strong>Open enrollment programs offer a well-rounded general education curriculum, focusing on core subjects like math, science, reading, and social studies. These programs serve a broad range of students without admissions screening or specialized academic focus. </li></ul>"
610125,RUIZ,Irma C Ruiz Elementary School,ES,https://www.cps.edu/schools/profiles/school-overview/RUIZ,https://ruizelementaryschool.org,41.848101,-87.680745,RUIZ-Fine & Performing Arts,<ul><li>GPA: N/A</li></ul>,"<ul><li><strong>Selection Type: </strong>Applicants are selected by random computerized lottery. If the program has priority groups, students in those groups are selected in the order listed.</li><li><strong>Priority: </strong>Sibling Preference,Staff Priority,Pre-K Preference,General</li><li><strong>Note: </strong>This program provides a comprehensive general education curriculum across all core academic subjects, with a focus on Fine & Performing Arts as an enriching complement to the standard coursework. Arts teachers in Fine & Performing Arts schools work with students and other classroom teachers to provide intensive and integrated instruction in the arts. Students are exposed to various arts opportunities and environments, and have the opportunity to learn and grow in multiple art forms: dance, drama, media arts, music, and/or visual arts. </li></ul>"
610602,FUENTES,Carlos Fuentes Elementary School,ES,https://www.cps.edu/schools/profiles/school-overview/FUENTES,https://fuentes.cps.edu,0,0,FUENTES-Open Enrollment,<ul><li>GPA: N/A</li></ul>,"<ul><li><strong>Selection Type: </strong>Applicants are selected by random computerized lottery. If the program has priority groups, students in those groups are selected in the order listed.</li><li><strong>Priority: </strong>Sibling Preference,Staff Priority,Overlay Preference,General</li><li><strong>Note: </strong>Open enrollment programs offer a well-rounded general education curriculum, focusing on core subjects like math, science, reading, and social studies. These programs serve a broad range of students without admissions screening or specialized academic focus. </li></ul>"
610070,MCPHERSON,James B McPherson Elementary School,ES,https://www.cps.edu/schools/profiles/school-overview/MCPHERSON,https://mcphersonib.org,41.967847,-87.676288,MCPHERSON-Regional Gifted Center (K),<ul><li>GPA: N/A</li></ul>,"<ul><li><strong>Priority: </strong>Rank,Tier</li><li><strong>Note: </strong>Regional Gifted Centers provide an accelerated instructional program that places an emphasis on thinking, reasoning, problem-solving, and creativity. Students in Gifted programs typically receive instruction that is one to two grades above grade level. </li></ul>"
610070,MCPHERSON,James B McPherson Elementary School,ES,https://www.cps.edu/schools/profiles/school-overview/MCPHERSON,https://mcphersonib.org,41.967847,-87.676288,MCPHERSON-Regional Gifted Center (1-4),<ul><li>GPA: N/A</li></ul>,"<ul><li><strong>Priority: </strong>General</li><li><strong>Note: </strong>Regional Gifted Centers provide an accelerated instructional program that places an emphasis on thinking, reasoning, problem-solving, and creativity. Students in Gifted programs typically receive instruction that is one to two grades above grade level. </li></ul>"
610070,MCPHERSON,James B McPherson Elementary School,ES,https://www.cps.edu/schools/profiles/school-overview/MCPHERSON,https://mcphersonib.org,41.967847,-87.676288,MCPHERSON-Regional Gifted Center (5-6),<ul><li>GPA: 3.00</li></ul>,"<ul><li><strong>Priority: </strong>General</li><li><strong>Note: </strong><strong>Note: </strong>This program will expand to grade 6 for the <u>2026-27</u> school year.

Regional Gifted Centers provide an accelerated instructional program that places an emphasis on thinking, reasoning, problem-solving, and creativity. Students in Gifted programs typically receive instruction that is one to two grades above grade level. </li></ul>"
610070,MCPHERSON,James B McPherson Elementary School,ES,https://www.cps.edu/schools/profiles/school-overview/MCPHERSON,https://mcphersonib.org,41.967847,-87.676288,MCPHERSON-IB Primary Years Programme,<ul><li>GPA: N/A</li></ul>,"<ul><li><strong>Selection Type: </strong>Applicants are selected by random computerized lottery. If the program has priority groups, students in those groups are selected in the order listed.</li><li><strong>Priority: </strong>Sibling Preference,Staff Priority,Pre-K Preference,General</li><li><strong>Note: </strong>International Baccalaureate (IB) programmes are designed to develop well-rounded individuals who can respond to today's challenges with optimism and an open mind. The Primary Years Programme (PYP) is a student-centered approach to education that offers an inquiry-based, transdisciplinary curriculum framework that builds conceptual understanding. </li></ul>"
610070,MCPHERSON,James B McPherson Elementary School,ES,https://www.cps.edu/schools/profiles/school-overview/MCPHERSON,https://mcphersonib.org,41.967847,-87.676288,MCPHERSON-IB Middle Years Programme,<ul><li>GPA: N/A</li></ul>,"<ul><li><strong>Selection Type: </strong>Applicants are selected by random computerized lottery. If the program has priority groups, students in those groups are selected in the order listed.</li><li><strong>Priority: </strong>Sibling Preference,General</li><li><strong>Note: </strong>International Baccalaureate (IB) programmes are designed to develop well-rounded individuals who can respond to today's challenges with optimism and an open mind. The Middle Years Programme (MYP) is a rigorous and highly flexible framework that encourages students to make practical connections between their studies and the real world, preparing them for success in further study and in life. </li></ul>"
610073,MITCHELL,Ellen Mitchell Elementary School,ES,https://www.cps.edu/schools/profiles/school-overview/MITCHELL,https://mitchellschool.org,41.892082,-87.683185,MITCHELL-Open Enrollment,<ul><li>GPA: N/A</li></ul>,"<ul><li><strong>Selection Type: </strong>Applicants are selected by random computerized lottery. If the program has priority groups, students in those groups are selected in the order listed.</li><li><strong>Priority: </strong>Sibling Preference,Staff Priority,Pre-K Preference,General</li><li><strong>Note: </strong>Open enrollment programs offer a well-rounded general education curriculum, focusing on core subjects like math, science, reading, and social studies. These programs serve a broad range of students without admissions screening or specialized academic focus. </li></ul>"
610082,MOUNT GREENWOOD,Mount Greenwood Elementary School,ES,https://www.cps.edu/schools/profiles/school-overview/MOUNT-GREENWOOD,https://mtgreenwood.cps.edu,41.695734,-87.70581,MOUNT GREENWOOD-Open Enrollment,<ul><li>GPA: N/A</li></ul>,"<ul><li><strong>Selection Type: </strong>Applicants are selected by random computerized lottery. If the program has priority groups, students in those groups are selected in the order listed.</li><li><strong>Priority: </strong>Sibling Preference,Staff Priority,Pre-K Preference,General</li><li><strong>Note: </strong>Open enrollment programs offer a well-rounded general education curriculum, focusing on core subjects like math, science, reading, and social studies. These programs serve a broad range of students without admissions screening or specialized academic focus. </li></ul>"
610074,LOGAN SQUARE,Logan Square Elementary School,ES,https://www.cps.edu/schools/profiles/school-overview/LOGAN-SQUARE,https://jamesmonroeschool.org,41.929989,-87.719224,"LOGAN SQUARE-World Language, Personalized Learning",<ul><li>GPA: N/A</li></ul>,"<ul><li><strong>Selection Type: </strong>Applicants are selected by random computerized lottery. If the program has priority groups, students in those groups are selected in the order listed.</li><li><strong>Priority: </strong>Sibling Preference,Staff Priority,Pre-K Preference,General</li><li><strong>Note: </strong>World language programs provide students with intensive instruction in a world language to acquire proficiency in the new language as well as develop cultural understanding and awareness. For information on the specific language(s) offered within this program, please reach out to the school directly.

Personalized learning is a learner-driven instructional model that fosters 21st century skills by empowering every student to actively co-design their learning path, pace, and environment according to their individual needs, strengths, and interests. Simply put, at the core of personalized learning is learner agency. </li></ul>"
610076,MOOS,Bernhard Moos Elementary School,ES,https://www.cps.edu/schools/profiles/school-overview/MOOS,https://mooselementary.org,41.912505,-87.696941,MOOS-Dual Language,<ul><li>GPA: N/A</li></ul>,"<ul><li><strong>Selection Type: </strong>Applicants are selected by random computerized lottery. If the program has priority groups, students in those groups are selected in the order listed.</li><li><strong>Priority: </strong>Sibling Preference,Staff Priority,General,Pre-K Preference,General</li><li><strong>Note: </strong>Two-way dual language programs aim for a 50:50 balance of English Learners (ELs) and non-ELs in the classroom. Students serve as language models to each other as they acquire the second language. Two-way dual language programs provide instruction in two languages: Spanish and English. Students receive core instruction (language arts, math, science, social science) through a second language with the goal of all students becoming bilingual and biliterate in both Spanish and English. </li></ul>"
610076,MOOS,Bernhard Moos Elementary School,ES,https://www.cps.edu/schools/profiles/school-overview/MOOS,https://mooselementary.org,41.912505,-87.696941,MOOS-IB Middle Years Programme,<ul><li>GPA: N/A</li></ul>,"<ul><li><strong>Selection Type: </strong>Applicants are selected by random computerized lottery. If the program has priority groups, students in those groups are selected in the order listed.</li><li><strong>Priority: </strong>Sibling Preference,General</li><li><strong>Note: </strong>International Baccalaureate (IB) programmes are designed to develop well-rounded individuals who can respond to today's challenges with optimism and an open mind. The Middle Years Programme (MYP) is a rigorous and highly flexible framework that encourages students to make practical connections between their studies and the real world, preparing them for success in further study and in life. </li></ul>"
610076,MOOS,Bernhard Moos Elementary School,ES,https://www.cps.edu/schools/profiles/school-overview/MOOS,https://mooselementary.org,41.912505,-87.696941,MOOS-IB Primary Years Programme,<ul><li>GPA: N/A</li></ul>,"<ul><li><strong>Selection Type: </strong>Applicants are selected by random computerized lottery. If the program has priority groups, students in those groups are selected in the order listed.</li><li><strong>Priority: </strong>Sibling Preference,Staff Priority,Pre-K Preference,General</li><li><strong>Note: </strong>International Baccalaureate (IB) programmes are designed to develop well-rounded individuals who can respond to today's challenges with optimism and an open mind. The Primary Years Programme (PYP) is a student-centered approach to education that offers an inquiry-based, transdisciplinary curriculum framework that builds conceptual understanding. </li></ul>"
610086,MOUNT VERNON,Mount Vernon Elementary School,ES,https://www.cps.edu/schools/profiles/school-overview/MOUNT-VERNON,https://mtvernon.cps.edu,41.701952,-87.647652,MOUNT VERNON-Personalized Learning,<ul><li>GPA: N/A</li></ul>,"<ul><li><strong>Selection Type: </strong>Applicants are selected by random computerized lottery. If the program has priority groups, students in those groups are selected in the order listed.</li><li><strong>Priority: </strong>Sibling Preference,Staff Priority,Pre-K Preference,General</li><li><strong>Note: </strong>Personalized learning is a learner-driven instructional model that fosters 21st century skills by empowering every student to actively co-design their learning path, pace, and environment according to their individual needs, strengths, and interests. Simply put, at the core of personalized learning is learner agency. </li></ul>"
610088,MOZART,Wolfgang A Mozart Elementary School,ES,https://www.cps.edu/schools/profiles/school-overview/MOZART,https://mozartmustangs.org,41.92091,-87.721888,MOZART-Open Enrollment,<ul><li>GPA: N/A</li></ul>,"<ul><li><strong>Selection Type: </strong>Applicants are selected by random computerized lottery. If the program has priority groups, students in those groups are selected in the order listed.</li><li><strong>Priority: </strong>Sibling Preference,Staff Priority,Pre-K Preference,General</li><li><strong>Note: </strong>Open enrollment programs offer a well-rounded general education curriculum, focusing on core subjects like math, science, reading, and social studies. These programs serve a broad range of students without admissions screening or specialized academic focus. </li></ul>"
610088,MOZART,Wolfgang A Mozart Elementary School,ES,https://www.cps.edu/schools/profiles/school-overview/MOZART,https://mozartmustangs.org,41.92091,-87.721888,MOZART-Dual Language,<ul><li>GPA: N/A</li></ul>,"<ul><li><strong>Selection Type: </strong>Applicants are selected by random computerized lottery. If the program has priority groups, students in those groups are selected in the order listed.</li><li><strong>Priority: </strong>Sibling Preference,Staff Priority,General,Pre-K Preference,General</li><li><strong>Note: </strong>One-way dual language programs provide instruction in two languages and are primarily intended to serve English Learners (ELs), former ELs, and heritage language learners. Students receive core instruction (language arts, math, science, social science) through a second language with the goal of all students becoming bilingual and biliterate in both languages. At this time, the instructional languages of all CPS dual language programs are Spanish and English.

Neighborhood and out-of-boundary families, please contact Mozart's&nbsp;<strong>Dual Language Coordinator Carlos Cruz at <u>cccruz3@cps.edu</u> for more information on seat availability.</strong> </li></ul>"
610089,MURPHY,John B Murphy Elementary School,ES,https://www.cps.edu/schools/profiles/school-overview/MURPHY,http://www.murphy.cps.edu/,41.950078,-87.716832,MURPHY-Fine & Performing Arts,<ul><li>GPA: N/A</li></ul>,"<ul><li><strong>Selection Type: </strong>Applicants are selected by random computerized lottery. If the program has priority groups, students in those groups are selected in the order listed.</li><li><strong>Priority: </strong>Sibling Preference,Staff Priority,Pre-K Preference,General</li><li><strong>Note: </strong>This program provides a comprehensive general education curriculum across all core academic subjects, with a focus on Fine & Performing Arts as an enriching complement to the standard coursework. Arts teachers in Fine & Performing Arts schools work with students and other classroom teachers to provide intensive and integrated instruction in the arts. Students are exposed to various arts opportunities and environments, and have the opportunity to learn and grow in multiple art forms: dance, drama, media arts, music, and/or visual arts. </li></ul>"
610062,MIÑOSO,Minnie Miñoso Academy,ES,https://www.cps.edu/schools/profiles/school-overview/MIÑOSO,https://www.minosoacademy.org/,41.829993,-87.641103,MIÃ‘OSO-Open Enrollment,<ul><li>GPA: N/A</li></ul>,"<ul><li><strong>Selection Type: </strong>Applicants are selected by random computerized lottery. If the program has priority groups, students in those groups are selected in the order listed.</li><li><strong>Priority: </strong>Sibling Preference,Staff Priority,Pre-K Preference,General</li><li><strong>Note: </strong>Open enrollment programs offer a well-rounded general education curriculum, focusing on core subjects like math, science, reading, and social studies. These programs serve a broad range of students without admissions screening or specialized academic focus. </li></ul>"
610063,MCCORMICK,Cyrus H McCormick Elementary School,ES,https://www.cps.edu/schools/profiles/school-overview/MCCORMICK,https://mccormick.cps.edu,41.842267,-87.7063,MCCORMICK-World Language,<ul><li>GPA: N/A</li></ul>,"<ul><li><strong>Selection Type: </strong>Applicants are selected by random computerized lottery. If the program has priority groups, students in those groups are selected in the order listed.</li><li><strong>Priority: </strong>Sibling Preference,Staff Priority,Pre-K Preference,General</li><li><strong>Note: </strong>World language programs provide students with intensive instruction in a world language to acquire proficiency in the new language as well as develop cultural understanding and awareness. For information on the specific language(s) offered within this program, please reach out to the school directly. </li></ul>"
610065,TILL,Emmett Louis Till Math and Science Academy,ES,https://www.cps.edu/schools/profiles/school-overview/TILL,https://emmetttillelementary.com,41.775424,-87.609357,TILL-Fine & Performing Arts,<ul><li>GPA: N/A</li></ul>,"<ul><li><strong>Selection Type: </strong>Applicants are selected by random computerized lottery. If the program has priority groups, students in those groups are selected in the order listed.</li><li><strong>Priority: </strong>Sibling Preference,Staff Priority,Pre-K Preference,General</li><li><strong>Note: </strong>This program provides a comprehensive general education curriculum across all core academic subjects, with a focus on Fine & Performing Arts as an enriching complement to the standard coursework. Arts teachers in Fine & Performing Arts schools work with students and other classroom teachers to provide intensive and integrated instruction in the arts. Students are exposed to various arts opportunities and environments, and have the opportunity to learn and grow in multiple art forms: dance, drama, media arts, music, and/or visual arts. </li></ul>"
610067,MCKAY,Francis M McKay Elementary School,ES,https://www.cps.edu/schools/profiles/school-overview/MCKAY,https://mckayschool.org,41.768143,-87.691787,MCKAY-Open Enrollment,<ul><li>GPA: N/A</li></ul>,"<ul><li><strong>Selection Type: </strong>Applicants are selected by random computerized lottery. If the program has priority groups, students in those groups are selected in the order listed.</li><li><strong>Priority: </strong>Sibling Preference,Staff Priority,Pre-K Preference,General</li><li><strong>Note: </strong>Open enrollment programs offer a well-rounded general education curriculum, focusing on core subjects like math, science, reading, and social studies. These programs serve a broad range of students without admissions screening or specialized academic focus. </li></ul>"
610068,HANSON PARK,Hanson Park Elementary School,ES,https://www.cps.edu/schools/profiles/school-overview/HANSON-PARK,https://hanson.cps.edu,41.923955,-87.761515,HANSON PARK-Open Enrollment,<ul><li>GPA: N/A</li></ul>,"<ul><li><strong>Selection Type: </strong>Applicants are selected by random computerized lottery. If the program has priority groups, students in those groups are selected in the order listed.</li><li><strong>Priority: </strong>Sibling Preference,Staff Priority,Pre-K Preference,General</li><li><strong>Note: </strong>Open enrollment programs offer a well-rounded general education curriculum, focusing on core subjects like math, science, reading, and social studies. These programs serve a broad range of students without admissions screening or specialized academic focus. </li></ul>"
610052,MANN,Horace Mann Elementary School,ES,https://www.cps.edu/schools/profiles/school-overview/MANN,http://mann.cps.edu,41.748274,-87.574816,MANN-Open Enrollment,<ul><li>GPA: N/A</li></ul>,"<ul><li><strong>Selection Type: </strong>Applicants are selected by random computerized lottery. If the program has priority groups, students in those groups are selected in the order listed.</li><li><strong>Priority: </strong>Sibling Preference,Staff Priority,Pre-K Preference,General</li><li><strong>Note: </strong>Open enrollment programs offer a well-rounded general education curriculum, focusing on core subjects like math, science, reading, and social studies. These programs serve a broad range of students without admissions screening or specialized academic focus. </li></ul>"
610234,YATES,Richard Yates Elementary School,ES,https://www.cps.edu/schools/profiles/school-overview/YATES,https://www.yateselementary.org,41.915039,-87.70028,YATES-Open Enrollment,<ul><li>GPA: N/A</li></ul>,"<ul><li><strong>Selection Type: </strong>Applicants are selected by random computerized lottery. If the program has priority groups, students in those groups are selected in the order listed.</li><li><strong>Priority: </strong>Sibling Preference,Staff Priority,Pre-K Preference,General</li><li><strong>Note: </strong>Open enrollment programs offer a well-rounded general education curriculum, focusing on core subjects like math, science, reading, and social studies. These programs serve a broad range of students without admissions screening or specialized academic focus. </li></ul>"
610231,NATIONAL TEACHERS,National Teachers Elementary Academy,ES,https://www.cps.edu/schools/profiles/school-overview/NATIONAL-TEACHERS,https://ntacourage.org,41.8528,-87.629308,NATIONAL TEACHERS-Regional Gifted Center (1-4),<ul><li>GPA: N/A</li></ul>,"<ul><li><strong>Priority: </strong>General</li><li><strong>Note: </strong>Regional Gifted Centers provide an accelerated instructional program that places an emphasis on thinking, reasoning, problem-solving, and creativity. Students in Gifted programs typically receive instruction that is one to two grades above grade level. </li></ul>"
610231,NATIONAL TEACHERS,National Teachers Elementary Academy,ES,https://www.cps.edu/schools/profiles/school-overview/NATIONAL-TEACHERS,https://ntacourage.org,41.8528,-87.629308,NATIONAL TEACHERS-Regional Gifted Center (5-8),<ul><li>GPA: 3.00</li></ul>,"<ul><li><strong>Priority: </strong>General</li><li><strong>Note: </strong>Regional Gifted Centers provide an accelerated instructional program that places an emphasis on thinking, reasoning, problem-solving, and creativity. Students in Gifted programs typically receive instruction that is one to two grades above grade level. </li></ul>"
610231,NATIONAL TEACHERS,National Teachers Elementary Academy,ES,https://www.cps.edu/schools/profiles/school-overview/NATIONAL-TEACHERS,https://ntacourage.org,41.8528,-87.629308,NATIONAL TEACHERS-Regional Gifted Center (K),<ul><li>GPA: N/A</li></ul>,"<ul><li><strong>Priority: </strong>Rank,Tier</li><li><strong>Note: </strong>Regional Gifted Centers provide an accelerated instructional program that places an emphasis on thinking, reasoning, problem-solving, and creativity. Students in Gifted programs typically receive instruction that is one to two grades above grade level. </li></ul>"
610231,NATIONAL TEACHERS,National Teachers Elementary Academy,ES,https://www.cps.edu/schools/profiles/school-overview/NATIONAL-TEACHERS,https://ntacourage.org,41.8528,-87.629308,NATIONAL TEACHERS-Open Enrollment,<ul><li>GPA: N/A</li></ul>,"<ul><li><strong>Selection Type: </strong>Applicants are selected by random computerized lottery. If the program has priority groups, students in those groups are selected in the order listed.</li><li><strong>Priority: </strong>Sibling Preference,Staff Priority,Pre-K Preference,General</li><li><strong>Note: </strong>Open enrollment programs offer a well-rounded general education curriculum, focusing on core subjects like math, science, reading, and social studies. These programs serve a broad range of students without admissions screening or specialized academic focus. </li></ul>"
610235,YOUNG ES,Ella Flagg Young Elementary School,ES,https://www.cps.edu/schools/profiles/school-overview/YOUNG-ES,https://www.EFYOUNGES.COM,41.906791,-87.767143,YOUNG ES-Open Enrollment,<ul><li>GPA: N/A</li></ul>,"<ul><li><strong>Selection Type: </strong>Applicants are selected by random computerized lottery. If the program has priority groups, students in those groups are selected in the order listed.</li><li><strong>Priority: </strong>Sibling Preference,Staff Priority,Pre-K Preference,General</li><li><strong>Note: </strong>Open enrollment programs offer a well-rounded general education curriculum, focusing on core subjects like math, science, reading, and social studies. These programs serve a broad range of students without admissions screening or specialized academic focus. </li></ul>"
610242,BRENNEMANN,Joseph Brennemann Elementary School,ES,https://www.cps.edu/schools/profiles/school-overview/BRENNEMANN,https://www.josephbrennemann.org,41.959984,-87.649749,BRENNEMANN-Fine & Performing Arts,<ul><li>GPA: N/A</li></ul>,"<ul><li><strong>Selection Type: </strong>Applicants are selected by random computerized lottery. If the program has priority groups, students in those groups are selected in the order listed.</li><li><strong>Priority: </strong>Sibling Preference,Staff Priority,Pre-K Preference,General</li><li><strong>Note: </strong>This program provides a comprehensive general education curriculum across all core academic subjects, with a focus on Fine & Performing Arts as an enriching complement to the standard coursework. Arts teachers in Fine & Performing Arts schools work with students and other classroom teachers to provide intensive and integrated instruction in the arts. Students are exposed to various arts opportunities and environments, and have the opportunity to learn and grow in multiple art forms: dance, drama, media arts, music, and/or visual arts. </li></ul>"
610237,BEETHOVEN,Ludwig Van Beethoven Elementary School,ES,https://www.cps.edu/schools/profiles/school-overview/BEETHOVEN,https://www.beethovenelementarycps.org/,41.809135,-87.627137,BEETHOVEN-Open Enrollment,<ul><li>GPA: N/A</li></ul>,"<ul><li><strong>Selection Type: </strong>Applicants are selected by random computerized lottery. If the program has priority groups, students in those groups are selected in the order listed.</li><li><strong>Priority: </strong>Sibling Preference,Staff Priority,Pre-K Preference,General</li><li><strong>Note: </strong>Open enrollment programs offer a well-rounded general education curriculum, focusing on core subjects like math, science, reading, and social studies. These programs serve a broad range of students without admissions screening or specialized academic focus. </li></ul>"
610238,BOND,Carrie Jacobs Bond Elementary School,ES,https://www.cps.edu/schools/profiles/school-overview/BOND,https://bondelementary.org,41.765361,-87.653018,BOND-Open Enrollment,<ul><li>GPA: N/A</li></ul>,"<ul><li><strong>Selection Type: </strong>Applicants are selected by random computerized lottery. If the program has priority groups, students in those groups are selected in the order listed.</li><li><strong>Priority: </strong>Sibling Preference,Staff Priority,Pre-K Preference,General</li><li><strong>Note: </strong>Open enrollment programs offer a well-rounded general education curriculum, focusing on core subjects like math, science, reading, and social studies. These programs serve a broad range of students without admissions screening or specialized academic focus. </li></ul>"
610239,DALEY,Richard J Daley Elementary Academy,ES,https://www.cps.edu/schools/profiles/school-overview/DALEY,https://rjdaley.org,41.802343,-87.672206,DALEY-Open Enrollment,<ul><li>GPA: N/A</li></ul>,"<ul><li><strong>Selection Type: </strong>Applicants are selected by random computerized lottery. If the program has priority groups, students in those groups are selected in the order listed.</li><li><strong>Priority: </strong>Sibling Preference,Staff Priority,Pre-K Preference,General</li><li><strong>Note: </strong>Open enrollment programs offer a well-rounded general education curriculum, focusing on core subjects like math, science, reading, and social studies. These programs serve a broad range of students without admissions screening or specialized academic focus. </li></ul>"
610213,WADSWORTH,James Wadsworth Elementary School,ES,https://www.cps.edu/schools/profiles/school-overview/WADSWORTH,https://wadsworthstem.com,41.773478,-87.601018,WADSWORTH-STEM,<ul><li>GPA: N/A</li></ul>,"<ul><li><strong>Selection Type: </strong>Applicants are selected by random computerized lottery. If the program has priority groups, students in those groups are selected in the order listed.</li><li><strong>Priority: </strong>Sibling Preference,Staff Priority,Pre-K Preference,General</li><li><strong>Note: </strong>Schools with a STEM specialization provide whole-school integrated Science, Technology, Engineering, and Math (STEM) programming. In STEM classrooms, students will: actively make sense of and construct solutions to complex questions; productively contribute to the learning community to support a culture of collaboration, risk-taking, and innovation; and regularly reflect on and communicate their understanding of disciplinary ideas. </li></ul>"
610216,WALSH,John A Walsh Elementary School,ES,https://www.cps.edu/schools/profiles/school-overview/WALSH,http://walshschool.cps.edu,41.854836,-87.648086,WALSH-Open Enrollment,<ul><li>GPA: N/A</li></ul>,"<ul><li><strong>Selection Type: </strong>Applicants are selected by random computerized lottery. If the program has priority groups, students in those groups are selected in the order listed.</li><li><strong>Priority: </strong>Sibling Preference,Staff Priority,Pre-K Preference,General</li><li><strong>Note: </strong>Open enrollment programs offer a well-rounded general education curriculum, focusing on core subjects like math, science, reading, and social studies. These programs serve a broad range of students without admissions screening or specialized academic focus. </li></ul>"
610217,WARD J,James Ward Elementary School,ES,https://www.cps.edu/schools/profiles/school-overview/WARD-J,https://www.jameswardschool.com,41.84398,-87.635356,WARD J-World Language,<ul><li>GPA: N/A</li></ul>,"<ul><li><strong>Selection Type: </strong>Applicants are selected by random computerized lottery. If the program has priority groups, students in those groups are selected in the order listed.</li><li><strong>Priority: </strong>Sibling Preference,Staff Priority,Pre-K Preference,General</li><li><strong>Note: </strong>World language programs provide students with intensive instruction in a world language to acquire proficiency in the new language as well as develop cultural understanding and awareness. For information on the specific language(s) offered within this program, please reach out to the school directly. </li></ul>"
610218,WARREN,Joseph Warren Elementary School,ES,https://www.cps.edu/schools/profiles/school-overview/WARREN,https://warrencps.org,41.726763,-87.575353,WARREN-Open Enrollment,<ul><li>GPA: N/A</li></ul>,"<ul><li><strong>Selection Type: </strong>Applicants are selected by random computerized lottery. If the program has priority groups, students in those groups are selected in the order listed.</li><li><strong>Priority: </strong>Sibling Preference,Staff Priority,Pre-K Preference,General</li><li><strong>Note: </strong>Open enrollment programs offer a well-rounded general education curriculum, focusing on core subjects like math, science, reading, and social studies. These programs serve a broad range of students without admissions screening or specialized academic focus. </li></ul>"
610219,WASHINGTON G ES,George Washington Elementary School,ES,https://www.cps.edu/schools/profiles/school-overview/WASHINGTON-G-ES,https://gwashington.cps.edu,41.688131,-87.536015,WASHINGTON G ES-Open Enrollment,<ul><li>GPA: N/A</li></ul>,"<ul><li><strong>Selection Type: </strong>Applicants are selected by random computerized lottery. If the program has priority groups, students in those groups are selected in the order listed.</li><li><strong>Priority: </strong>Sibling Preference,Staff Priority,Pre-K Preference,General</li><li><strong>Note: </strong>Open enrollment programs offer a well-rounded general education curriculum, focusing on core subjects like math, science, reading, and social studies. These programs serve a broad range of students without admissions screening or specialized academic focus. </li></ul>"
610220,WATERS,Thomas J Waters Elementary School,ES,https://www.cps.edu/schools/profiles/school-overview/WATERS,http://www.waterselementary.org,41.964165,-87.691433,"WATERS-Fine & Performing Arts, Technology",<ul><li>GPA: N/A</li></ul>,"<ul><li><strong>Selection Type: </strong>Applicants are selected by random computerized lottery. If the program has priority groups, students in those groups are selected in the order listed.</li><li><strong>Priority: </strong>Sibling Preference,Staff Priority,Pre-K Preference,General</li><li><strong>Note: </strong>Technology Program schools thoughtfully integrate technology and digital media throughout the curriculum to ensure that students develop the skills and habits of mind that will enable them to be successful in whatever endeavors they wish to pursue. This includes enabling students to use technology and digital media to demonstrate creative thinking and construct knowledge; communicate and work collaboratively; gather, evaluate and use information; conduct research, manage projects, and solve problems, practice legal and ethical behaviors while online; and understand technology concepts, systems, and operations.

Arts teachers in Fine & Performing Arts schools work with students and other classroom teachers to provide intensive and integrated instruction in the arts. Students are exposed to arts opportunities and environments, and have the opportunity to learn and grow in multiple art forms: dance, drama, media arts, music, and/or visual arts. </li></ul>"
610221,WEBSTER,Daniel Webster Elementary School,ES,https://www.cps.edu/schools/profiles/school-overview/WEBSTER,https://www.cps.edu/webster,41.869916,-87.727524,WEBSTER-Open Enrollment,<ul><li>GPA: N/A</li></ul>,"<ul><li><strong>Selection Type: </strong>Applicants are selected by random computerized lottery. If the program has priority groups, students in those groups are selected in the order listed.</li><li><strong>Priority: </strong>Sibling Preference,Staff Priority,Pre-K Preference,General</li><li><strong>Note: </strong>Open enrollment programs offer a well-rounded general education curriculum, focusing on core subjects like math, science, reading, and social studies. These programs serve a broad range of students without admissions screening or specialized academic focus. </li></ul>"
610002,HOYNE,Thomas Hoyne Elementary School,ES,https://www.cps.edu/schools/profiles/school-overview/HOYNE,https://thomashoyne.org,41.733338,-87.568228,HOYNE-Fine & Performing Arts,<ul><li>GPA: N/A</li></ul>,"<ul><li><strong>Selection Type: </strong>Applicants are selected by random computerized lottery. If the program has priority groups, students in those groups are selected in the order listed.</li><li><strong>Priority: </strong>Sibling Preference,Staff Priority,Pre-K Preference,General</li><li><strong>Note: </strong>This program provides a comprehensive general education curriculum across all core academic subjects, with a focus on Fine & Performing Arts as an enriching complement to the standard coursework. Arts teachers in Fine & Performing Arts schools work with students and other classroom teachers to provide intensive and integrated instruction in the arts. Students are exposed to various arts opportunities and environments, and have the opportunity to learn and grow in multiple art forms: dance, drama, media arts, music, and/or visual arts. </li></ul>"
610223,WENTWORTH,Daniel S Wentworth Elementary School,ES,https://www.cps.edu/schools/profiles/school-overview/WENTWORTH,https://wentworthschool.org,41.765076,-87.658205,WENTWORTH-STEM,<ul><li>GPA: N/A</li></ul>,"<ul><li><strong>Selection Type: </strong>Applicants are selected by random computerized lottery. If the program has priority groups, students in those groups are selected in the order listed.</li><li><strong>Priority: </strong>Sibling Preference,Staff Priority,Pre-K Preference,General</li><li><strong>Note: </strong>Schools with a STEM specialization provide whole-school integrated Science, Technology, Engineering, and Math (STEM) programming. In STEM classrooms, students will: actively make sense of and construct solutions to complex questions; productively contribute to the learning community to support a culture of collaboration, risk-taking, and innovation; and regularly reflect on and communicate their understanding of disciplinary ideas. </li></ul>"
610225,WHISTLER,John Whistler Elementary School,ES,https://www.cps.edu/schools/profiles/school-overview/WHISTLER,https://cps.edu/whistler,41.683907,-87.655384,WHISTLER-Open Enrollment,<ul><li>GPA: N/A</li></ul>,"<ul><li><strong>Selection Type: </strong>Applicants are selected by random computerized lottery. If the program has priority groups, students in those groups are selected in the order listed.</li><li><strong>Priority: </strong>Sibling Preference,Staff Priority,Pre-K Preference,General</li><li><strong>Note: </strong>Open enrollment programs offer a well-rounded general education curriculum, focusing on core subjects like math, science, reading, and social studies. These programs serve a broad range of students without admissions screening or specialized academic focus. </li></ul>"
610226,SANDOVAL,Socorro Sandoval Elementary School,ES,https://www.cps.edu/schools/profiles/school-overview/SANDOVAL,https://sandovalelementary.org,41.792346,-87.710987,SANDOVAL-Open Enrollment,<ul><li>GPA: N/A</li></ul>,"<ul><li><strong>Selection Type: </strong>Applicants are selected by random computerized lottery. If the program has priority groups, students in those groups are selected in the order listed.</li><li><strong>Priority: </strong>Sibling Preference,Staff Priority,Pre-K Preference,General</li><li><strong>Note: </strong>Open enrollment programs offer a well-rounded general education curriculum, focusing on core subjects like math, science, reading, and social studies. These programs serve a broad range of students without admissions screening or specialized academic focus. </li></ul>"
610226,SANDOVAL,Socorro Sandoval Elementary School,ES,https://www.cps.edu/schools/profiles/school-overview/SANDOVAL,https://sandovalelementary.org,41.792346,-87.710987,SANDOVAL-Dual Language,<ul><li>GPA: N/A</li></ul>,"<ul><li><strong>Selection Type: </strong>Applicants are selected by random computerized lottery. If the program has priority groups, students in those groups are selected in the order listed.</li><li><strong>Priority: </strong>Sibling Preference,Staff Priority,General,Pre-K Preference,General</li><li><strong>Note: </strong>One-way dual language programs provide instruction in two languages and are primarily intended to serve English Learners (ELs), former ELs, and heritage language learners. Students receive core instruction (language arts, math, science, social science) through a second language with the goal of all students becoming bilingual and biliterate in both languages. At this time, the instructional languages of all CPS dual language programs are Spanish and English. </li></ul>"
610227,WHITNEY,Eli Whitney Elementary School,ES,https://www.cps.edu/schools/profiles/school-overview/WHITNEY,http://whitney.cps.edu,41.84008,-87.725546,WHITNEY-Technology,<ul><li>GPA: N/A</li></ul>,"<ul><li><strong>Selection Type: </strong>Applicants are selected by random computerized lottery. If the program has priority groups, students in those groups are selected in the order listed.</li><li><strong>Priority: </strong>Sibling Preference,Staff Priority,Pre-K Preference,General</li><li><strong>Note: </strong>Technology Program schools thoughtfully integrate technology and digital media throughout the curriculum to ensure that students develop the skills and habits of mind that will enable them to be successful in whatever endeavors they wish to pursue. This includes enabling students to use technology and digital media to demonstrate creative thinking and construct knowledge; communicate and work collaboratively; gather, evaluate and use information; conduct research, manage projects, and solve problems; practice legal and ethical behaviors while online; and understand technology concepts, systems, and operations. </li></ul>"
610228,WHITTIER,John Greenleaf Whittier Elementary School,ES,https://www.cps.edu/schools/profiles/school-overview/WHITTIER,http://whittierschool.org,41.850481,-87.673392,WHITTIER-Magnet with Boundary - World Language,<ul><li>GPA: N/A</li></ul>,"<ul><li><strong>Selection Type: </strong>Applicants are selected by random computerized lottery. If the program has priority groups, students in those groups are selected in the order listed.</li><li><strong>Priority: </strong>Sibling Preference,Staff Priority,Pre-K Preference,General</li><li><strong>Note: </strong>World language programs provide students with intensive instruction in a world language to acquire proficiency in the new language as well as develop cultural understanding and awareness. For information on the specific language(s) offered within this program, please reach out to the school directly. </li></ul>"
610228,WHITTIER,John Greenleaf Whittier Elementary School,ES,https://www.cps.edu/schools/profiles/school-overview/WHITTIER,http://whittierschool.org,41.850481,-87.673392,WHITTIER-Dual Language,<ul><li>GPA: N/A</li></ul>,"<ul><li><strong>Selection Type: </strong>Applicants are selected by random computerized lottery. If the program has priority groups, students in those groups are selected in the order listed.</li><li><strong>Priority: </strong>Sibling Preference,Staff Priority,General,Pre-K Preference,General</li><li><strong>Note: </strong>Two-way dual language programs aim for a 50:50 balance of English Learners (ELs) and non-ELs in the classroom. Students serve as language models to each other as they acquire the second language. Two-way dual language programs provide instruction in two languages: Spanish and English. Students receive core instruction (language arts, math, science, social science) through a second language with the goal of all students becoming bilingual and biliterate in both Spanish and English. </li></ul>"
610208,LAVIZZO,Mildred I Lavizzo Elementary School,ES,https://www.cps.edu/schools/profiles/school-overview/LAVIZZO,https://lavizzo.cps.edu,41.696262,-87.627148,LAVIZZO-Open Enrollment,<ul><li>GPA: N/A</li></ul>,"<ul><li><strong>Selection Type: </strong>Applicants are selected by random computerized lottery. If the program has priority groups, students in those groups are selected in the order listed.</li><li><strong>Priority: </strong>Sibling Preference,Staff Priority,Pre-K Preference,General</li><li><strong>Note: </strong>Open enrollment programs offer a well-rounded general education curriculum, focusing on core subjects like math, science, reading, and social studies. These programs serve a broad range of students without admissions screening or specialized academic focus. </li></ul>"
610208,LAVIZZO,Mildred I Lavizzo Elementary School,ES,https://www.cps.edu/schools/profiles/school-overview/LAVIZZO,https://lavizzo.cps.edu,41.696262,-87.627148,LAVIZZO-IB Middle Years Programme,<ul><li>GPA: N/A</li></ul>,"<ul><li><strong>Selection Type: </strong>Applicants are selected by random computerized lottery. If the program has priority groups, students in those groups are selected in the order listed.</li><li><strong>Priority: </strong>Sibling Preference,General</li><li><strong>Note: </strong>International Baccalaureate (IB) programmes are designed to develop well-rounded individuals who can respond to today's challenges with optimism and an open mind. The Middle Years Programme (MYP) is a rigorous and highly flexible framework that encourages students to make practical connections between their studies and the real world, preparing them for success in further study and in life. </li></ul>"
610209,VOLTA,Alessandro Volta Elementary School,ES,https://www.cps.edu/schools/profiles/school-overview/VOLTA,https://volta.cps.edu,41.971634,-87.724605,VOLTA-Open Enrollment,<ul><li>GPA: N/A</li></ul>,"<ul><li><strong>Selection Type: </strong>Applicants are selected by random computerized lottery. If the program has priority groups, students in those groups are selected in the order listed.</li><li><strong>Priority: </strong>Sibling Preference,Staff Priority,Pre-K Preference,General</li><li><strong>Note: </strong>Open enrollment programs offer a well-rounded general education curriculum, focusing on core subjects like math, science, reading, and social studies. These programs serve a broad range of students without admissions screening or specialized academic focus. </li></ul>"
610209,VOLTA,Alessandro Volta Elementary School,ES,https://www.cps.edu/schools/profiles/school-overview/VOLTA,https://volta.cps.edu,41.971634,-87.724605,VOLTA-Dual Language,<ul><li>GPA: N/A</li></ul>,"<ul><li><strong>Selection Type: </strong>Applicants are selected by random computerized lottery. If the program has priority groups, students in those groups are selected in the order listed.</li><li><strong>Priority: </strong>Sibling Preference,Staff Priority,General,Pre-K Preference,General</li><li><strong>Note: </strong>One-way dual language programs provide instruction in two languages and are primarily intended to serve English Learners (ELs), former ELs, and heritage language learners. Students receive core instruction (language arts, math, science, social science) through a second language with the goal of all students becoming bilingual and biliterate in both languages. At this time, the instructional languages of all CPS dual language programs are Spanish and English. </li></ul>"
610202,TILTON,George W Tilton Elementary School,ES,https://www.cps.edu/schools/profiles/school-overview/TILTON,https://tiltonstem.com,41.884102,-87.730566,TILTON-STEM,<ul><li>GPA: N/A</li></ul>,"<ul><li><strong>Selection Type: </strong>Applicants are selected by random computerized lottery. If the program has priority groups, students in those groups are selected in the order listed.</li><li><strong>Priority: </strong>Sibling Preference,Staff Priority,Pre-K Preference,General</li><li><strong>Note: </strong>Schools with a STEM specialization provide whole-school integrated Science, Technology, Engineering, and Math (STEM) programming. In STEM classrooms, students will: actively make sense of and construct solutions to complex questions; productively contribute to the learning community to support a culture of collaboration, risk-taking, and innovation; and regularly reflect on and communicate their understanding of disciplinary ideas. </li></ul>"
610206,TWAIN,Mark Twain Elementary School,ES,https://www.cps.edu/schools/profiles/school-overview/TWAIN,https://twain.cps.edu,41.799046,-87.758928,TWAIN-Open Enrollment,<ul><li>GPA: N/A</li></ul>,"<ul><li><strong>Selection Type: </strong>Applicants are selected by random computerized lottery. If the program has priority groups, students in those groups are selected in the order listed.</li><li><strong>Priority: </strong>Sibling Preference,Staff Priority,Pre-K Preference,General</li><li><strong>Note: </strong>Open enrollment programs offer a well-rounded general education curriculum, focusing on core subjects like math, science, reading, and social studies. These programs serve a broad range of students without admissions screening or specialized academic focus. </li></ul>"
610203,MONARCAS,Monarcas Academy,ES,https://www.cps.edu/schools/profiles/school-overview/MONARCAS,https://www.monarcasacademy.org/,41.787523,-87.708179,MONARCAS-Open Enrollment,<ul><li>GPA: N/A</li></ul>,"<ul><li><strong>Selection Type: </strong>Applicants are selected by random computerized lottery. If the program has priority groups, students in those groups are selected in the order listed.</li><li><strong>Priority: </strong>Sibling Preference,Staff Priority,Pre-K Preference,General</li><li><strong>Note: </strong>Open enrollment programs offer a well-rounded general education curriculum, focusing on core subjects like math, science, reading, and social studies. These programs serve a broad range of students without admissions screening or specialized academic focus. </li></ul>"
610192,STOWE,Harriet Beecher Stowe Elementary School,ES,https://www.cps.edu/schools/profiles/school-overview/STOWE,https://stowe.cps.edu,41.911938,-87.713318,STOWE-Fine & Performing Arts,<ul><li>GPA: N/A</li></ul>,"<ul><li><strong>Selection Type: </strong>Applicants are selected by random computerized lottery. If the program has priority groups, students in those groups are selected in the order listed.</li><li><strong>Priority: </strong>Sibling Preference,Staff Priority,Pre-K Preference,General</li><li><strong>Note: </strong>This program provides a comprehensive general education curriculum across all core academic subjects, with a focus on Fine & Performing Arts as an enriching complement to the standard coursework. Arts teachers in Fine & Performing Arts schools work with students and other classroom teachers to provide intensive and integrated instruction in the arts. Students are exposed to various arts opportunities and environments, and have the opportunity to learn and grow in multiple art forms: dance, drama, media arts, music, and/or visual arts. </li></ul>"
610192,STOWE,Harriet Beecher Stowe Elementary School,ES,https://www.cps.edu/schools/profiles/school-overview/STOWE,https://stowe.cps.edu,41.911938,-87.713318,STOWE-Dual Language,<ul><li>GPA: N/A</li></ul>,"<ul><li><strong>Selection Type: </strong>Applicants are selected by random computerized lottery. If the program has priority groups, students in those groups are selected in the order listed.</li><li><strong>Priority: </strong>Sibling Preference,Staff Priority,General,Pre-K Preference,General</li><li><strong>Note: </strong>One-way dual language programs provide instruction in two languages and are primarily intended to serve English Learners (ELs), former ELs, and heritage language learners. Students receive core instruction (language arts, math, science, social science) through a second language with the goal of all students becoming bilingual and biliterate in both languages. At this time, the instructional languages of all CPS dual language programs are Spanish and English. </li></ul>"
610193,NEW SULLIVAN,William K New Sullivan Elementary School,ES,https://www.cps.edu/schools/profiles/school-overview/NEW-SULLIVAN,https://newsullivan.cps.edu,41.743829,-87.542928,NEW SULLIVAN-Fine & Performing Arts,<ul><li>GPA: N/A</li></ul>,"<ul><li><strong>Selection Type: </strong>Applicants are selected by random computerized lottery. If the program has priority groups, students in those groups are selected in the order listed.</li><li><strong>Priority: </strong>Sibling Preference,Staff Priority,Pre-K Preference,General</li><li><strong>Note: </strong>This program provides a comprehensive general education curriculum across all core academic subjects, with a focus on Fine & Performing Arts as an enriching complement to the standard coursework. Arts teachers in Fine & Performing Arts schools work with students and other classroom teachers to provide intensive and integrated instruction in the arts. Students are exposed to various arts opportunities and environments, and have the opportunity to learn and grow in multiple art forms: dance, drama, media arts, music, and/or visual arts. </li></ul>"
610194,SUMNER,Charles Sumner Math & Science Community Acad ES,ES,https://www.cps.edu/schools/profiles/school-overview/SUMNER,https://sumnermsca.org,41.870828,-87.733524,SUMNER-Open Enrollment,<ul><li>GPA: N/A</li></ul>,"<ul><li><strong>Selection Type: </strong>Applicants are selected by random computerized lottery. If the program has priority groups, students in those groups are selected in the order listed.</li><li><strong>Priority: </strong>Sibling Preference,Staff Priority,Pre-K Preference,General</li><li><strong>Note: </strong>Open enrollment programs offer a well-rounded general education curriculum, focusing on core subjects like math, science, reading, and social studies. These programs serve a broad range of students without admissions screening or specialized academic focus. </li></ul>"
610195,SUTHERLAND,Elizabeth H Sutherland Elementary School,ES,https://www.cps.edu/schools/profiles/school-overview/SUTHERLAND,https://sutherland.cps.edu,41.711445,-87.676821,SUTHERLAND-Open Enrollment,<ul><li>GPA: N/A</li></ul>,"<ul><li><strong>Selection Type: </strong>Applicants are selected by random computerized lottery. If the program has priority groups, students in those groups are selected in the order listed.</li><li><strong>Priority: </strong>Sibling Preference,Staff Priority,General</li><li><strong>Note: </strong>Open enrollment programs offer a well-rounded general education curriculum, focusing on core subjects like math, science, reading, and social studies. These programs serve a broad range of students without admissions screening or specialized academic focus. </li></ul>"
610195,SUTHERLAND,Elizabeth H Sutherland Elementary School,ES,https://www.cps.edu/schools/profiles/school-overview/SUTHERLAND,https://sutherland.cps.edu,41.711445,-87.676821,SUTHERLAND-IB Middle Years Programme,<ul><li>GPA: N/A</li></ul>,"<ul><li><strong>Selection Type: </strong>Applicants are selected by random computerized lottery. If the program has priority groups, students in those groups are selected in the order listed.</li><li><strong>Priority: </strong>Sibling Preference,General</li><li><strong>Note: </strong>International Baccalaureate (IB) programmes are designed to develop well-rounded individuals who can respond to today's challenges with optimism and an open mind. The Middle Years Programme (MYP) is a rigorous and highly flexible framework that encourages students to make practical connections between their studies and the real world, preparing them for success in further study and in life. </li></ul>"
610196,SWIFT,George B Swift Elementary Specialty School,ES,https://www.cps.edu/schools/profiles/school-overview/SWIFT,https://swift.cps.edu,41.989139,-87.658296,SWIFT-Fine & Performing Arts,<ul><li>GPA: N/A</li></ul>,"<ul><li><strong>Selection Type: </strong>Applicants are selected by random computerized lottery. If the program has priority groups, students in those groups are selected in the order listed.</li><li><strong>Priority: </strong>Sibling Preference,Staff Priority,Pre-K Preference,General</li><li><strong>Note: </strong>This program provides a comprehensive general education curriculum across all core academic subjects, with a focus on Fine & Performing Arts as an enriching complement to the standard coursework. Arts teachers in Fine & Performing Arts schools work with students and other classroom teachers to provide intensive and integrated instruction in the arts. Students are exposed to various arts opportunities and environments, and have the opportunity to learn and grow in multiple art forms: dance, drama, media arts, music, and/or visual arts. </li></ul>"
610197,TALCOTT,Mancel Talcott Elementary School,ES,https://www.cps.edu/schools/profiles/school-overview/TALCOTT,https://talcottfama.org,41.892405,-87.673723,TALCOTT-Fine & Performing Arts,<ul><li>GPA: N/A</li></ul>,"<ul><li><strong>Selection Type: </strong>Applicants are selected by random computerized lottery. If the program has priority groups, students in those groups are selected in the order listed.</li><li><strong>Priority: </strong>Sibling Preference,Staff Priority,Pre-K Preference,General</li><li><strong>Note: </strong>This program provides a comprehensive general education curriculum across all core academic subjects, with a focus on Fine & Performing Arts as an enriching complement to the standard coursework. Arts teachers in Fine & Performing Arts schools work with students and other classroom teachers to provide intensive and integrated instruction in the arts. Students are exposed to various arts opportunities and environments, and have the opportunity to learn and grow in multiple art forms: dance, drama, media arts, music, and/or visual arts. </li></ul>"
610197,TALCOTT,Mancel Talcott Elementary School,ES,https://www.cps.edu/schools/profiles/school-overview/TALCOTT,https://talcottfama.org,41.892405,-87.673723,TALCOTT-Dual Language,<ul><li>GPA: N/A</li></ul>,"<ul><li><strong>Selection Type: </strong>Applicants are selected by random computerized lottery. If the program has priority groups, students in those groups are selected in the order listed.</li><li><strong>Priority: </strong>Sibling Preference,Staff Priority,General,Pre-K Preference,General</li><li><strong>Note: </strong>One-way dual language programs provide instruction in two languages and are primarily intended to serve English Learners (ELs), former ELs, and heritage language learners. Students receive core instruction (language arts, math, science, social science) through a second language with the goal of all students becoming bilingual and biliterate in both languages. At this time, the instructional languages of all CPS dual language programs are Spanish and English. </li></ul>"
610198,TAYLOR,Douglas Taylor Elementary School,ES,https://www.cps.edu/schools/profiles/school-overview/TAYLOR,http://taylor.cps.edu/,41.71547,-87.532971,TAYLOR-Open Enrollment,<ul><li>GPA: N/A</li></ul>,"<ul><li><strong>Selection Type: </strong>Applicants are selected by random computerized lottery. If the program has priority groups, students in those groups are selected in the order listed.</li><li><strong>Priority: </strong>Sibling Preference,Staff Priority,Pre-K Preference,General</li><li><strong>Note: </strong>Open enrollment programs offer a well-rounded general education curriculum, focusing on core subjects like math, science, reading, and social studies. These programs serve a broad range of students without admissions screening or specialized academic focus. </li></ul>"
610200,THORP J,James N Thorp Elementary School,ES,https://www.cps.edu/schools/profiles/school-overview/THORP-J,https://jnthorp.org,41.733324,-87.54428,THORP J-Open Enrollment,<ul><li>GPA: N/A</li></ul>,"<ul><li><strong>Selection Type: </strong>Applicants are selected by random computerized lottery. If the program has priority groups, students in those groups are selected in the order listed.</li><li><strong>Priority: </strong>Sibling Preference,Staff Priority,Pre-K Preference,General</li><li><strong>Note: </strong>Open enrollment programs offer a well-rounded general education curriculum, focusing on core subjects like math, science, reading, and social studies. These programs serve a broad range of students without admissions screening or specialized academic focus. </li></ul>"
610127,PETERSON,Mary Gage Peterson Elementary School,ES,https://www.cps.edu/schools/profiles/school-overview/PETERSON,http://www.peterson.cps.edu/,41.981557,-87.712583,PETERSON-STEAM,<ul><li>GPA: N/A</li></ul>,"<ul><li><strong>Selection Type: </strong>Applicants are selected by random computerized lottery. If the program has priority groups, students in those groups are selected in the order listed.</li><li><strong>Priority: </strong>Sibling Preference,Staff Priority,Pre-K Preference,General</li><li><strong>Note: </strong>Schools with a STEAM specialization provide whole-school integrated Science, Technology, Engineering, Arts, and Math (STEAM) programming. In STEAM classrooms, students will: actively make sense of and construct solutions to complex questions; productively contribute to the learning community to support a culture of collaboration, risk-taking, and innovation; and regularly reflect on and communicate their understanding of disciplinary ideas. STEAM programs additionally incorporate arts education into the STEM curriculum. </li></ul>"
610128,GARVEY,Marcus Moziah Garvey Elementary School,ES,https://www.cps.edu/schools/profiles/school-overview/GARVEY,https://garvey.cps.edu,41.706603,-87.647577,GARVEY-Open Enrollment,<ul><li>GPA: N/A</li></ul>,"<ul><li><strong>Selection Type: </strong>Applicants are selected by random computerized lottery. If the program has priority groups, students in those groups are selected in the order listed.</li><li><strong>Priority: </strong>Sibling Preference,Staff Priority,Pre-K Preference,General</li><li><strong>Note: </strong>Open enrollment programs offer a well-rounded general education curriculum, focusing on core subjects like math, science, reading, and social studies. These programs serve a broad range of students without admissions screening or specialized academic focus. </li></ul>"
610129,PICKARD,Josiah Pickard Elementary School,ES,https://www.cps.edu/schools/profiles/school-overview/PICKARD,http://www.pickard.cps.edu,41.8529,-87.683291,PICKARD-Open Enrollment,<ul><li>GPA: N/A</li></ul>,"<ul><li><strong>Selection Type: </strong>Applicants are selected by random computerized lottery. If the program has priority groups, students in those groups are selected in the order listed.</li><li><strong>Priority: </strong>Sibling Preference,Staff Priority,Pre-K Preference,General</li><li><strong>Note: </strong>Open enrollment programs offer a well-rounded general education curriculum, focusing on core subjects like math, science, reading, and social studies. These programs serve a broad range of students without admissions screening or specialized academic focus. </li></ul>"
610129,PICKARD,Josiah Pickard Elementary School,ES,https://www.cps.edu/schools/profiles/school-overview/PICKARD,http://www.pickard.cps.edu,41.8529,-87.683291,PICKARD-IB Middle Years Programme,<ul><li>GPA: N/A</li></ul>,"<ul><li><strong>Selection Type: </strong>Applicants are selected by random computerized lottery. If the program has priority groups, students in those groups are selected in the order listed.</li><li><strong>Priority: </strong>Sibling Preference,General</li><li><strong>Note: </strong>International Baccalaureate (IB) programmes are designed to develop well-rounded individuals who can respond to today's challenges with optimism and an open mind. The Middle Years Programme (MYP) is a rigorous and highly flexible framework that encourages students to make practical connections between their studies and the real world, preparing them for success in further study and in life. </li></ul>"
610130,PIRIE,John T Pirie Fine Arts & Academic Center ES,ES,https://www.cps.edu/schools/profiles/school-overview/PIRIE,https://pirie.cps.edu,41.74034,-87.607891,PIRIE-Fine & Performing Arts,<ul><li>GPA: N/A</li></ul>,"<ul><li><strong>Selection Type: </strong>Applicants are selected by random computerized lottery. If the program has priority groups, students in those groups are selected in the order listed.</li><li><strong>Priority: </strong>Sibling Preference,Staff Priority,Pre-K Preference,General</li><li><strong>Note: </strong>This program provides a comprehensive general education curriculum across all core academic subjects, with a focus on Fine & Performing Arts as an enriching complement to the standard coursework. Arts teachers in Fine & Performing Arts schools work with students and other classroom teachers to provide intensive and integrated instruction in the arts. Students are exposed to various arts opportunities and environments, and have the opportunity to learn and grow in multiple art forms: dance, drama, media arts, music, and/or visual arts. </li></ul>"
610131,PLAMONDON,Ambrose Plamondon Elementary School,ES,https://www.cps.edu/schools/profiles/school-overview/PLAMONDON,https://www.plamondonpanthers.org,41.860259,-87.692526,PLAMONDON-STEM,<ul><li>GPA: N/A</li></ul>,"<ul><li><strong>Selection Type: </strong>Applicants are selected by random computerized lottery. If the program has priority groups, students in those groups are selected in the order listed.</li><li><strong>Priority: </strong>Sibling Preference,Staff Priority,General</li><li><strong>Note: </strong>Schools with a STEM specialization provide whole-school integrated Science, Technology, Engineering, and Math (STEM) programming. In STEM classrooms, students will: actively make sense of and construct solutions to complex questions; productively contribute to the learning community to support a culture of collaboration, risk-taking, and innovation; and regularly reflect on and communicate their understanding of disciplinary ideas. </li></ul>"
610091,BROWN R,Ronald Brown Elementary Community Academy,ES,https://www.cps.edu/schools/profiles/school-overview/BROWN-R,https://www.brownacademyeagles.org,41.664873,-87.638958,BROWN R-World Language,<ul><li>GPA: N/A</li></ul>,"<ul><li><strong>Selection Type: </strong>Applicants are selected by random computerized lottery. If the program has priority groups, students in those groups are selected in the order listed.</li><li><strong>Priority: </strong>Sibling Preference,Staff Priority,Pre-K Preference,General</li><li><strong>Note: </strong>World language programs provide students with intensive instruction in a world language to acquire proficiency in the new language as well as develop cultural understanding and awareness. For information on the specific language(s) offered within this program, please reach out to the school directly. </li></ul>"
610092,NASH,Henry H Nash Elementary School,ES,https://www.cps.edu/schools/profiles/school-overview/NASH,https://nashelementary.org,41.89181,-87.747936,NASH-Fine & Performing Arts,<ul><li>GPA: N/A</li></ul>,"<ul><li><strong>Selection Type: </strong>Applicants are selected by random computerized lottery. If the program has priority groups, students in those groups are selected in the order listed.</li><li><strong>Priority: </strong>Sibling Preference,Staff Priority,Pre-K Preference,General</li><li><strong>Note: </strong>This program provides a comprehensive general education curriculum across all core academic subjects, with a focus on Fine & Performing Arts as an enriching complement to the standard coursework. Arts teachers in Fine & Performing Arts schools work with students and other classroom teachers to provide intensive and integrated instruction in the arts. Students are exposed to various arts opportunities and environments, and have the opportunity to learn and grow in multiple art forms: dance, drama, media arts, music, and/or visual arts. </li></ul>"
610093,NEIL,Jane A Neil Elementary School,ES,https://www.cps.edu/schools/profiles/school-overview/NEIL,https://neil.cps.edu,41.738407,-87.620933,NEIL-Open Enrollment,<ul><li>GPA: N/A</li></ul>,"<ul><li><strong>Selection Type: </strong>Applicants are selected by random computerized lottery. If the program has priority groups, students in those groups are selected in the order listed.</li><li><strong>Priority: </strong>Sibling Preference,Staff Priority,Pre-K Preference,General</li><li><strong>Note: </strong>Open enrollment programs offer a well-rounded general education curriculum, focusing on core subjects like math, science, reading, and social studies. These programs serve a broad range of students without admissions screening or specialized academic focus. </li></ul>"
610182,SOLOMON,Hannah G Solomon Elementary School,ES,https://www.cps.edu/schools/profiles/school-overview/SOLOMON,https://solomon.cps.edu,41.993942,-87.724043,SOLOMON-Open Enrollment,<ul><li>GPA: N/A</li></ul>,"<ul><li><strong>Selection Type: </strong>Applicants are selected by random computerized lottery. If the program has priority groups, students in those groups are selected in the order listed.</li><li><strong>Priority: </strong>Sibling Preference,Staff Priority,Pre-K Preference,General</li><li><strong>Note: </strong>Open enrollment programs offer a well-rounded general education curriculum, focusing on core subjects like math, science, reading, and social studies. These programs serve a broad range of students without admissions screening or specialized academic focus. </li></ul>"
610183,SPENCER,Spencer Technology Academy,ES,https://www.cps.edu/schools/profiles/school-overview/SPENCER,https://spencertech.cps.edu,41.884876,-87.750445,SPENCER-Technology,<ul><li>GPA: N/A</li></ul>,"<ul><li><strong>Selection Type: </strong>Applicants are selected by random computerized lottery. If the program has priority groups, students in those groups are selected in the order listed.</li><li><strong>Priority: </strong>Sibling Preference,Staff Priority,Pre-K Preference,General</li><li><strong>Note: </strong>Technology Program schools thoughtfully integrate technology and digital media throughout the curriculum to ensure that students develop the skills and habits of mind that will enable them to be successful in whatever endeavors they wish to pursue. This includes enabling students to use technology and digital media to demonstrate creative thinking and construct knowledge; communicate and work collaboratively; gather, evaluate and use information; conduct research, manage projects, and solve problems; practice legal and ethical behaviors while online; and understand technology concepts, systems, and operations. </li></ul>"
610199,COLEMON,Johnnie Colemon Elementary Academy,ES,https://www.cps.edu/schools/profiles/school-overview/COLEMON,https://colemon.cps.edu,41.677505,-87.658111,COLEMON-Open Enrollment,<ul><li>GPA: N/A</li></ul>,"<ul><li><strong>Selection Type: </strong>Applicants are selected by random computerized lottery. If the program has priority groups, students in those groups are selected in the order listed.</li><li><strong>Priority: </strong>Sibling Preference,Staff Priority,Pre-K Preference,General</li><li><strong>Note: </strong>Open enrollment programs offer a well-rounded general education curriculum, focusing on core subjects like math, science, reading, and social studies. These programs serve a broad range of students without admissions screening or specialized academic focus. </li></ul>"
610184,SPRY ES,John Spry Elementary Community School,ES,https://www.cps.edu/schools/profiles/school-overview/SPRY-ES,http://spry.cps.edu,41.847747,-87.700184,SPRY ES-Fine & Performing Arts,<ul><li>GPA: N/A</li></ul>,"<ul><li><strong>Selection Type: </strong>Applicants are selected by random computerized lottery. If the program has priority groups, students in those groups are selected in the order listed.</li><li><strong>Priority: </strong>Sibling Preference,Staff Priority,Pre-K Preference,General</li><li><strong>Note: </strong>This program provides a comprehensive general education curriculum across all core academic subjects, with a focus on Fine & Performing Arts as an enriching complement to the standard coursework. Arts teachers in Fine & Performing Arts schools work with students and other classroom teachers to provide intensive and integrated instruction in the arts. Students are exposed to various arts opportunities and environments, and have the opportunity to learn and grow in multiple art forms: dance, drama, media arts, music, and/or visual arts. </li></ul>"
610184,SPRY ES,John Spry Elementary Community School,ES,https://www.cps.edu/schools/profiles/school-overview/SPRY-ES,http://spry.cps.edu,41.847747,-87.700184,SPRY ES-Dual Language,<ul><li>GPA: N/A</li></ul>,"<ul><li><strong>Selection Type: </strong>Applicants are selected by random computerized lottery. If the program has priority groups, students in those groups are selected in the order listed.</li><li><strong>Priority: </strong>Sibling Preference,Staff Priority,General,Pre-K Preference,General</li><li><strong>Note: </strong>One-way dual language programs provide instruction in two languages and are primarily intended to serve English Learners (ELs), former ELs, and heritage language learners. Students receive core instruction (language arts, math, science, social science) through a second language with the goal of all students becoming bilingual and biliterate in both languages. At this time, the instructional languages of all CPS dual language programs are Spanish and English. </li></ul>"
610185,STEVENSON,Adlai E Stevenson Elementary School,ES,https://www.cps.edu/schools/profiles/school-overview/STEVENSON,https://stevenson.cps.edu,41.747107,-87.731666,STEVENSON-Open Enrollment,<ul><li>GPA: N/A</li></ul>,"<ul><li><strong>Selection Type: </strong>Applicants are selected by random computerized lottery. If the program has priority groups, students in those groups are selected in the order listed.</li><li><strong>Priority: </strong>Sibling Preference,Staff Priority,Pre-K Preference,General</li><li><strong>Note: </strong>Open enrollment programs offer a well-rounded general education curriculum, focusing on core subjects like math, science, reading, and social studies. These programs serve a broad range of students without admissions screening or specialized academic focus. </li></ul>"
610188,DUNNE,Dunne Technology Academy,ES,https://www.cps.edu/schools/profiles/school-overview/DUNNE,https://www.dunnestemacademy.org,41.696496,-87.639974,DUNNE-STEM,<ul><li>GPA: N/A</li></ul>,"<ul><li><strong>Selection Type: </strong>Applicants are selected by random computerized lottery. If the program has priority groups, students in those groups are selected in the order listed.</li><li><strong>Priority: </strong>Sibling Preference,Staff Priority,Pre-K Preference,General</li><li><strong>Note: </strong>Schools with a STEM specialization provide whole-school integrated Science, Technology, Engineering, and Math (STEM) programming. In STEM classrooms, students will: actively make sense of and construct solutions to complex questions; productively contribute to the learning community to support a culture of collaboration, risk-taking, and innovation; and regularly reflect on and communicate their understanding of disciplinary ideas. </li></ul>"
610124,WASHINGTON H ES,Harold Washington Elementary School,ES,https://www.cps.edu/schools/profiles/school-overview/WASHINGTON-H-ES,https://www.hwespacers.org,41.728534,-87.596257,WASHINGTON H ES-Fine & Performing Arts,<ul><li>GPA: N/A</li></ul>,"<ul><li><strong>Selection Type: </strong>Applicants are selected by random computerized lottery. If the program has priority groups, students in those groups are selected in the order listed.</li><li><strong>Priority: </strong>Sibling Preference,Staff Priority,Pre-K Preference,General</li><li><strong>Note: </strong>This program provides a comprehensive general education curriculum across all core academic subjects, with a focus on Fine & Performing Arts as an enriching complement to the standard coursework. Arts teachers in Fine & Performing Arts schools work with students and other classroom teachers to provide intensive and integrated instruction in the arts. Students are exposed to various arts opportunities and environments, and have the opportunity to learn and grow in multiple art forms: dance, drama, media arts, music, and/or visual arts. </li></ul>"
610178,SCHMID,Theophilus Schmid Elementary School,ES,https://www.cps.edu/schools/profiles/school-overview/SCHMID,https://schmidchargers.org,41.716989,-87.596932,SCHMID-Open Enrollment,<ul><li>GPA: N/A</li></ul>,"<ul><li><strong>Selection Type: </strong>Applicants are selected by random computerized lottery. If the program has priority groups, students in those groups are selected in the order listed.</li><li><strong>Priority: </strong>Sibling Preference,Staff Priority,Pre-K Preference,General</li><li><strong>Note: </strong>Open enrollment programs offer a well-rounded general education curriculum, focusing on core subjects like math, science, reading, and social studies. These programs serve a broad range of students without admissions screening or specialized academic focus. </li></ul>"
610179,SMYSER,Washington D Smyser Elementary School,ES,https://www.cps.edu/schools/profiles/school-overview/SMYSER,https://smyser.org,41.958868,-87.781975,SMYSER-Open Enrollment,<ul><li>GPA: N/A</li></ul>,"<ul><li><strong>Selection Type: </strong>Applicants are selected by random computerized lottery. If the program has priority groups, students in those groups are selected in the order listed.</li><li><strong>Priority: </strong>Sibling Preference,Staff Priority,Pre-K Preference,General</li><li><strong>Note: </strong>Open enrollment programs offer a well-rounded general education curriculum, focusing on core subjects like math, science, reading, and social studies. These programs serve a broad range of students without admissions screening or specialized academic focus. </li></ul>"
610133,WARD L,Laura S Ward Elementary School,ES,https://www.cps.edu/schools/profiles/school-overview/WARD-L,http://lwardstem.cps.edu,41.893236,-87.718797,WARD L-STEM,<ul><li>GPA: N/A</li></ul>,"<ul><li><strong>Selection Type: </strong>Applicants are selected by random computerized lottery. If the program has priority groups, students in those groups are selected in the order listed.</li><li><strong>Priority: </strong>Sibling Preference,Staff Priority,Pre-K Preference,General</li><li><strong>Note: </strong>Schools with a STEM specialization provide whole-school integrated Science, Technology, Engineering, and Math (STEM) programming. In STEM classrooms, students will: actively make sense of and construct solutions to complex questions; productively contribute to the learning community to support a culture of collaboration, risk-taking, and innovation; and regularly reflect on and communicate their understanding of disciplinary ideas. </li></ul>"
610135,PORTAGE PARK,Portage Park Elementary School,ES,https://www.cps.edu/schools/profiles/school-overview/PORTAGE-PARK,https://portageparkschool.org,41.956988,-87.761007,PORTAGE PARK-Fine & Performing Arts,<ul><li>GPA: N/A</li></ul>,"<ul><li><strong>Selection Type: </strong>Applicants are selected by random computerized lottery. If the program has priority groups, students in those groups are selected in the order listed.</li><li><strong>Priority: </strong>Sibling Preference,Staff Priority,Pre-K Preference,General</li><li><strong>Note: </strong>This program provides a comprehensive general education curriculum across all core academic subjects, with a focus on Fine & Performing Arts as an enriching complement to the standard coursework. Arts teachers in Fine & Performing Arts schools work with students and other classroom teachers to provide intensive and integrated instruction in the arts. Students are exposed to various arts opportunities and environments, and have the opportunity to learn and grow in multiple art forms: dance, drama, media arts, music, and/or visual arts. </li></ul>"
610136,PRESCOTT,William H Prescott Elementary School,ES,https://www.cps.edu/schools/profiles/school-overview/PRESCOTT,https://prescott.cps.edu,41.928841,-87.669528,PRESCOTT-Open Enrollment,<ul><li>GPA: N/A</li></ul>,"<ul><li><strong>Selection Type: </strong>Applicants are selected by random computerized lottery. If the program has priority groups, students in those groups are selected in the order listed.</li><li><strong>Priority: </strong>Sibling Preference,Staff Priority,General</li><li><strong>Note: </strong>Open enrollment programs offer a well-rounded general education curriculum, focusing on core subjects like math, science, reading, and social studies. These programs serve a broad range of students without admissions screening or specialized academic focus. </li></ul>"
610137,PRUSSING,Ernst Prussing Elementary School,ES,https://www.cps.edu/schools/profiles/school-overview/PRUSSING,https://prussing.cps.edu,41.965619,-87.772414,PRUSSING-World Language,<ul><li>GPA: N/A</li></ul>,"<ul><li><strong>Selection Type: </strong>Applicants are selected by random computerized lottery. If the program has priority groups, students in those groups are selected in the order listed.</li><li><strong>Priority: </strong>Sibling Preference,Staff Priority,General</li><li><strong>Note: </strong>World language programs provide students with intensive instruction in a world language to acquire proficiency in the new language as well as develop cultural understanding and awareness. For information on the specific language(s) offered within this program, please reach out to the school directly. </li></ul>"
610138,PULASKI,Pulaski International School of Chicago,ES,https://www.cps.edu/schools/profiles/school-overview/PULASKI,http://www.pulaskischool.org,41.918486,-87.683801,PULASKI-IB Primary Years Programme,<ul><li>GPA: N/A</li></ul>,"<ul><li><strong>Selection Type: </strong>Applicants are selected by random computerized lottery. If the program has priority groups, students in those groups are selected in the order listed.</li><li><strong>Priority: </strong>Sibling Preference,Staff Priority,Pre-K Preference,General</li><li><strong>Note: </strong>International Baccalaureate (IB) programmes are designed to develop well-rounded individuals who can respond to today's challenges with optimism and an open mind. The Primary Years Programme (PYP) is a student-centered approach to education that offers an inquiry-based, transdisciplinary curriculum framework that builds conceptual understanding. </li></ul>"
610138,PULASKI,Pulaski International School of Chicago,ES,https://www.cps.edu/schools/profiles/school-overview/PULASKI,http://www.pulaskischool.org,41.918486,-87.683801,PULASKI-IB Middle Years Programme,<ul><li>GPA: N/A</li></ul>,"<ul><li><strong>Selection Type: </strong>Applicants are selected by random computerized lottery. If the program has priority groups, students in those groups are selected in the order listed.</li><li><strong>Priority: </strong>Sibling Preference,General</li><li><strong>Note: </strong>International Baccalaureate (IB) programmes are designed to develop well-rounded individuals who can respond to today's challenges with optimism and an open mind. The Middle Years Programme (MYP) is a rigorous and highly flexible framework that encourages students to make practical connections between their studies and the real world, preparing them for success in further study and in life. </li></ul>"
610138,PULASKI,Pulaski International School of Chicago,ES,https://www.cps.edu/schools/profiles/school-overview/PULASKI,http://www.pulaskischool.org,41.918486,-87.683801,PULASKI-EL Regional Gifted Center (K-4),<ul><li>GPA: N/A</li></ul>,"<ul><li><strong>Priority: </strong>Rank,Tier</li><li><strong>Note: </strong>Regional Gifted Centers for English Learners (or EL-RGC programs) are designed to meet the needs of high-ability students whose native language is Spanish or Polish. Pulaski's program is open to students whose native language is Spanish only.&nbsp;Students in these programs typically receive bilingual instruction that is one to two grades above grade level. </li></ul>"
610138,PULASKI,Pulaski International School of Chicago,ES,https://www.cps.edu/schools/profiles/school-overview/PULASKI,http://www.pulaskischool.org,41.918486,-87.683801,PULASKI-EL Regional Gifted Center (5-8),<ul><li>GPA: 2.50</li></ul>,<ul><li><strong>Priority: </strong>General</li><li><strong>Note: </strong>Regional Gifted Centers for English Learners (or EL-RGC programs) are designed to meet the needs of high-ability students whose native language is Spanish or Polish.&nbsp;Pulaski's program is open to students whose native language is Spanish only. Students in these programs typically receive bilingual instruction that is one to two grades above grade level. </li></ul>
610139,PULLMAN,George M Pullman Elementary School,ES,https://www.cps.edu/schools/profiles/school-overview/PULLMAN,https://pullmanschool.org,41.688819,-87.609431,PULLMAN-Personalized Learning,<ul><li>GPA: N/A</li></ul>,"<ul><li><strong>Selection Type: </strong>Applicants are selected by random computerized lottery. If the program has priority groups, students in those groups are selected in the order listed.</li><li><strong>Priority: </strong>Sibling Preference,Staff Priority,Pre-K Preference,General</li><li><strong>Note: </strong>Personalized learning is a learner-driven instructional model that fosters 21st century skills by empowering every student to actively co-design their learning path, pace, and environment according to their individual needs, strengths, and interests. Simply put, at the core of personalized learning is learner agency. </li></ul>"
610141,RAVENSWOOD,Ravenswood Elementary School,ES,https://www.cps.edu/schools/profiles/school-overview/RAVENSWOOD,https://www.ravenswoodelementary.org,41.960746,-87.670922,RAVENSWOOD-Fine & Performing Arts,<ul><li>GPA: N/A</li></ul>,"<ul><li><strong>Selection Type: </strong>Applicants are selected by random computerized lottery. If the program has priority groups, students in those groups are selected in the order listed.</li><li><strong>Priority: </strong>Sibling Preference,Staff Priority,Pre-K Preference,General</li><li><strong>Note: </strong>This program provides a comprehensive general education curriculum across all core academic subjects, with a focus on Fine & Performing Arts as an enriching complement to the standard coursework. Arts teachers in Fine & Performing Arts schools work with students and other classroom teachers to provide intensive and integrated instruction in the arts. Students are exposed to various arts opportunities and environments, and have the opportunity to learn and grow in multiple art forms: dance, drama, media arts, music, and/or visual arts. </li></ul>"
610143,REAVIS,William C Reavis Math & Science Specialty ES,ES,https://www.cps.edu/schools/profiles/school-overview/REAVIS,http://www.reaviselementaryschool.org/,41.804174,-87.604925,REAVIS-Open Enrollment,<ul><li>GPA: N/A</li></ul>,"<ul><li><strong>Selection Type: </strong>Applicants are selected by random computerized lottery. If the program has priority groups, students in those groups are selected in the order listed.</li><li><strong>Priority: </strong>Sibling Preference,Staff Priority,Pre-K Preference,General</li><li><strong>Note: </strong>Open enrollment programs offer a well-rounded general education curriculum, focusing on core subjects like math, science, reading, and social studies. These programs serve a broad range of students without admissions screening or specialized academic focus. </li></ul>"
610142,RAY,William H Ray Elementary School,ES,https://www.cps.edu/schools/profiles/school-overview/RAY,http://ray.cps.edu,41.792348,-87.594752,RAY-World Language,<ul><li>GPA: N/A</li></ul>,"<ul><li><strong>Selection Type: </strong>Applicants are selected by random computerized lottery. If the program has priority groups, students in those groups are selected in the order listed.</li><li><strong>Priority: </strong>Sibling Preference,Staff Priority,Pre-K Preference,General</li><li><strong>Note: </strong>World language programs provide students with intensive instruction in a world language to acquire proficiency in the new language as well as develop cultural understanding and awareness. For information on the specific language(s) offered within this program, please reach out to the school directly. </li></ul>"
610144,REILLY,Frank W Reilly Elementary School,ES,https://www.cps.edu/schools/profiles/school-overview/REILLY,http://www.reillyschool.com,41.941094,-87.719541,REILLY-Open Enrollment,<ul><li>GPA: N/A</li></ul>,"<ul><li><strong>Selection Type: </strong>Applicants are selected by random computerized lottery. If the program has priority groups, students in those groups are selected in the order listed.</li><li><strong>Priority: </strong>Sibling Preference,Staff Priority,Pre-K Preference,General</li><li><strong>Note: </strong>Open enrollment programs offer a well-rounded general education curriculum, focusing on core subjects like math, science, reading, and social studies. These programs serve a broad range of students without admissions screening or specialized academic focus. </li></ul>"
610145,REINBERG,Peter A Reinberg Elementary School,ES,https://www.cps.edu/schools/profiles/school-overview/REINBERG,https://reinberg.cps.edu,41.943019,-87.768983,REINBERG-Open Enrollment,<ul><li>GPA: N/A</li></ul>,"<ul><li><strong>Selection Type: </strong>Applicants are selected by random computerized lottery. If the program has priority groups, students in those groups are selected in the order listed.</li><li><strong>Priority: </strong>Sibling Preference,Staff Priority,Pre-K Preference,General</li><li><strong>Note: </strong>Open enrollment programs offer a well-rounded general education curriculum, focusing on core subjects like math, science, reading, and social studies. These programs serve a broad range of students without admissions screening or specialized academic focus. </li></ul>"
610146,REVERE,Paul Revere Elementary School,ES,https://www.cps.edu/schools/profiles/school-overview/REVERE,https://wearerevere.org,41.764196,-87.600177,REVERE-Open Enrollment,<ul><li>GPA: N/A</li></ul>,"<ul><li><strong>Selection Type: </strong>Applicants are selected by random computerized lottery. If the program has priority groups, students in those groups are selected in the order listed.</li><li><strong>Priority: </strong>Sibling Preference,Staff Priority,Pre-K Preference,General</li><li><strong>Note: </strong>Open enrollment programs offer a well-rounded general education curriculum, focusing on core subjects like math, science, reading, and social studies. These programs serve a broad range of students without admissions screening or specialized academic focus. </li></ul>"
610148,BACK OF THE YARDS ES,Back of the Yards Multicultural Academic Center,ES,https://www.cps.edu/schools/profiles/school-overview/BACK-OF-THE-YARDS-ES,https://chavez.cps.edu,41.807143,-87.666037,BACK OF THE YARDS ES-Open Enrollment,<ul><li>GPA: N/A</li></ul>,"<ul><li><strong>Selection Type: </strong>Applicants are selected by random computerized lottery. If the program has priority groups, students in those groups are selected in the order listed.</li><li><strong>Priority: </strong>Sibling Preference,Staff Priority,Pre-K Preference,General</li><li><strong>Note: </strong>Open enrollment programs offer a well-rounded general education curriculum, focusing on core subjects like math, science, reading, and social studies. These programs serve a broad range of students without admissions screening or specialized academic focus. </li></ul>"
610147,ROGERS,Philip Rogers Elementary School,ES,https://www.cps.edu/schools/profiles/school-overview/ROGERS,https://philiprogersschool.org,42.015265,-87.697185,ROGERS-Fine & Performing Arts,<ul><li>GPA: N/A</li></ul>,"<ul><li><strong>Selection Type: </strong>Applicants are selected by random computerized lottery. If the program has priority groups, students in those groups are selected in the order listed.</li><li><strong>Priority: </strong>Sibling Preference,Staff Priority,Pre-K Preference,General</li><li><strong>Note: </strong>This program provides a comprehensive general education curriculum across all core academic subjects, with a focus on Fine & Performing Arts as an enriching complement to the standard coursework. Arts teachers in Fine & Performing Arts schools work with students and other classroom teachers to provide intensive and integrated instruction in the arts. Students are exposed to various arts opportunities and environments, and have the opportunity to learn and grow in multiple art forms: dance, drama, media arts, music, and/or visual arts. </li></ul>"
610152,RUGGLES,Martha Ruggles Elementary School,ES,https://www.cps.edu/schools/profiles/school-overview/RUGGLES,https://ruggleselementary.org,41.751946,-87.618066,RUGGLES-STEAM,<ul><li>GPA: N/A</li></ul>,"<ul><li><strong>Selection Type: </strong>Applicants are selected by random computerized lottery. If the program has priority groups, students in those groups are selected in the order listed.</li><li><strong>Priority: </strong>Sibling Preference,Staff Priority,Pre-K Preference,General</li><li><strong>Note: </strong>Schools with a STEAM specialization provide whole-school integrated Science, Technology, Engineering, Arts, and Math (STEAM) programming. In STEAM classrooms, students will: actively make sense of and construct solutions to complex questions; productively contribute to the learning community to support a culture of collaboration, risk-taking, and innovation; and regularly reflect on and communicate their understanding of disciplinary ideas. STEAM programs additionally incorporate arts education into the STEM curriculum. </li></ul>"
610153,RYDER,William H Ryder Math & Science Specialty ES,ES,https://www.cps.edu/schools/profiles/school-overview/RYDER,https://ryderschool.org,41.735379,-87.638843,RYDER-Open Enrollment,<ul><li>GPA: N/A</li></ul>,"<ul><li><strong>Selection Type: </strong>Applicants are selected by random computerized lottery. If the program has priority groups, students in those groups are selected in the order listed.</li><li><strong>Priority: </strong>Sibling Preference,Staff Priority,Pre-K Preference,General</li><li><strong>Note: </strong>Open enrollment programs offer a well-rounded general education curriculum, focusing on core subjects like math, science, reading, and social studies. These programs serve a broad range of students without admissions screening or specialized academic focus. </li></ul>"
610155,SAUGANASH,Sauganash Elementary School,ES,https://www.cps.edu/schools/profiles/school-overview/SAUGANASH,https://sauganash.cps.edu,41.991169,-87.745951,SAUGANASH-Open Enrollment,<ul><li>GPA: N/A</li></ul>,"<ul><li><strong>Selection Type: </strong>Applicants are selected by random computerized lottery. If the program has priority groups, students in those groups are selected in the order listed.</li><li><strong>Priority: </strong>Sibling Preference,Staff Priority,Pre-K Preference,General</li><li><strong>Note: </strong>Open enrollment programs offer a well-rounded general education curriculum, focusing on core subjects like math, science, reading, and social studies. These programs serve a broad range of students without admissions screening or specialized academic focus. </li></ul>"
610157,SAWYER,Sidney Sawyer Elementary School,ES,https://www.cps.edu/schools/profiles/school-overview/SAWYER,https://sawyer.cps.edu,41.797498,-87.705006,SAWYER-Open Enrollment,<ul><li>GPA: N/A</li></ul>,"<ul><li><strong>Selection Type: </strong>Applicants are selected by random computerized lottery. If the program has priority groups, students in those groups are selected in the order listed.</li><li><strong>Priority: </strong>Sibling Preference,Staff Priority,Pre-K Preference,General</li><li><strong>Note: </strong>Open enrollment programs offer a well-rounded general education curriculum, focusing on core subjects like math, science, reading, and social studies. These programs serve a broad range of students without admissions screening or specialized academic focus. </li></ul>"
610158,SAYRE,Harriet E Sayre Elementary Language Academy,ES,https://www.cps.edu/schools/profiles/school-overview/SAYRE,https://sayre.cps.edu,41.914151,-87.798721,SAYRE-World Language,<ul><li>GPA: N/A</li></ul>,"<ul><li><strong>Selection Type: </strong>Applicants are selected by random computerized lottery. If the program has priority groups, students in those groups are selected in the order listed.</li><li><strong>Priority: </strong>Sibling Preference,Staff Priority,Pre-K Preference,General</li><li><strong>Note: </strong>World language programs provide students with intensive instruction in a world language to acquire proficiency in the new language as well as develop cultural understanding and awareness. For information on the specific language(s) offered within this program, please reach out to the school directly. </li></ul>"
610158,SAYRE,Harriet E Sayre Elementary Language Academy,ES,https://www.cps.edu/schools/profiles/school-overview/SAYRE,https://sayre.cps.edu,41.914151,-87.798721,SAYRE-World Language & IB Middle Years Programme,<ul><li>GPA: N/A</li></ul>,"<ul><li><strong>Selection Type: </strong>Applicants are selected by random computerized lottery. If the program has priority groups, students in those groups are selected in the order listed.</li><li><strong>Priority: </strong>Sibling Preference,General</li><li><strong>Note: </strong>International Baccalaureate (IB) programmes are designed to develop well-rounded individuals who can respond to today's challenges with optimism and an open mind. The Middle Years Programme (MYP) is a rigorous and highly flexible framework that encourages students to make practical connections between their studies and the real world, preparing them for success in further study and in life.

World language programs provide students with intensive instruction in a world language to acquire proficiency in the new language as well as develop cultural understanding and awareness. For information on the specific language(s) offered within this program, please reach out to the school directly. </li></ul>"
610159,SCAMMON,Jonathan Y Scammon Elementary School,ES,https://www.cps.edu/schools/profiles/school-overview/SCAMMON,https://scammon.cps.edu,41.941678,-87.732179,SCAMMON-Open Enrollment,<ul><li>GPA: N/A</li></ul>,"<ul><li><strong>Selection Type: </strong>Applicants are selected by random computerized lottery. If the program has priority groups, students in those groups are selected in the order listed.</li><li><strong>Priority: </strong>Sibling Preference,Staff Priority,Pre-K Preference,General</li><li><strong>Note: </strong>Open enrollment programs offer a well-rounded general education curriculum, focusing on core subjects like math, science, reading, and social studies. These programs serve a broad range of students without admissions screening or specialized academic focus. </li></ul>"
610165,SCHUBERT,Franz Peter Schubert Elementary School,ES,https://www.cps.edu/schools/profiles/school-overview/SCHUBERT,https://schubertes.org,41.930403,-87.76119,SCHUBERT-Dual Language,<ul><li>GPA: N/A</li></ul>,"<ul><li><strong>Selection Type: </strong>Applicants are selected by random computerized lottery. If the program has priority groups, students in those groups are selected in the order listed.</li><li><strong>Priority: </strong>Sibling Preference,Staff Priority,General,Pre-K Preference,General</li><li><strong>Note: </strong>One-way dual language programs provide instruction in two languages and are primarily intended to serve English Learners (ELs), former ELs, and heritage language learners. Students receive core instruction (language arts, math, science, social science) through a second language with the goal of all students becoming bilingual and biliterate in both languages. At this time, the instructional languages of all CPS dual language programs are Spanish and English. </li></ul>"
610165,SCHUBERT,Franz Peter Schubert Elementary School,ES,https://www.cps.edu/schools/profiles/school-overview/SCHUBERT,https://schubertes.org,41.930403,-87.76119,SCHUBERT-Open Enrollment,<ul><li>GPA: N/A</li></ul>,"<ul><li><strong>Selection Type: </strong>Applicants are selected by random computerized lottery. If the program has priority groups, students in those groups are selected in the order listed.</li><li><strong>Priority: </strong>Sibling Preference,Staff Priority,Pre-K Preference,General</li><li><strong>Note: </strong>Open enrollment programs offer a well-rounded general education curriculum, focusing on core subjects like math, science, reading, and social studies. These programs serve a broad range of students without admissions screening or specialized academic focus. </li></ul>"
610175,SHOESMITH,Beulah Shoesmith Elementary School,ES,https://www.cps.edu/schools/profiles/school-overview/SHOESMITH,http://shoesmith.cps.edu,41.804294,-87.593905,SHOESMITH-Open Enrollment,<ul><li>GPA: N/A</li></ul>,"<ul><li><strong>Selection Type: </strong>Applicants are selected by random computerized lottery. If the program has priority groups, students in those groups are selected in the order listed.</li><li><strong>Priority: </strong>Sibling Preference,Staff Priority,General</li><li><strong>Note: </strong>Open enrollment programs offer a well-rounded general education curriculum, focusing on core subjects like math, science, reading, and social studies. These programs serve a broad range of students without admissions screening or specialized academic focus. </li></ul>"
610167,SEWARD,William H Seward Communication Arts Academy ES,ES,https://www.cps.edu/schools/profiles/school-overview/SEWARD,https://seward.cps.edu,41.810333,-87.668772,SEWARD-Open Enrollment,<ul><li>GPA: N/A</li></ul>,"<ul><li><strong>Selection Type: </strong>Applicants are selected by random computerized lottery. If the program has priority groups, students in those groups are selected in the order listed.</li><li><strong>Priority: </strong>Sibling Preference,Staff Priority,Pre-K Preference,General</li><li><strong>Note: </strong>Open enrollment programs offer a well-rounded general education curriculum, focusing on core subjects like math, science, reading, and social studies. These programs serve a broad range of students without admissions screening or specialized academic focus. </li></ul>"
610167,SEWARD,William H Seward Communication Arts Academy ES,ES,https://www.cps.edu/schools/profiles/school-overview/SEWARD,https://seward.cps.edu,41.810333,-87.668772,SEWARD-IB Middle Years Programme,<ul><li>GPA: N/A</li></ul>,"<ul><li><strong>Selection Type: </strong>Applicants are selected by random computerized lottery. If the program has priority groups, students in those groups are selected in the order listed.</li><li><strong>Priority: </strong>Sibling Preference,General</li><li><strong>Note: </strong>International Baccalaureate (IB) programmes are designed to develop well-rounded individuals who can respond to today's challenges with optimism and an open mind. The Middle Years Programme (MYP) is a rigorous and highly flexible framework that encourages students to make practical connections between their studies and the real world, preparing them for success in further study and in life. </li></ul>"
610170,COLUMBIA EXPLORERS,Columbia Explorers Elementary Academy,ES,https://www.cps.edu/schools/profiles/school-overview/COLUMBIA-EXPLORERS,https://columbiaexplorers.org,41.811069,-87.704199,COLUMBIA EXPLORERS-STEM,<ul><li>GPA: N/A</li></ul>,"<ul><li><strong>Selection Type: </strong>Applicants are selected by random computerized lottery. If the program has priority groups, students in those groups are selected in the order listed.</li><li><strong>Priority: </strong>Sibling Preference,Staff Priority,Pre-K Preference,General</li><li><strong>Note: </strong>Schools with a STEM specialization provide whole-school integrated Science, Technology, Engineering, and Math (STEM) programming. In STEM classrooms, students will: actively make sense of and construct solutions to complex questions; productively contribute to the learning community to support a culture of collaboration, risk-taking, and innovation; and regularly reflect on and communicate their understanding of disciplinary ideas. </li></ul>"
610171,MIRELES,Arnold Mireles Elementary Academy,ES,https://www.cps.edu/schools/profiles/school-overview/MIRELES,http://mireleselementary.org,41.731717,-87.552788,MIRELES-World Language,<ul><li>GPA: N/A</li></ul>,"<ul><li><strong>Selection Type: </strong>Applicants are selected by random computerized lottery. If the program has priority groups, students in those groups are selected in the order listed.</li><li><strong>Priority: </strong>Sibling Preference,Staff Priority,Pre-K Preference,General</li><li><strong>Note: </strong>World language programs provide students with intensive instruction in a world language to acquire proficiency in the new language as well as develop cultural understanding and awareness. For information on the specific language(s) offered within this program, please reach out to the school directly. </li></ul>"
610172,SHERMAN,William T Sherman Elementary School,ES,https://www.cps.edu/schools/profiles/school-overview/SHERMAN,https://sherman.cps.edu,41.799766,-87.650221,SHERMAN-Personalized Learning,<ul><li>GPA: N/A</li></ul>,"<ul><li><strong>Selection Type: </strong>Applicants are selected by random computerized lottery. If the program has priority groups, students in those groups are selected in the order listed.</li><li><strong>Priority: </strong>Sibling Preference,Staff Priority,Pre-K Preference,General</li><li><strong>Note: </strong>Personalized learning is a learner-driven instructional model that fosters 21st century skills by empowering every student to actively co-design their learning path, pace, and environment according to their individual needs, strengths, and interests. Simply put, at the core of personalized learning is learner agency. </li></ul>"
610173,SHERWOOD,Jesse Sherwood Elementary School,ES,https://www.cps.edu/schools/profiles/school-overview/SHERWOOD,https://sherwood.cps.edu,41.7908,-87.632279,SHERWOOD-Open Enrollment,<ul><li>GPA: N/A</li></ul>,"<ul><li><strong>Selection Type: </strong>Applicants are selected by random computerized lottery. If the program has priority groups, students in those groups are selected in the order listed.</li><li><strong>Priority: </strong>Sibling Preference,Staff Priority,Pre-K Preference,General</li><li><strong>Note: </strong>Open enrollment programs offer a well-rounded general education curriculum, focusing on core subjects like math, science, reading, and social studies. These programs serve a broad range of students without admissions screening or specialized academic focus. </li></ul>"
610174,SHIELDS,James Shields Elementary School,ES,https://www.cps.edu/schools/profiles/school-overview/SHIELDS,http://shields.cps.edu,41.815909,-87.689647,SHIELDS-Open Enrollment,<ul><li>GPA: N/A</li></ul>,"<ul><li><strong>Selection Type: </strong>Applicants are selected by random computerized lottery. If the program has priority groups, students in those groups are selected in the order listed.</li><li><strong>Priority: </strong>Sibling Preference,Staff Priority,Pre-K Preference,General</li><li><strong>Note: </strong>Open enrollment programs offer a well-rounded general education curriculum, focusing on core subjects like math, science, reading, and social studies. These programs serve a broad range of students without admissions screening or specialized academic focus. </li></ul>"
610176,SHOOP,John D Shoop Math-Science Technical Academy ES,ES,https://www.cps.edu/schools/profiles/school-overview/SHOOP,https://shoop.cps.edu,41.690919,-87.658669,SHOOP-STEM,<ul><li>GPA: N/A</li></ul>,"<ul><li><strong>Selection Type: </strong>Applicants are selected by random computerized lottery. If the program has priority groups, students in those groups are selected in the order listed.</li><li><strong>Priority: </strong>Sibling Preference,Staff Priority,Pre-K Preference,General</li><li><strong>Note: </strong>Schools with a STEM specialization provide whole-school integrated Science, Technology, Engineering, and Math (STEM) programming. In STEM classrooms, students will: actively make sense of and construct solutions to complex questions; productively contribute to the learning community to support a culture of collaboration, risk-taking, and innovation; and regularly reflect on and communicate their understanding of disciplinary ideas. </li></ul>"
609782,AUDUBON,John J Audubon Elementary School,ES,https://www.cps.edu/schools/profiles/school-overview/AUDUBON,https://audubonelementary.org,41.945062,-87.681041,AUDUBON-Technology,<ul><li>GPA: N/A</li></ul>,"<ul><li><strong>Selection Type: </strong>Applicants are selected by random computerized lottery. If the program has priority groups, students in those groups are selected in the order listed.</li><li><strong>Priority: </strong>Sibling Preference,Staff Priority,Pre-K Preference,General</li><li><strong>Note: </strong>Technology Program schools thoughtfully integrate technology and digital media throughout the curriculum to ensure that students develop the skills and habits of mind that will enable them to be successful in whatever endeavors they wish to pursue. This includes enabling students to use technology and digital media to demonstrate creative thinking and construct knowledge; communicate and work collaboratively; gather, evaluate and use information; conduct research, manage projects, and solve problems; practice legal and ethical behaviors while online; and understand technology concepts, systems, and operations. </li></ul>"
609786,AVALON PARK,Avalon Park Elementary School,ES,https://www.cps.edu/schools/profiles/school-overview/AVALON-PARK,https://avalonparkarts.org/,41.748247,-87.591654,"AVALON PARK-Fine & Performing Arts, Personalized Learning",<ul><li>GPA: N/A</li></ul>,"<ul><li><strong>Selection Type: </strong>Applicants are selected by random computerized lottery. If the program has priority groups, students in those groups are selected in the order listed.</li><li><strong>Priority: </strong>Sibling Preference,Staff Priority,Pre-K Preference,General</li><li><strong>Note: </strong>This program provides a comprehensive general education curriculum across all core academic subjects, with a focus on Fine & Performing Arts as an enriching complement to the standard coursework. Arts teachers in Fine & Performing Arts schools work with students and other classroom teachers to provide intensive and integrated instruction in the arts. Students are exposed to various arts opportunities and environments, and have the opportunity to learn and grow in multiple art forms: dance, drama, media arts, music, and/or visual arts.

Personalized learning is a learner-driven instructional model that fosters 21st century skills by empowering every student to actively co-design their learning path, pace, and environment according to their individual needs, strengths, and interests. Simply put, at the core of personalized learning is learner agency. </li></ul>"
609788,BARNARD,Alice L Barnard Computer Math & Science Ctr ES,ES,https://www.cps.edu/schools/profiles/school-overview/BARNARD,https://barnard.cps.edu,41.705131,-87.658074,BARNARD-Open Enrollment,<ul><li>GPA: N/A</li></ul>,"<ul><li><strong>Selection Type: </strong>Applicants are selected by random computerized lottery. If the program has priority groups, students in those groups are selected in the order listed.</li><li><strong>Priority: </strong>Sibling Preference,Staff Priority,Pre-K Preference,General</li><li><strong>Note: </strong>Open enrollment programs offer a well-rounded general education curriculum, focusing on core subjects like math, science, reading, and social studies. These programs serve a broad range of students without admissions screening or specialized academic focus. </li></ul>"
609788,BARNARD,Alice L Barnard Computer Math & Science Ctr ES,ES,https://www.cps.edu/schools/profiles/school-overview/BARNARD,https://barnard.cps.edu,41.705131,-87.658074,BARNARD-IB Middle Years Programme,<ul><li>GPA: N/A</li></ul>,"<ul><li><strong>Selection Type: </strong>Applicants are selected by random computerized lottery. If the program has priority groups, students in those groups are selected in the order listed.</li><li><strong>Priority: </strong>Sibling Preference,General</li><li><strong>Note: </strong>International Baccalaureate (IB) programmes are designed to develop well-rounded individuals who can respond to today's challenges with optimism and an open mind. The Middle Years Programme (MYP) is a rigorous and highly flexible framework that encourages students to make practical connections between their studies and the real world, preparing them for success in further study and in life. </li></ul>"
609789,BARRY,John Barry Elementary School,ES,https://www.cps.edu/schools/profiles/school-overview/BARRY,https://barry.cps.edu,41.932511,-87.739388,BARRY-Open Enrollment,<ul><li>GPA: N/A</li></ul>,"<ul><li><strong>Selection Type: </strong>Applicants are selected by random computerized lottery. If the program has priority groups, students in those groups are selected in the order listed.</li><li><strong>Priority: </strong>Sibling Preference,Staff Priority,Pre-K Preference,General</li><li><strong>Note: </strong>Open enrollment programs offer a well-rounded general education curriculum, focusing on core subjects like math, science, reading, and social studies. These programs serve a broad range of students without admissions screening or specialized academic focus. </li></ul>"
609789,BARRY,John Barry Elementary School,ES,https://www.cps.edu/schools/profiles/school-overview/BARRY,https://barry.cps.edu,41.932511,-87.739388,BARRY-Dual Language,<ul><li>GPA: N/A</li></ul>,"<ul><li><strong>Selection Type: </strong>Applicants are selected by random computerized lottery. If the program has priority groups, students in those groups are selected in the order listed.</li><li><strong>Priority: </strong>Sibling Preference,Staff Priority,General,Pre-K Preference,General</li><li><strong>Note: </strong>One-way dual language programs provide instruction in two languages and are primarily intended to serve English Learners (ELs), former ELs, and heritage language learners. Students receive core instruction (language arts, math, science, social science) through a second language with the goal of all students becoming bilingual and biliterate in both languages. At this time, the instructional languages of all CPS dual language programs are Spanish and English. </li></ul>"
609790,BARTON,Clara Barton Elementary School,ES,https://www.cps.edu/schools/profiles/school-overview/BARTON,https://bartonschoolchicago.org,41.754194,-87.670927,BARTON-Open Enrollment,<ul><li>GPA: N/A</li></ul>,"<ul><li><strong>Selection Type: </strong>Applicants are selected by random computerized lottery. If the program has priority groups, students in those groups are selected in the order listed.</li><li><strong>Priority: </strong>Sibling Preference,Staff Priority,Pre-K Preference,General</li><li><strong>Note: </strong>Open enrollment programs offer a well-rounded general education curriculum, focusing on core subjects like math, science, reading, and social studies. These programs serve a broad range of students without admissions screening or specialized academic focus. </li></ul>"
609803,BLAINE,James G Blaine Elementary School,ES,https://www.cps.edu/schools/profiles/school-overview/BLAINE,https://blaine.cps.edu,41.950781,-87.664968,BLAINE-Fine & Performing Arts,<ul><li>GPA: N/A</li></ul>,"<ul><li><strong>Selection Type: </strong>Applicants are selected by random computerized lottery. If the program has priority groups, students in those groups are selected in the order listed.</li><li><strong>Priority: </strong>Sibling Preference,Staff Priority,Pre-K Preference,General</li><li><strong>Note: </strong>This program provides a comprehensive general education curriculum across all core academic subjects, with a focus on Fine & Performing Arts as an enriching complement to the standard coursework. Arts teachers in Fine & Performing Arts schools work with students and other classroom teachers to provide intensive and integrated instruction in the arts. Students are exposed to various arts opportunities and environments, and have the opportunity to learn and grow in multiple art forms: dance, drama, media arts, music, and/or visual arts. </li></ul>"
609806,BRADWELL,Myra Bradwell Communications Arts & Sciences ES,ES,https://www.cps.edu/schools/profiles/school-overview/BRADWELL,https://bradwellbruins.org,41.754365,-87.557142,BRADWELL-Open Enrollment,<ul><li>GPA: N/A</li></ul>,"<ul><li><strong>Selection Type: </strong>Applicants are selected by random computerized lottery. If the program has priority groups, students in those groups are selected in the order listed.</li><li><strong>Priority: </strong>Sibling Preference,Staff Priority,Pre-K Preference,General</li><li><strong>Note: </strong>Open enrollment programs offer a well-rounded general education curriculum, focusing on core subjects like math, science, reading, and social studies. These programs serve a broad range of students without admissions screening or specialized academic focus. </li></ul>"
609804,MOSAIC,Mosaic School of Fine Arts,ES,https://www.cps.edu/schools/profiles/school-overview/MOSAIC,http://mosaic.cps.edu,42.003412,-87.697463,MOSAIC-Fine & Performing Arts,<ul><li>GPA: N/A</li></ul>,"<ul><li><strong>Selection Type: </strong>Applicants are selected by random computerized lottery. If the program has priority groups, students in those groups are selected in the order listed.</li><li><strong>Priority: </strong>Sibling Preference,Staff Priority,Pre-K Preference,General</li><li><strong>Note: </strong>This program provides a comprehensive general education curriculum across all core academic subjects, with a focus on Fine & Performing Arts as an enriching complement to the standard coursework. Arts teachers in Fine & Performing Arts schools work with students and other classroom teachers to provide intensive and integrated instruction in the arts. Students are exposed to various arts opportunities and environments, and have the opportunity to learn and grow in multiple art forms: dance, drama, media arts, music, and/or visual arts. </li></ul>"
609805,JOPLIN,Scott Joplin Elementary School,ES,https://www.cps.edu/schools/profiles/school-overview/JOPLIN,https://scottjoplinschool.org,41.749339,-87.669366,JOPLIN-Open Enrollment,<ul><li>GPA: N/A</li></ul>,"<ul><li><strong>Selection Type: </strong>Applicants are selected by random computerized lottery. If the program has priority groups, students in those groups are selected in the order listed.</li><li><strong>Priority: </strong>Sibling Preference,Staff Priority,Pre-K Preference,General</li><li><strong>Note: </strong>Open enrollment programs offer a well-rounded general education curriculum, focusing on core subjects like math, science, reading, and social studies. These programs serve a broad range of students without admissions screening or specialized academic focus. </li></ul>"
609807,HAMPTON,Lionel Hampton Fine & Performing Arts ES,ES,https://www.cps.edu/schools/profiles/school-overview/HAMPTON,https://hamptoncps.org,41.753457,-87.708731,HAMPTON-Fine & Performing Arts,<ul><li>GPA: N/A</li></ul>,"<ul><li><strong>Selection Type: </strong>Applicants are selected by random computerized lottery. If the program has priority groups, students in those groups are selected in the order listed.</li><li><strong>Priority: </strong>Sibling Preference,Staff Priority,Pre-K Preference,General</li><li><strong>Note: </strong>This program provides a comprehensive general education curriculum across all core academic subjects, with a focus on Fine & Performing Arts as an enriching complement to the standard coursework. Arts teachers in Fine & Performing Arts schools work with students and other classroom teachers to provide intensive and integrated instruction in the arts. Students are exposed to various arts opportunities and environments, and have the opportunity to learn and grow in multiple art forms: dance, drama, media arts, music, and/or visual arts. </li></ul>"
609808,HALEY,Alex Haley Elementary Academy,ES,https://www.cps.edu/schools/profiles/school-overview/HALEY,https://www.alexhaleyacademy.com,41.68666,-87.633632,HALEY-Fine & Performing Arts,<ul><li>GPA: N/A</li></ul>,"<ul><li><strong>Selection Type: </strong>Applicants are selected by random computerized lottery. If the program has priority groups, students in those groups are selected in the order listed.</li><li><strong>Priority: </strong>Sibling Preference,Staff Priority,Pre-K Preference,General</li><li><strong>Note: </strong>This program provides a comprehensive general education curriculum across all core academic subjects, with a focus on Fine & Performing Arts as an enriching complement to the standard coursework. Arts teachers in Fine & Performing Arts schools work with students and other classroom teachers to provide intensive and integrated instruction in the arts. Students are exposed to various arts opportunities and environments, and have the opportunity to learn and grow in multiple art forms: dance, drama, media arts, music, and/or visual arts. </li></ul>"
609809,BRENTANO,Lorenz Brentano Math & Science Academy ES,ES,https://www.cps.edu/schools/profiles/school-overview/BRENTANO,https://brentanomathandscienceacademy.org,41.930966,-87.696294,BRENTANO-Open Enrollment,<ul><li>GPA: N/A</li></ul>,"<ul><li><strong>Selection Type: </strong>Applicants are selected by random computerized lottery. If the program has priority groups, students in those groups are selected in the order listed.</li><li><strong>Priority: </strong>Sibling Preference,Staff Priority,Pre-K Preference,General</li><li><strong>Note: </strong>Open enrollment programs offer a well-rounded general education curriculum, focusing on core subjects like math, science, reading, and social studies. These programs serve a broad range of students without admissions screening or specialized academic focus. </li></ul>"
609810,BRIDGE,Norman A Bridge Elementary School,ES,https://www.cps.edu/schools/profiles/school-overview/BRIDGE,https://bridge.cps.edu,41.949114,-87.798669,BRIDGE-Open Enrollment,<ul><li>GPA: N/A</li></ul>,"<ul><li><strong>Selection Type: </strong>Applicants are selected by random computerized lottery. If the program has priority groups, students in those groups are selected in the order listed.</li><li><strong>Priority: </strong>Sibling Preference,Staff Priority,Pre-K Preference,General</li><li><strong>Note: </strong>Open enrollment programs offer a well-rounded general education curriculum, focusing on core subjects like math, science, reading, and social studies. These programs serve a broad range of students without admissions screening or specialized academic focus. </li></ul>"
609811,BRIGHT,Orville T Bright Elementary School,ES,https://www.cps.edu/schools/profiles/school-overview/BRIGHT,https://orvillebright.org,41.699726,-87.562084,BRIGHT-Fine & Performing Arts,<ul><li>GPA: N/A</li></ul>,"<ul><li><strong>Selection Type: </strong>Applicants are selected by random computerized lottery. If the program has priority groups, students in those groups are selected in the order listed.</li><li><strong>Priority: </strong>Sibling Preference,Staff Priority,Pre-K Preference,General</li><li><strong>Note: </strong>This program provides a comprehensive general education curriculum across all core academic subjects, with a focus on Fine & Performing Arts as an enriching complement to the standard coursework. Arts teachers in Fine & Performing Arts schools work with students and other classroom teachers to provide intensive and integrated instruction in the arts. Students are exposed to various arts opportunities and environments, and have the opportunity to learn and grow in multiple art forms: dance, drama, media arts, music, and/or visual arts. </li></ul>"
609813,BROWNELL,Charles S Brownell Elementary School,ES,https://www.cps.edu/schools/profiles/school-overview/BROWNELL,https://brownellcps.org,41.77162,-87.621746,BROWNELL-Open Enrollment,<ul><li>GPA: N/A</li></ul>,"<ul><li><strong>Selection Type: </strong>Applicants are selected by random computerized lottery. If the program has priority groups, students in those groups are selected in the order listed.</li><li><strong>Priority: </strong>Sibling Preference,Staff Priority,Pre-K Preference,General</li><li><strong>Note: </strong>Open enrollment programs offer a well-rounded general education curriculum, focusing on core subjects like math, science, reading, and social studies. These programs serve a broad range of students without admissions screening or specialized academic focus. </li></ul>"
609812,BROWN W,William H Brown STEM Magnet Elementary School,ES,https://www.cps.edu/schools/profiles/school-overview/BROWN-W,https://wbrownstem.org,41.882997,-87.670682,BROWN W-Magnet - STEM,<ul><li>GPA: N/A</li></ul>,"<ul><li><strong>Selection Type: </strong>Applicants are selected by random computerized lottery. If the program has priority groups, students in those groups are selected in the order listed.</li><li><strong>Priority: </strong>Sibling Preference,Staff Priority,Pre-K Preference,Tier</li><li><strong>Note: </strong>Schools with a STEM specialization provide whole-school integrated Science, Technology, Engineering, and Math (STEM) programming. In STEM classrooms, students will: actively make sense of and construct solutions to complex questions; productively contribute to the learning community to support a culture of collaboration, risk-taking, and innovation; and regularly reflect on and communicate their understanding of disciplinary ideas. </li></ul>"
609815,BOUCHET,Edward A Bouchet Math & Science Academy ES,ES,https://www.cps.edu/schools/profiles/school-overview/BOUCHET,https://bouchet-brynmawr.cps.edu,41.760847,-87.576075,BOUCHET-IB Primary Years Programme,<ul><li>GPA: N/A</li></ul>,"<ul><li><strong>Selection Type: </strong>Applicants are selected by random computerized lottery. If the program has priority groups, students in those groups are selected in the order listed.</li><li><strong>Priority: </strong>Sibling Preference,Staff Priority,Pre-K Preference,General</li><li><strong>Note: </strong>International Baccalaureate (IB) programmes are designed to develop well-rounded individuals who can respond to today's challenges with optimism and an open mind. The Primary Years Programme (PYP) is a student-centered approach to education that offers an inquiry-based, transdisciplinary curriculum framework that builds conceptual understanding. </li></ul>"
609815,BOUCHET,Edward A Bouchet Math & Science Academy ES,ES,https://www.cps.edu/schools/profiles/school-overview/BOUCHET,https://bouchet-brynmawr.cps.edu,41.760847,-87.576075,BOUCHET-IB Middle Years Programme,<ul><li>GPA: N/A</li></ul>,"<ul><li><strong>Selection Type: </strong>Applicants are selected by random computerized lottery. If the program has priority groups, students in those groups are selected in the order listed.</li><li><strong>Priority: </strong>Sibling Preference,General</li><li><strong>Note: </strong>International Baccalaureate (IB) programmes are designed to develop well-rounded individuals who can respond to today's challenges with optimism and an open mind. The Middle Years Programme (MYP) is a rigorous and highly flexible framework that encourages students to make practical connections between their studies and the real world, preparing them for success in further study and in life. </li></ul>"
609817,BUDLONG,Lyman A Budlong Elementary School,ES,https://www.cps.edu/schools/profiles/school-overview/BUDLONG,https://budlong.cps.edu,41.975754,-87.696556,BUDLONG-Open Enrollment,<ul><li>GPA: N/A</li></ul>,"<ul><li><strong>Selection Type: </strong>Applicants are selected by random computerized lottery. If the program has priority groups, students in those groups are selected in the order listed.</li><li><strong>Priority: </strong>Sibling Preference,Staff Priority,Pre-K Preference,General</li><li><strong>Note: </strong>Open enrollment programs offer a well-rounded general education curriculum, focusing on core subjects like math, science, reading, and social studies. These programs serve a broad range of students without admissions screening or specialized academic focus. </li></ul>"
609818,BURBANK,Luther Burbank Elementary School,ES,https://www.cps.edu/schools/profiles/school-overview/BURBANK,https://burbank.cps.edu,41.917598,-87.7827,BURBANK-Open Enrollment,<ul><li>GPA: N/A</li></ul>,"<ul><li><strong>Selection Type: </strong>Applicants are selected by random computerized lottery. If the program has priority groups, students in those groups are selected in the order listed.</li><li><strong>Priority: </strong>Sibling Preference,Staff Priority,Pre-K Preference,General</li><li><strong>Note: </strong>Open enrollment programs offer a well-rounded general education curriculum, focusing on core subjects like math, science, reading, and social studies. These programs serve a broad range of students without admissions screening or specialized academic focus. </li></ul>"
609820,BURLEY,Augustus H Burley Elementary School,ES,https://www.cps.edu/schools/profiles/school-overview/BURLEY,https://burley.cps.edu,41.937937,-87.669853,BURLEY-Technology,<ul><li>GPA: N/A</li></ul>,"<ul><li><strong>Selection Type: </strong>Applicants are selected by random computerized lottery. If the program has priority groups, students in those groups are selected in the order listed.</li><li><strong>Priority: </strong>Sibling Preference,Staff Priority,General</li><li><strong>Note: </strong>Technology Program schools thoughtfully integrate technology and digital media throughout the curriculum to ensure that students develop the skills and habits of mind that will enable them to be successful in whatever endeavors they wish to pursue. This includes enabling students to use technology and digital media to demonstrate creative thinking and construct knowledge; communicate and work collaboratively; gather, evaluate and use information; conduct research, manage projects, and solve problems; practice legal and ethical behaviors while online; and understand technology concepts, systems, and operations. </li></ul>"
609819,BURKE,Edmond Burke Elementary School,ES,https://www.cps.edu/schools/profiles/school-overview/BURKE,http://burke.cps.edu,41.79676,-87.616141,BURKE-Open Enrollment,<ul><li>GPA: N/A</li></ul>,"<ul><li><strong>Selection Type: </strong>Applicants are selected by random computerized lottery. If the program has priority groups, students in those groups are selected in the order listed.</li><li><strong>Priority: </strong>Sibling Preference,Staff Priority,Pre-K Preference,General</li><li><strong>Note: </strong>Open enrollment programs offer a well-rounded general education curriculum, focusing on core subjects like math, science, reading, and social studies. These programs serve a broad range of students without admissions screening or specialized academic focus. </li></ul>"
609821,BURNHAM,Burnham Elementary Inclusive Academy,ES,https://www.cps.edu/schools/profiles/school-overview/BURNHAM,https://burnham.cps.edu,41.714402,-87.567131,BURNHAM-Open Enrollment,<ul><li>GPA: N/A</li></ul>,"<ul><li><strong>Selection Type: </strong>Applicants are selected by random computerized lottery. If the program has priority groups, students in those groups are selected in the order listed.</li><li><strong>Priority: </strong>Sibling Preference,Staff Priority,Pre-K Preference,General</li><li><strong>Note: </strong>Open enrollment programs offer a well-rounded general education curriculum, focusing on core subjects like math, science, reading, and social studies. These programs serve a broad range of students without admissions screening or specialized academic focus. </li></ul>"
609832,BYRNE,Michael M Byrne Elementary School,ES,https://www.cps.edu/schools/profiles/school-overview/BYRNE,https://byrnecps.org,41.795031,-87.791544,BYRNE-Open Enrollment,<ul><li>GPA: N/A</li></ul>,"<ul><li><strong>Selection Type: </strong>Applicants are selected by random computerized lottery. If the program has priority groups, students in those groups are selected in the order listed.</li><li><strong>Priority: </strong>Sibling Preference,Staff Priority,General</li><li><strong>Note: </strong>Open enrollment programs offer a well-rounded general education curriculum, focusing on core subjects like math, science, reading, and social studies. These programs serve a broad range of students without admissions screening or specialized academic focus. </li></ul>"
609832,BYRNE,Michael M Byrne Elementary School,ES,https://www.cps.edu/schools/profiles/school-overview/BYRNE,https://byrnecps.org,41.795031,-87.791544,BYRNE-IB Middle Years Programme,<ul><li>GPA: N/A</li></ul>,"<ul><li><strong>Selection Type: </strong>Applicants are selected by random computerized lottery. If the program has priority groups, students in those groups are selected in the order listed.</li><li><strong>Priority: </strong>Sibling Preference,General</li><li><strong>Note: </strong>International Baccalaureate (IB) programmes are designed to develop well-rounded individuals who can respond to today's challenges with optimism and an open mind. The Middle Years Programme (MYP) is a rigorous and highly flexible framework that encourages students to make practical connections between their studies and the real world, preparing them for success in further study and in life. </li></ul>"
609839,CARROLL,Carroll-Rosenwald Specialty Elementary School,ES,https://www.cps.edu/schools/profiles/school-overview/CARROLL,https://carroll-rosenwald.cps.edu,41.742517,-87.696012,CARROLL-Open Enrollment,<ul><li>GPA: N/A</li></ul>,"<ul><li><strong>Selection Type: </strong>Applicants are selected by random computerized lottery. If the program has priority groups, students in those groups are selected in the order listed.</li><li><strong>Priority: </strong>Sibling Preference,Staff Priority,Pre-K Preference,General</li><li><strong>Note: </strong>Open enrollment programs offer a well-rounded general education curriculum, focusing on core subjects like math, science, reading, and social studies. These programs serve a broad range of students without admissions screening or specialized academic focus. </li></ul>"
609842,CARSON,Rachel Carson Elementary School,ES,https://www.cps.edu/schools/profiles/school-overview/CARSON,https://carson.cps.edu,41.793272,-87.6878,CARSON-World Language,<ul><li>GPA: N/A</li></ul>,"<ul><li><strong>Selection Type: </strong>Applicants are selected by random computerized lottery. If the program has priority groups, students in those groups are selected in the order listed.</li><li><strong>Priority: </strong>Sibling Preference,Staff Priority,Pre-K Preference,General</li><li><strong>Note: </strong>World language programs provide students with intensive instruction in a world language to acquire proficiency in the new language as well as develop cultural understanding and awareness. For information on the specific language(s) offered within this program, please reach out to the school directly. </li></ul>"
609842,CARSON,Rachel Carson Elementary School,ES,https://www.cps.edu/schools/profiles/school-overview/CARSON,https://carson.cps.edu,41.793272,-87.6878,CARSON-Dual Language,<ul><li>GPA: N/A</li></ul>,"<ul><li><strong>Selection Type: </strong>Applicants are selected by random computerized lottery. If the program has priority groups, students in those groups are selected in the order listed.</li><li><strong>Priority: </strong>Sibling Preference,Staff Priority,General,Pre-K Preference,General</li><li><strong>Note: </strong>One-way dual language programs provide instruction in two languages and are primarily intended to serve English Learners (ELs), former ELs, and heritage language learners. Students receive core instruction (language arts, math, science, social science) through a second language with the goal of all students becoming bilingual and biliterate in both languages. At this time, the instructional languages of all CPS dual language programs are Spanish and English. </li></ul>"
609844,CARTER,William W Carter Elementary School,ES,https://www.cps.edu/schools/profiles/school-overview/CARTER,https://cartersoe.cps.edu,41.789828,-87.622453,CARTER-Open Enrollment,<ul><li>GPA: N/A</li></ul>,"<ul><li><strong>Selection Type: </strong>Applicants are selected by random computerized lottery. If the program has priority groups, students in those groups are selected in the order listed.</li><li><strong>Priority: </strong>Sibling Preference,Staff Priority,Pre-K Preference,General</li><li><strong>Note: </strong>Open enrollment programs offer a well-rounded general education curriculum, focusing on core subjects like math, science, reading, and social studies. These programs serve a broad range of students without admissions screening or specialized academic focus. </li></ul>"
609850,GREELEY,Horace Greeley Elementary School,ES,https://www.cps.edu/schools/profiles/school-overview/GREELEY,https://greeleyelementary.com,41.95281,-87.65098,GREELEY-World Language,<ul><li>GPA: N/A</li></ul>,"<ul><li><strong>Selection Type: </strong>Applicants are selected by random computerized lottery. If the program has priority groups, students in those groups are selected in the order listed.</li><li><strong>Priority: </strong>Sibling Preference,Staff Priority,Pre-K Preference,General</li><li><strong>Note: </strong>World language programs provide students with intensive instruction in a world language to acquire proficiency in the new language as well as develop cultural understanding and awareness. For information on the specific language(s) offered within this program, please reach out to the school directly. </li></ul>"
609850,GREELEY,Horace Greeley Elementary School,ES,https://www.cps.edu/schools/profiles/school-overview/GREELEY,https://greeleyelementary.com,41.95281,-87.65098,GREELEY-EL Regional Gifted Center (K-4),<ul><li>GPA: N/A</li></ul>,"<ul><li><strong>Priority: </strong>Rank,Tier</li><li><strong>Note: </strong>Regional Gifted Centers for English Learners (or EL-RGC programs) are designed to meet the needs of high-ability students whose native language is Spanish or Polish. Students in these programs typically receive bilingual instruction that is one to two grades above grade level. </li></ul>"
609850,GREELEY,Horace Greeley Elementary School,ES,https://www.cps.edu/schools/profiles/school-overview/GREELEY,https://greeleyelementary.com,41.95281,-87.65098,GREELEY-EL Regional Gifted Center (5-8),<ul><li>GPA: 2.50</li></ul>,<ul><li><strong>Priority: </strong>General</li><li><strong>Note: </strong>Regional Gifted Centers for English Learners (or EL-RGC programs) are designed to meet the needs of high-ability students whose native language is Spanish or Polish. Students in these programs typically receive bilingual instruction that is one to two grades above grade level. </li></ul>
609845,CARVER G,George Washington Carver Primary School,ES,https://www.cps.edu/schools/profiles/school-overview/CARVER-G,https://gwcarver.cps.edu,41.653702,-87.599516,CARVER G-Fine & Performing Arts,<ul><li>GPA: N/A</li></ul>,"<ul><li><strong>Selection Type: </strong>Applicants are selected by random computerized lottery. If the program has priority groups, students in those groups are selected in the order listed.</li><li><strong>Priority: </strong>Sibling Preference,Staff Priority,Pre-K Preference,General</li><li><strong>Note: </strong>This program provides a comprehensive general education curriculum across all core academic subjects, with a focus on Fine & Performing Arts as an enriching complement to the standard coursework. Arts teachers in Fine & Performing Arts schools work with students and other classroom teachers to provide intensive and integrated instruction in the arts. Students are exposed to various arts opportunities and environments, and have the opportunity to learn and grow in multiple art forms: dance, drama, media arts, music, and/or visual arts. </li></ul>"
609848,ALDRIDGE,Ira F Aldridge Elementary School,ES,https://www.cps.edu/schools/profiles/school-overview/ALDRIDGE,https://aldridge.cps.edu,41.657405,-87.606474,ALDRIDGE-Open Enrollment,<ul><li>GPA: N/A</li></ul>,"<ul><li><strong>Selection Type: </strong>Applicants are selected by random computerized lottery. If the program has priority groups, students in those groups are selected in the order listed.</li><li><strong>Priority: </strong>Sibling Preference,Staff Priority,Pre-K Preference,General</li><li><strong>Note: </strong>Open enrollment programs offer a well-rounded general education curriculum, focusing on core subjects like math, science, reading, and social studies. These programs serve a broad range of students without admissions screening or specialized academic focus. </li></ul>"
609849,CASSELL,George F Cassell Elementary School,ES,https://www.cps.edu/schools/profiles/school-overview/CASSELL,https://cassell.cps.edu,41.687347,-87.703215,CASSELL-Fine & Performing Arts,<ul><li>GPA: N/A</li></ul>,"<ul><li><strong>Selection Type: </strong>Applicants are selected by random computerized lottery. If the program has priority groups, students in those groups are selected in the order listed.</li><li><strong>Priority: </strong>Sibling Preference,Staff Priority,General</li><li><strong>Note: </strong>This program provides a comprehensive general education curriculum across all core academic subjects, with a focus on Fine & Performing Arts as an enriching complement to the standard coursework. Arts teachers in Fine & Performing Arts schools work with students and other classroom teachers to provide intensive and integrated instruction in the arts. Students are exposed to various arts opportunities and environments, and have the opportunity to learn and grow in multiple art forms: dance, drama, media arts, music, and/or visual arts. </li></ul>"
609851,CHALMERS,Thomas Chalmers STEAM Elementary School,ES,https://www.cps.edu/schools/profiles/school-overview/CHALMERS,https://chalmerssoe.org,41.866435,-87.695259,CHALMERS-STEAM,<ul><li>GPA: N/A</li></ul>,"<ul><li><strong>Selection Type: </strong>Applicants are selected by random computerized lottery. If the program has priority groups, students in those groups are selected in the order listed.</li><li><strong>Priority: </strong>Sibling Preference,Staff Priority,Pre-K Preference,General</li><li><strong>Note: </strong>Schools with a STEAM specialization provide whole-school integrated Science, Technology, Engineering, Arts, and Math (STEAM) programming. In STEAM classrooms, students will: actively make sense of and construct solutions to complex questions; productively contribute to the learning community to support a culture of collaboration, risk-taking, and innovation; and regularly reflect on and communicate their understanding of disciplinary ideas. STEAM programs additionally incorporate arts education into the STEM curriculum. </li></ul>"
609852,CHAPPELL,Eliza Chappell Elementary School,ES,https://www.cps.edu/schools/profiles/school-overview/CHAPPELL,https://chappellelementaryschool.org,41.975894,-87.683264,CHAPPELL-World Language,<ul><li>GPA: N/A</li></ul>,"<ul><li><strong>Selection Type: </strong>Applicants are selected by random computerized lottery. If the program has priority groups, students in those groups are selected in the order listed.</li><li><strong>Priority: </strong>Sibling Preference,Staff Priority,Pre-K Preference,General</li><li><strong>Note: </strong>World language programs provide students with intensive instruction in a world language to acquire proficiency in the new language as well as develop cultural understanding and awareness. For information on the specific language(s) offered within this program, please reach out to the school directly. </li></ul>"
609853,CHASE,Salmon P Chase Elementary School,ES,https://www.cps.edu/schools/profiles/school-overview/CHASE,https://chase.cps.edu,41.917993,-87.694562,CHASE-STEAM,<ul><li>GPA: N/A</li></ul>,"<ul><li><strong>Selection Type: </strong>Applicants are selected by random computerized lottery. If the program has priority groups, students in those groups are selected in the order listed.</li><li><strong>Priority: </strong>Sibling Preference,Staff Priority,Pre-K Preference,General</li><li><strong>Note: </strong>Schools with a STEAM specialization provide whole-school integrated Science, Technology, Engineering, Arts, and Math (STEAM) programming. In STEAM classrooms, students will: actively make sense of and construct solutions to complex questions; productively contribute to the learning community to support a culture of collaboration, risk-taking, and innovation; and regularly reflect on and communicate their understanding of disciplinary ideas. STEAM programs additionally incorporate arts education into the STEM curriculum. </li></ul>"
609853,CHASE,Salmon P Chase Elementary School,ES,https://www.cps.edu/schools/profiles/school-overview/CHASE,https://chase.cps.edu,41.917993,-87.694562,CHASE-Dual Language,<ul><li>GPA: N/A</li></ul>,"<ul><li><strong>Selection Type: </strong>Applicants are selected by random computerized lottery. If the program has priority groups, students in those groups are selected in the order listed.</li><li><strong>Priority: </strong>Sibling Preference,Staff Priority,General,Pre-K Preference,General</li><li><strong>Note: </strong>Two-way dual language programs aim for a 50:50 balance of English Learners (ELs) and non-ELs in the classroom. Students serve as language models to each other as they acquire the second language. Two-way dual language programs provide instruction in two languages: Spanish and English. Students receive core instruction (language arts, math, science, social science) through a second language with the goal of all students becoming bilingual and biliterate in both Spanish and English. </li></ul>"
609854,CHOPIN,Frederic Chopin Elementary School,ES,https://www.cps.edu/schools/profiles/school-overview/CHOPIN,https://chopin.cps.edu,41.896713,-87.688937,CHOPIN-Fine & Performing Arts,<ul><li>GPA: N/A</li></ul>,"<ul><li><strong>Selection Type: </strong>Applicants are selected by random computerized lottery. If the program has priority groups, students in those groups are selected in the order listed.</li><li><strong>Priority: </strong>Sibling Preference,Staff Priority,Pre-K Preference,General</li><li><strong>Note: </strong>This program provides a comprehensive general education curriculum across all core academic subjects, with a focus on Fine & Performing Arts as an enriching complement to the standard coursework. Arts teachers in Fine & Performing Arts schools work with students and other classroom teachers to provide intensive and integrated instruction in the arts. Students are exposed to various arts opportunities and environments, and have the opportunity to learn and grow in multiple art forms: dance, drama, media arts, music, and/or visual arts. </li></ul>"
609857,CLEVELAND,Grover Cleveland Elementary School,ES,https://www.cps.edu/schools/profiles/school-overview/CLEVELAND,https://clevelandschool.org,41.952042,-87.706443,CLEVELAND-Open Enrollment,<ul><li>GPA: N/A</li></ul>,"<ul><li><strong>Selection Type: </strong>Applicants are selected by random computerized lottery. If the program has priority groups, students in those groups are selected in the order listed.</li><li><strong>Priority: </strong>Sibling Preference,Staff Priority,Pre-K Preference,General</li><li><strong>Note: </strong>Open enrollment programs offer a well-rounded general education curriculum, focusing on core subjects like math, science, reading, and social studies. These programs serve a broad range of students without admissions screening or specialized academic focus. </li></ul>"
609857,CLEVELAND,Grover Cleveland Elementary School,ES,https://www.cps.edu/schools/profiles/school-overview/CLEVELAND,https://clevelandschool.org,41.952042,-87.706443,CLEVELAND-Dual Language,<ul><li>GPA: N/A</li></ul>,"<ul><li><strong>Selection Type: </strong>Applicants are selected by random computerized lottery. If the program has priority groups, students in those groups are selected in the order listed.</li><li><strong>Priority: </strong>Sibling Preference,Staff Priority,General,Pre-K Preference,General</li><li><strong>Note: </strong>One-way dual language programs provide instruction in two languages and are primarily intended to serve English Learners (ELs), former ELs, and heritage language learners. Students receive core instruction (language arts, math, science, social science) through a second language with the goal of all students becoming bilingual and biliterate in both languages. At this time, the instructional languages of all CPS dual language programs are Spanish and English. </li></ul>"
609859,CLINTON,DeWitt Clinton Elementary School,ES,https://www.cps.edu/schools/profiles/school-overview/CLINTON,https://clinton.cps.edu,41.992541,-87.69836,CLINTON-Personalized Learning,<ul><li>GPA: N/A</li></ul>,"<ul><li><strong>Selection Type: </strong>Applicants are selected by random computerized lottery. If the program has priority groups, students in those groups are selected in the order listed.</li><li><strong>Priority: </strong>Sibling Preference,Staff Priority,Pre-K Preference,General</li><li><strong>Note: </strong>Personalized learning is a learner-driven instructional model that fosters 21st century skills by empowering every student to actively co-design their learning path, pace, and environment according to their individual needs, strengths, and interests. Simply put, at the core of personalized learning is learner agency. </li></ul>"
609861,CLISSOLD,Henry R Clissold Elementary School,ES,https://www.cps.edu/schools/profiles/school-overview/CLISSOLD,http://www.clissold-school.org,41.693026,-87.680897,CLISSOLD-Montessori,<ul><li>GPA: N/A</li></ul>,"<ul><li><strong>Selection Type: </strong>Applicants are selected by random computerized lottery. If the program has priority groups, students in those groups are selected in the order listed.</li><li><strong>Priority: </strong>Sibling Preference,Staff Priority,Pre-K Preference,General</li><li><strong>Note: </strong>Montessori is a method of education that is based on self-directed activity, hands-on learning, and collaborative play. In Montessori classrooms, children make creative choices in their learning, while the classroom and the teacher offer age-appropriate activities to guide the process. </li></ul>"
609861,CLISSOLD,Henry R Clissold Elementary School,ES,https://www.cps.edu/schools/profiles/school-overview/CLISSOLD,http://www.clissold-school.org,41.693026,-87.680897,CLISSOLD-IB Middle Years Programme,<ul><li>GPA: N/A</li></ul>,"<ul><li><strong>Selection Type: </strong>Applicants are selected by random computerized lottery. If the program has priority groups, students in those groups are selected in the order listed.</li><li><strong>Priority: </strong>Sibling Preference,General</li><li><strong>Note: </strong>International Baccalaureate (IB) programmes are designed to develop well-rounded individuals who can respond to today's challenges with optimism and an open mind. The Middle Years Programme (MYP) is a rigorous and highly flexible framework that encourages students to make practical connections between their studies and the real world, preparing them for success in further study and in life. </li></ul>"
609862,COLES,Edward Coles Elementary Language Academy,ES,https://www.cps.edu/schools/profiles/school-overview/COLES,https://colesacademy.cps.edu,41.741413,-87.56597,COLES-World Language,<ul><li>GPA: N/A</li></ul>,"<ul><li><strong>Selection Type: </strong>Applicants are selected by random computerized lottery. If the program has priority groups, students in those groups are selected in the order listed.</li><li><strong>Priority: </strong>Sibling Preference,Staff Priority,Pre-K Preference,General</li><li><strong>Note: </strong>World language programs provide students with intensive instruction in a world language to acquire proficiency in the new language as well as develop cultural understanding and awareness. For information on the specific language(s) offered within this program, please reach out to the school directly. </li></ul>"
609863,GINSBURG,Ruth Bader Ginsburg Elementary School,ES,https://www.cps.edu/schools/profiles/school-overview/GINSBURG,http://ginsburg.cps.edu,41.899566,-87.681938,GINSBURG-Open Enrollment,<ul><li>GPA: N/A</li></ul>,"<ul><li><strong>Selection Type: </strong>Applicants are selected by random computerized lottery. If the program has priority groups, students in those groups are selected in the order listed.</li><li><strong>Priority: </strong>Sibling Preference,Staff Priority,Pre-K Preference,General</li><li><strong>Note: </strong>Open enrollment programs offer a well-rounded general education curriculum, focusing on core subjects like math, science, reading, and social studies. These programs serve a broad range of students without admissions screening or specialized academic focus. </li></ul>"
609864,COOK,John W Cook Elementary School,ES,https://www.cps.edu/schools/profiles/school-overview/COOK,https://cookelementary.org,41.745237,-87.659775,COOK-Open Enrollment,<ul><li>GPA: N/A</li></ul>,"<ul><li><strong>Selection Type: </strong>Applicants are selected by random computerized lottery. If the program has priority groups, students in those groups are selected in the order listed.</li><li><strong>Priority: </strong>Sibling Preference,Staff Priority,Pre-K Preference,General</li><li><strong>Note: </strong>Open enrollment programs offer a well-rounded general education curriculum, focusing on core subjects like math, science, reading, and social studies. These programs serve a broad range of students without admissions screening or specialized academic focus. </li></ul>"
609865,JORDAN,Jordan Elementary Community School,ES,https://www.cps.edu/schools/profiles/school-overview/JORDAN,https://jordan.cps.edu,42.017088,-87.677763,JORDAN-Open Enrollment,<ul><li>GPA: N/A</li></ul>,"<ul><li><strong>Selection Type: </strong>Applicants are selected by random computerized lottery. If the program has priority groups, students in those groups are selected in the order listed.</li><li><strong>Priority: </strong>Sibling Preference,Staff Priority,Pre-K Preference,General</li><li><strong>Note: </strong>Open enrollment programs offer a well-rounded general education curriculum, focusing on core subjects like math, science, reading, and social studies. These programs serve a broad range of students without admissions screening or specialized academic focus. </li></ul>"
610011,JAMIESON,Minnie Mars Jamieson Elementary School,ES,https://www.cps.edu/schools/profiles/school-overview/JAMIESON,https://jamieson.cps.edu,41.984641,-87.700529,JAMIESON-Open Enrollment,<ul><li>GPA: N/A</li></ul>,"<ul><li><strong>Selection Type: </strong>Applicants are selected by random computerized lottery. If the program has priority groups, students in those groups are selected in the order listed.</li><li><strong>Priority: </strong>Sibling Preference,Staff Priority,Pre-K Preference,General</li><li><strong>Note: </strong>Open enrollment programs offer a well-rounded general education curriculum, focusing on core subjects like math, science, reading, and social studies. These programs serve a broad range of students without admissions screening or specialized academic focus. </li></ul>"
609774,ALCOTT ES,Louisa May Alcott College Preparatory ES,ES,https://www.cps.edu/schools/profiles/school-overview/ALCOTT-ES,https://alcottelementary.net,41.92985,-87.646413,ALCOTT ES-Open Enrollment,<ul><li>GPA: N/A</li></ul>,"<ul><li><strong>Selection Type: </strong>Applicants are selected by random computerized lottery. If the program has priority groups, students in those groups are selected in the order listed.</li><li><strong>Priority: </strong>Sibling Preference,Staff Priority,Pre-K Preference,General</li><li><strong>Note: </strong>Open enrollment programs offer a well-rounded general education curriculum, focusing on core subjects like math, science, reading, and social studies. These programs serve a broad range of students without admissions screening or specialized academic focus. </li></ul>"
609772,ADDAMS,Jane Addams Elementary School,ES,https://www.cps.edu/schools/profiles/school-overview/ADDAMS,https://jaddams.org,41.698739,-87.532976,ADDAMS-Personalized Learning,<ul><li>GPA: N/A</li></ul>,"<ul><li><strong>Selection Type: </strong>Applicants are selected by random computerized lottery. If the program has priority groups, students in those groups are selected in the order listed.</li><li><strong>Priority: </strong>Sibling Preference,Staff Priority,Pre-K Preference,General</li><li><strong>Note: </strong>Personalized learning is a learner-driven instructional model that fosters 21st century skills by empowering every student to actively co-design their learning path, pace, and environment according to their individual needs, strengths, and interests. Simply put, at the core of personalized learning is learner agency. </li></ul>"
609773,TUBMAN,Harriet Tubman Elementary School,ES,https://www.cps.edu/schools/profiles/school-overview/TUBMAN,https://tubmanelementarycps.org/,41.934126,-87.656229,"TUBMAN-Fine & Performing Arts, IB Primary Years Programme",<ul><li>GPA: N/A</li></ul>,"<ul><li><strong>Selection Type: </strong>Applicants are selected by random computerized lottery. If the program has priority groups, students in those groups are selected in the order listed.</li><li><strong>Priority: </strong>Sibling Preference,Staff Priority,Pre-K Preference,General</li><li><strong>Note: </strong>International Baccalaureate (IB) programmes are designed to develop well-rounded individuals who can respond to today's challenges with optimism and an open mind. The Primary Years Programme (PYP) is a student-centered approach to education that offers an inquiry-based, transdisciplinary curriculum framework that builds conceptual understanding.

Arts teachers in Fine & Performing Arts schools work with students and other classroom teachers to provide intensive and integrated instruction in the arts. Students are exposed to arts opportunities and environments, and have the opportunity to learn and grow in multiple art forms: dance, drama, media arts, music, and/or visual arts. </li></ul>"
609773,TUBMAN,Harriet Tubman Elementary School,ES,https://www.cps.edu/schools/profiles/school-overview/TUBMAN,https://tubmanelementarycps.org/,41.934126,-87.656229,"TUBMAN-IB Middle Years Programme, Fine & Performing Arts",<ul><li>GPA: N/A</li></ul>,"<ul><li><strong>Selection Type: </strong>Applicants are selected by random computerized lottery. If the program has priority groups, students in those groups are selected in the order listed.</li><li><strong>Priority: </strong>Sibling Preference,General</li><li><strong>Note: </strong>This program provides a comprehensive general education curriculum across all core academic subjects, with a focus on Fine & Performing Arts as an enriching complement to the standard coursework. Arts teachers in Fine & Performing Arts schools work with students and other classroom teachers to provide intensive and integrated instruction in the arts. Students are exposed to various arts opportunities and environments, and have the opportunity to learn and grow in multiple art forms: dance, drama, media arts, music, and/or visual arts.

International Baccalaureate (IB) programmes are designed to develop well-rounded individuals who can respond to today's challenges with optimism and an open mind. The Middle Years Programme (MYP) is a rigorous and highly flexible framework that encourages students to make practical connections between their studies and the real world, preparing them for success in further study and in life. </li></ul>"
609777,ARMOUR,Phillip D Armour Elementary School,ES,https://www.cps.edu/schools/profiles/school-overview/ARMOUR,https://armourelementary.org,41.833854,-87.650653,ARMOUR-STEM,<ul><li>GPA: N/A</li></ul>,"<ul><li><strong>Selection Type: </strong>Applicants are selected by random computerized lottery. If the program has priority groups, students in those groups are selected in the order listed.</li><li><strong>Priority: </strong>Sibling Preference,Staff Priority,Pre-K Preference,General</li><li><strong>Note: </strong>Schools with a STEM specialization provide whole-school integrated Science, Technology, Engineering, and Math (STEM) programming. In STEM classrooms, students will: actively make sense of and construct solutions to complex questions; productively contribute to the learning community to support a culture of collaboration, risk-taking, and innovation; and regularly reflect on and communicate their understanding of disciplinary ideas. </li></ul>"
609779,ARMSTRONG G,George Armstrong International Studies ES,ES,https://www.cps.edu/schools/profiles/school-overview/ARMSTRONG-G,https://georgearmstrongelementary.org,42.01015,-87.684442,ARMSTRONG G-Open Enrollment,<ul><li>GPA: N/A</li></ul>,"<ul><li><strong>Selection Type: </strong>Applicants are selected by random computerized lottery. If the program has priority groups, students in those groups are selected in the order listed.</li><li><strong>Priority: </strong>Sibling Preference,Staff Priority,Pre-K Preference,General</li><li><strong>Note: </strong>Open enrollment programs offer a well-rounded general education curriculum, focusing on core subjects like math, science, reading, and social studies. These programs serve a broad range of students without admissions screening or specialized academic focus. </li></ul>"
609908,ESMOND,Esmond Elementary School,ES,https://www.cps.edu/schools/profiles/school-overview/ESMOND,https://esmond.cps.edu,41.68942,-87.669159,ESMOND-Open Enrollment,<ul><li>GPA: N/A</li></ul>,"<ul><li><strong>Selection Type: </strong>Applicants are selected by random computerized lottery. If the program has priority groups, students in those groups are selected in the order listed.</li><li><strong>Priority: </strong>Sibling Preference,Staff Priority,Pre-K Preference,General</li><li><strong>Note: </strong>Open enrollment programs offer a well-rounded general education curriculum, focusing on core subjects like math, science, reading, and social studies. These programs serve a broad range of students without admissions screening or specialized academic focus. </li></ul>"
609908,ESMOND,Esmond Elementary School,ES,https://www.cps.edu/schools/profiles/school-overview/ESMOND,https://esmond.cps.edu,41.68942,-87.669159,ESMOND-IB Middle Years Programme,<ul><li>GPA: N/A</li></ul>,"<ul><li><strong>Selection Type: </strong>Applicants are selected by random computerized lottery. If the program has priority groups, students in those groups are selected in the order listed.</li><li><strong>Priority: </strong>Sibling Preference,General</li><li><strong>Note: </strong>International Baccalaureate (IB) programmes are designed to develop well-rounded individuals who can respond to today's challenges with optimism and an open mind. The Middle Years Programme (MYP) is a rigorous and highly flexible framework that encourages students to make practical connections between their studies and the real world, preparing them for success in further study and in life. </li></ul>"
609909,EVERETT,Edward Everett Elementary School,ES,https://www.cps.edu/schools/profiles/school-overview/EVERETT,https://everett.cps.edu,41.831555,-87.68131,EVERETT-STEM,<ul><li>GPA: N/A</li></ul>,"<ul><li><strong>Selection Type: </strong>Applicants are selected by random computerized lottery. If the program has priority groups, students in those groups are selected in the order listed.</li><li><strong>Priority: </strong>Sibling Preference,Staff Priority,Pre-K Preference,General</li><li><strong>Note: </strong>Schools with a STEM specialization provide whole-school integrated Science, Technology, Engineering, and Math (STEM) programming. In STEM classrooms, students will: actively make sense of and construct solutions to complex questions; productively contribute to the learning community to support a culture of collaboration, risk-taking, and innovation; and regularly reflect on and communicate their understanding of disciplinary ideas. </li></ul>"
610041,LOCKE J,Josephine C Locke Elementary School,ES,https://www.cps.edu/schools/profiles/school-overview/LOCKE-J,https://lockeschool.org,41.931762,-87.795604,LOCKE J-IB Primary Years Programme,<ul><li>GPA: N/A</li></ul>,"<ul><li><strong>Selection Type: </strong>Applicants are selected by random computerized lottery. If the program has priority groups, students in those groups are selected in the order listed.</li><li><strong>Priority: </strong>Sibling Preference,Staff Priority,Pre-K Preference,General</li><li><strong>Note: </strong>International Baccalaureate (IB) programmes are designed to develop well-rounded individuals who can respond to today's challenges with optimism and an open mind. The Primary Years Programme (PYP) is a student-centered approach to education that offers an inquiry-based, transdisciplinary curriculum framework that builds conceptual understanding. </li></ul>"
610041,LOCKE J,Josephine C Locke Elementary School,ES,https://www.cps.edu/schools/profiles/school-overview/LOCKE-J,https://lockeschool.org,41.931762,-87.795604,LOCKE J-IB Middle Years Programme,<ul><li>GPA: N/A</li></ul>,"<ul><li><strong>Selection Type: </strong>Applicants are selected by random computerized lottery. If the program has priority groups, students in those groups are selected in the order listed.</li><li><strong>Priority: </strong>Sibling Preference,General</li><li><strong>Note: </strong>International Baccalaureate (IB) programmes are designed to develop well-rounded individuals who can respond to today's challenges with optimism and an open mind. The Middle Years Programme (MYP) is a rigorous and highly flexible framework that encourages students to make practical connections between their studies and the real world, preparing them for success in further study and in life. </li></ul>"
610010,JAHN,Friedrich L. Jahn Elementary of the Fine Arts,ES,https://www.cps.edu/schools/profiles/school-overview/JAHN,https://www.jahnschool.com,41.939247,-87.67581,JAHN-Fine & Performing Arts,<ul><li>GPA: N/A</li></ul>,"<ul><li><strong>Selection Type: </strong>Applicants are selected by random computerized lottery. If the program has priority groups, students in those groups are selected in the order listed.</li><li><strong>Priority: </strong>Sibling Preference,Staff Priority,Pre-K Preference,General</li><li><strong>Note: </strong>This program provides a comprehensive general education curriculum across all core academic subjects, with a focus on Fine & Performing Arts as an enriching complement to the standard coursework. Arts teachers in Fine & Performing Arts schools work with students and other classroom teachers to provide intensive and integrated instruction in the arts. Students are exposed to various arts opportunities and environments, and have the opportunity to learn and grow in multiple art forms: dance, drama, media arts, music, and/or visual arts. </li></ul>"
609897,EARLE,Charles W Earle Elementary School,ES,https://www.cps.edu/schools/profiles/school-overview/EARLE,https://earlestemelementary.org,41.781225,-87.675547,EARLE-STEM,<ul><li>GPA: N/A</li></ul>,"<ul><li><strong>Selection Type: </strong>Applicants are selected by random computerized lottery. If the program has priority groups, students in those groups are selected in the order listed.</li><li><strong>Priority: </strong>Sibling Preference,Staff Priority,Pre-K Preference,General</li><li><strong>Note: </strong>Schools with a STEM specialization provide whole-school integrated Science, Technology, Engineering, and Math (STEM) programming. In STEM classrooms, students will: actively make sense of and construct solutions to complex questions; productively contribute to the learning community to support a culture of collaboration, risk-taking, and innovation; and regularly reflect on and communicate their understanding of disciplinary ideas. </li></ul>"
609898,EBERHART,John F Eberhart Elementary School,ES,https://www.cps.edu/schools/profiles/school-overview/EBERHART,http://eberhart.cps.edu,41.77442,-87.707953,EBERHART-Fine & Performing Arts,<ul><li>GPA: N/A</li></ul>,"<ul><li><strong>Selection Type: </strong>Applicants are selected by random computerized lottery. If the program has priority groups, students in those groups are selected in the order listed.</li><li><strong>Priority: </strong>Sibling Preference,Staff Priority,Pre-K Preference,General</li><li><strong>Note: </strong>This program provides a comprehensive general education curriculum across all core academic subjects, with a focus on Fine & Performing Arts as an enriching complement to the standard coursework. Arts teachers in Fine & Performing Arts schools work with students and other classroom teachers to provide intensive and integrated instruction in the arts. Students are exposed to various arts opportunities and environments, and have the opportunity to learn and grow in multiple art forms: dance, drama, media arts, music, and/or visual arts. </li></ul>"
609898,EBERHART,John F Eberhart Elementary School,ES,https://www.cps.edu/schools/profiles/school-overview/EBERHART,http://eberhart.cps.edu,41.77442,-87.707953,EBERHART-Dual Language,<ul><li>GPA: N/A</li></ul>,"<ul><li><strong>Selection Type: </strong>Applicants are selected by random computerized lottery. If the program has priority groups, students in those groups are selected in the order listed.</li><li><strong>Priority: </strong>Sibling Preference,Staff Priority,General,Pre-K Preference,General</li><li><strong>Note: </strong>One-way dual language programs provide instruction in two languages and are primarily intended to serve English Learners (ELs), former ELs, and heritage language learners. Students receive core instruction (language arts, math, science, social science) through a second language with the goal of all students becoming bilingual and biliterate in both languages. At this time, the instructional languages of all CPS dual language programs are Spanish and English. </li></ul>"
609899,EBINGER,Christian Ebinger Elementary School,ES,https://www.cps.edu/schools/profiles/school-overview/EBINGER,https://ebingerschool.org,42.004408,-87.81117,EBINGER-IB Primary Years Programme & Fine & Performing Arts,<ul><li>GPA: N/A</li></ul>,"<ul><li><strong>Selection Type: </strong>Applicants are selected by random computerized lottery. If the program has priority groups, students in those groups are selected in the order listed.</li><li><strong>Priority: </strong>Sibling Preference,Staff Priority,General</li><li><strong>Note: </strong>This program provides a comprehensive general education curriculum across all core academic subjects, with a focus on Fine & Performing Arts as an enriching complement to the standard coursework. Arts teachers in Fine & Performing Arts schools work with students and other classroom teachers to provide intensive and integrated instruction in the arts. Students are exposed to various arts opportunities and environments, and have the opportunity to learn and grow in multiple art forms: dance, drama, media arts, music, and/or visual arts.

International Baccalaureate (IB) programmes are designed to develop well-rounded individuals who can respond to today's challenges with optimism and an open mind. The Primary Years Programme (PYP) is a student-centered approach to education that offers an inquiry-based, transdisciplinary curriculum framework that builds conceptual understanding. </li></ul>"
609899,EBINGER,Christian Ebinger Elementary School,ES,https://www.cps.edu/schools/profiles/school-overview/EBINGER,https://ebingerschool.org,42.004408,-87.81117,EBINGER-IB Middle Years Programme & Fine & Performing Arts,<ul><li>GPA: N/A</li></ul>,"<ul><li><strong>Selection Type: </strong>Applicants are selected by random computerized lottery. If the program has priority groups, students in those groups are selected in the order listed.</li><li><strong>Priority: </strong>Sibling Preference,General</li><li><strong>Note: </strong>International Baccalaureate (IB) programmes are designed to develop well-rounded individuals who can respond to today's challenges with optimism and an open mind. The Middle Years Programme (MYP) is a rigorous and highly flexible framework that encourages students to make practical connections between their studies and the real world, preparing them for success in further study and in life.

Arts teachers in Fine & Performing Arts schools work with students and other classroom teachers to provide intensive and integrated instruction in the arts. Students are exposed to arts opportunities and environments, and have the opportunity to learn and grow in multiple art forms: dance, drama, media arts, music, and/or visual arts. </li></ul>"
609900,CURTIS,George W Curtis Elementary School,ES,https://www.cps.edu/schools/profiles/school-overview/CURTIS,https://curtissoe.org/,41.685418,-87.621653,CURTIS-Open Enrollment,<ul><li>GPA: N/A</li></ul>,"<ul><li><strong>Selection Type: </strong>Applicants are selected by random computerized lottery. If the program has priority groups, students in those groups are selected in the order listed.</li><li><strong>Priority: </strong>Sibling Preference,Staff Priority,Pre-K Preference,General</li><li><strong>Note: </strong>Open enrollment programs offer a well-rounded general education curriculum, focusing on core subjects like math, science, reading, and social studies. These programs serve a broad range of students without admissions screening or specialized academic focus. </li></ul>"
609901,EDGEBROOK,Edgebrook Elementary School,ES,https://www.cps.edu/schools/profiles/school-overview/EDGEBROOK,https://edgebrookschool.org,41.999437,-87.76184,EDGEBROOK-Open Enrollment,<ul><li>GPA: N/A</li></ul>,"<ul><li><strong>Selection Type: </strong>Applicants are selected by random computerized lottery. If the program has priority groups, students in those groups are selected in the order listed.</li><li><strong>Priority: </strong>Sibling Preference,Staff Priority,Pre-K Preference,General</li><li><strong>Note: </strong>Open enrollment programs offer a well-rounded general education curriculum, focusing on core subjects like math, science, reading, and social studies. These programs serve a broad range of students without admissions screening or specialized academic focus. </li></ul>"
609903,EDWARDS,Richard Edwards Elementary School,ES,https://www.cps.edu/schools/profiles/school-overview/EDWARDS,https://edwardsib.org,41.805542,-87.725856,EDWARDS-Fine & Performing Arts,<ul><li>GPA: N/A</li></ul>,"<ul><li><strong>Selection Type: </strong>Applicants are selected by random computerized lottery. If the program has priority groups, students in those groups are selected in the order listed.</li><li><strong>Priority: </strong>Sibling Preference,Staff Priority,Pre-K Preference,General</li><li><strong>Note: </strong>This program provides a comprehensive general education curriculum across all core academic subjects, with a focus on Fine & Performing Arts as an enriching complement to the standard coursework. Arts teachers in Fine & Performing Arts schools work with students and other classroom teachers to provide intensive and integrated instruction in the arts. Students are exposed to various arts opportunities and environments, and have the opportunity to learn and grow in multiple art forms: dance, drama, media arts, music, and/or visual arts. </li></ul>"
609903,EDWARDS,Richard Edwards Elementary School,ES,https://www.cps.edu/schools/profiles/school-overview/EDWARDS,https://edwardsib.org,41.805542,-87.725856,EDWARDS-Fine & Performing Arts & IB Middle Years Programme,<ul><li>GPA: N/A</li></ul>,"<ul><li><strong>Selection Type: </strong>Applicants are selected by random computerized lottery. If the program has priority groups, students in those groups are selected in the order listed.</li><li><strong>Priority: </strong>Sibling Preference,General</li><li><strong>Note: </strong>International Baccalaureate (IB) programmes are designed to develop well-rounded individuals who can respond to today's challenges with optimism and an open mind. The Middle Years Programme (MYP) is a rigorous and highly flexible framework that encourages students to make practical connections between their studies and the real world, preparing them for success in further study and in life.

Arts teachers in Fine & Performing Arts schools work with students and other classroom teachers to provide intensive and integrated instruction in the arts. Students are exposed to arts opportunities and environments, and have the opportunity to learn and grow in multiple art forms: dance, drama, media arts, music, and/or visual arts. </li></ul>"
609903,EDWARDS,Richard Edwards Elementary School,ES,https://www.cps.edu/schools/profiles/school-overview/EDWARDS,https://edwardsib.org,41.805542,-87.725856,EDWARDS-Dual Language,<ul><li>GPA: N/A</li></ul>,"<ul><li><strong>Selection Type: </strong>Applicants are selected by random computerized lottery. If the program has priority groups, students in those groups are selected in the order listed.</li><li><strong>Priority: </strong>Sibling Preference,Staff Priority,General,Pre-K Preference,General</li><li><strong>Note: </strong>One-way dual language programs provide instruction in two languages and are primarily intended to serve English Learners (ELs), former ELs, and heritage language learners. Students receive core instruction (language arts, math, science, social science) through a second language with the goal of all students becoming bilingual and biliterate in both languages. At this time, the instructional languages of all CPS dual language programs are Spanish and English. </li></ul>"
609902,METCALFE,Ralph H Metcalfe Elementary Community Academy,ES,https://www.cps.edu/schools/profiles/school-overview/METCALFE,https://metcalfe.cps.edu,41.669444,-87.634306,METCALFE-Open Enrollment,<ul><li>GPA: N/A</li></ul>,"<ul><li><strong>Selection Type: </strong>Applicants are selected by random computerized lottery. If the program has priority groups, students in those groups are selected in the order listed.</li><li><strong>Priority: </strong>Sibling Preference,Staff Priority,Pre-K Preference,General</li><li><strong>Note: </strong>Open enrollment programs offer a well-rounded general education curriculum, focusing on core subjects like math, science, reading, and social studies. These programs serve a broad range of students without admissions screening or specialized academic focus. </li></ul>"
609904,ELLINGTON,Edward K Ellington Elementary School,ES,https://www.cps.edu/schools/profiles/school-overview/ELLINGTON,https://www.ellington.cps.edu/,41.88553,-87.766589,ELLINGTON-Open Enrollment,<ul><li>GPA: N/A</li></ul>,"<ul><li><strong>Selection Type: </strong>Applicants are selected by random computerized lottery. If the program has priority groups, students in those groups are selected in the order listed.</li><li><strong>Priority: </strong>Sibling Preference,Staff Priority,Pre-K Preference,General</li><li><strong>Note: </strong>Open enrollment programs offer a well-rounded general education curriculum, focusing on core subjects like math, science, reading, and social studies. These programs serve a broad range of students without admissions screening or specialized academic focus. </li></ul>"
609904,ELLINGTON,Edward K Ellington Elementary School,ES,https://www.cps.edu/schools/profiles/school-overview/ELLINGTON,https://www.ellington.cps.edu/,41.88553,-87.766589,ELLINGTON-IB Middle Years Programme,<ul><li>GPA: N/A</li></ul>,"<ul><li><strong>Selection Type: </strong>Applicants are selected by random computerized lottery. If the program has priority groups, students in those groups are selected in the order listed.</li><li><strong>Priority: </strong>Sibling Preference,General</li><li><strong>Note: </strong>International Baccalaureate (IB) programmes are designed to develop well-rounded individuals who can respond to today's challenges with optimism and an open mind. The Middle Years Programme (MYP) is a rigorous and highly flexible framework that encourages students to make practical connections between their studies and the real world, preparing them for success in further study and in life. </li></ul>"
610034,LAWNDALE,Lawndale Elementary Community Academy,ES,https://www.cps.edu/schools/profiles/school-overview/LAWNDALE,https://lawndalepanthers.org,41.86296,-87.712957,LAWNDALE-Open Enrollment,<ul><li>GPA: N/A</li></ul>,"<ul><li><strong>Selection Type: </strong>Applicants are selected by random computerized lottery. If the program has priority groups, students in those groups are selected in the order listed.</li><li><strong>Priority: </strong>Sibling Preference,Staff Priority,Pre-K Preference,General</li><li><strong>Note: </strong>Open enrollment programs offer a well-rounded general education curriculum, focusing on core subjects like math, science, reading, and social studies. These programs serve a broad range of students without admissions screening or specialized academic focus. </li></ul>"
610055,FARADAY,Michael Faraday Elementary School,ES,https://www.cps.edu/schools/profiles/school-overview/FARADAY,https://faradayelementary.org,41.879714,-87.708092,FARADAY-Open Enrollment,<ul><li>GPA: N/A</li></ul>,"<ul><li><strong>Selection Type: </strong>Applicants are selected by random computerized lottery. If the program has priority groups, students in those groups are selected in the order listed.</li><li><strong>Priority: </strong>Sibling Preference,Staff Priority,Pre-K Preference,General</li><li><strong>Note: </strong>Open enrollment programs offer a well-rounded general education curriculum, focusing on core subjects like math, science, reading, and social studies. These programs serve a broad range of students without admissions screening or specialized academic focus. </li></ul>"
610077,MORRILL,Donald Morrill Math & Science Elementary School,ES,https://www.cps.edu/schools/profiles/school-overview/MORRILL,https://morrilleagles.org,41.784313,-87.688549,MORRILL-Open Enrollment,<ul><li>GPA: N/A</li></ul>,"<ul><li><strong>Selection Type: </strong>Applicants are selected by random computerized lottery. If the program has priority groups, students in those groups are selected in the order listed.</li><li><strong>Priority: </strong>Sibling Preference,Staff Priority,Pre-K Preference,General</li><li><strong>Note: </strong>Open enrollment programs offer a well-rounded general education curriculum, focusing on core subjects like math, science, reading, and social studies. These programs serve a broad range of students without admissions screening or specialized academic focus. </li></ul>"
610100,WEST PARK,West Park Elementary Academy,ES,https://www.cps.edu/schools/profiles/school-overview/WEST-PARK,https://westparkcps.org,41.906907,-87.732443,WEST PARK-STEAM,<ul><li>GPA: N/A</li></ul>,"<ul><li><strong>Selection Type: </strong>Applicants are selected by random computerized lottery. If the program has priority groups, students in those groups are selected in the order listed.</li><li><strong>Priority: </strong>Sibling Preference,Staff Priority,Pre-K Preference,General</li><li><strong>Note: </strong>Schools with a STEAM specialization provide whole-school integrated Science, Technology, Engineering, Arts, and Math (STEAM) programming. In STEAM classrooms, students will: actively make sense of and construct solutions to complex questions; productively contribute to the learning community to support a culture of collaboration, risk-taking, and innovation; and regularly reflect on and communicate their understanding of disciplinary ideas. STEAM programs additionally incorporate arts education into the STEM curriculum. </li></ul>"
610122,PEIRCE,Helen Peirce International Studies ES,ES,https://www.cps.edu/schools/profiles/school-overview/PEIRCE,http://peirce.cps.edu,41.983456,-87.66585,PEIRCE-IB Primary Years Programme,<ul><li>GPA: N/A</li></ul>,"<ul><li><strong>Selection Type: </strong>Applicants are selected by random computerized lottery. If the program has priority groups, students in those groups are selected in the order listed.</li><li><strong>Priority: </strong>Sibling Preference,Staff Priority,Pre-K Preference,General</li><li><strong>Note: </strong>International Baccalaureate (IB) programmes are designed to develop well-rounded individuals who can respond to today's challenges with optimism and an open mind. The Primary Years Programme (PYP) is a student-centered approach to education that offers an inquiry-based, transdisciplinary curriculum framework that builds conceptual understanding. </li></ul>"
610122,PEIRCE,Helen Peirce International Studies ES,ES,https://www.cps.edu/schools/profiles/school-overview/PEIRCE,http://peirce.cps.edu,41.983456,-87.66585,PEIRCE-IB Middle Years Programme,<ul><li>GPA: N/A</li></ul>,"<ul><li><strong>Selection Type: </strong>Applicants are selected by random computerized lottery. If the program has priority groups, students in those groups are selected in the order listed.</li><li><strong>Priority: </strong>Sibling Preference,General</li><li><strong>Note: </strong>International Baccalaureate (IB) programmes are designed to develop well-rounded individuals who can respond to today's challenges with optimism and an open mind. The Middle Years Programme (MYP) is a rigorous and highly flexible framework that encourages students to make practical connections between their studies and the real world, preparing them for success in further study and in life. </li></ul>"
609988,HENRY,Patrick Henry Elementary School,ES,https://www.cps.edu/schools/profiles/school-overview/HENRY,http://patrickhenryes.cps.edu,41.958989,-87.715632,HENRY-Open Enrollment,<ul><li>GPA: N/A</li></ul>,"<ul><li><strong>Selection Type: </strong>Applicants are selected by random computerized lottery. If the program has priority groups, students in those groups are selected in the order listed.</li><li><strong>Priority: </strong>Sibling Preference,Staff Priority,Pre-K Preference,General</li><li><strong>Note: </strong>Open enrollment programs offer a well-rounded general education curriculum, focusing on core subjects like math, science, reading, and social studies. These programs serve a broad range of students without admissions screening or specialized academic focus. </li></ul>"
609893,DORE,John C Dore Elementary School,ES,https://www.cps.edu/schools/profiles/school-overview/DORE,https://www.dorebulldogschicago.org,41.773825866,-87.79974193,DORE-Open Enrollment,<ul><li>GPA: N/A</li></ul>,"<ul><li><strong>Selection Type: </strong>Applicants are selected by random computerized lottery. If the program has priority groups, students in those groups are selected in the order listed.</li><li><strong>Priority: </strong>Sibling Preference,Staff Priority,Pre-K Preference,General</li><li><strong>Note: </strong>Open enrollment programs offer a well-rounded general education curriculum, focusing on core subjects like math, science, reading, and social studies. These programs serve a broad range of students without admissions screening or specialized academic focus. </li></ul>"
609925,KELLMAN,Joseph Kellman Corporate Community ES,ES,https://www.cps.edu/schools/profiles/school-overview/KELLMAN,http://www.kellman.cps.edu/,41.870168,-87.702163,KELLMAN-Technology,<ul><li>GPA: N/A</li></ul>,"<ul><li><strong>Selection Type: </strong>Applicants are selected by random computerized lottery. If the program has priority groups, students in those groups are selected in the order listed.</li><li><strong>Priority: </strong>Sibling Preference,Staff Priority,Pre-K Preference,General</li><li><strong>Note: </strong>Technology Program schools thoughtfully integrate technology and digital media throughout the curriculum to ensure that students develop the skills and habits of mind that will enable them to be successful in whatever endeavors they wish to pursue. This includes enabling students to use technology and digital media to demonstrate creative thinking and construct knowledge; communicate and work collaboratively; gather, evaluate and use information; conduct research, manage projects, and solve problems; practice legal and ethical behaviors while online; and understand technology concepts, systems, and operations. </li></ul>"
610036,LEWIS,Leslie Lewis Elementary School,ES,https://www.cps.edu/schools/profiles/school-overview/LEWIS,https://lewisschoolofexcellence.org,41.906826,-87.75455,LEWIS-Open Enrollment,<ul><li>GPA: N/A</li></ul>,"<ul><li><strong>Selection Type: </strong>Applicants are selected by random computerized lottery. If the program has priority groups, students in those groups are selected in the order listed.</li><li><strong>Priority: </strong>Sibling Preference,Staff Priority,Pre-K Preference,General</li><li><strong>Note: </strong>Open enrollment programs offer a well-rounded general education curriculum, focusing on core subjects like math, science, reading, and social studies. These programs serve a broad range of students without admissions screening or specialized academic focus. </li></ul>"
610037,LIBBY,Arthur A Libby Elementary School,ES,https://www.cps.edu/schools/profiles/school-overview/LIBBY,https://libby.cps.edu,41.797685,-87.659933,LIBBY-Personalized Learning,<ul><li>GPA: N/A</li></ul>,"<ul><li><strong>Selection Type: </strong>Applicants are selected by random computerized lottery. If the program has priority groups, students in those groups are selected in the order listed.</li><li><strong>Priority: </strong>Sibling Preference,Staff Priority,Pre-K Preference,General</li><li><strong>Note: </strong>Personalized learning is a learner-driven instructional model that fosters 21st century skills by empowering every student to actively co-design their learning path, pace, and environment according to their individual needs, strengths, and interests. Simply put, at the core of personalized learning is learner agency. </li></ul>"
610038,LINCOLN,Abraham Lincoln Elementary School,ES,https://www.cps.edu/schools/profiles/school-overview/LINCOLN,https://www.lincolnelementary.org,41.924525,-87.644497,LINCOLN-Open Enrollment,<ul><li>GPA: N/A</li></ul>,"<ul><li><strong>Selection Type: </strong>Applicants are selected by random computerized lottery. If the program has priority groups, students in those groups are selected in the order listed.</li><li><strong>Priority: </strong>Sibling Preference,Staff Priority,General</li><li><strong>Note: </strong>Open enrollment programs offer a well-rounded general education curriculum, focusing on core subjects like math, science, reading, and social studies. These programs serve a broad range of students without admissions screening or specialized academic focus. </li></ul>"
610039,VON LINNE,Carl von Linne Elementary School,ES,https://www.cps.edu/schools/profiles/school-overview/VON-LINNE,https://www.linneschool.org,41.940009,-87.702635,VON LINNE-Open Enrollment,<ul><li>GPA: N/A</li></ul>,"<ul><li><strong>Selection Type: </strong>Applicants are selected by random computerized lottery. If the program has priority groups, students in those groups are selected in the order listed.</li><li><strong>Priority: </strong>Sibling Preference,Staff Priority,Pre-K Preference,General</li><li><strong>Note: </strong>Open enrollment programs offer a well-rounded general education curriculum, focusing on core subjects like math, science, reading, and social studies. These programs serve a broad range of students without admissions screening or specialized academic focus. </li></ul>"
610039,VON LINNE,Carl von Linne Elementary School,ES,https://www.cps.edu/schools/profiles/school-overview/VON-LINNE,https://www.linneschool.org,41.940009,-87.702635,VON LINNE-Dual Language,<ul><li>GPA: N/A</li></ul>,"<ul><li><strong>Selection Type: </strong>Applicants are selected by random computerized lottery. If the program has priority groups, students in those groups are selected in the order listed.</li><li><strong>Priority: </strong>Sibling Preference,Staff Priority,General,Pre-K Preference,General</li><li><strong>Note: </strong>Two-way dual language programs aim for a 50:50 balance of English Learners (ELs) and non-ELs in the classroom. Students serve as language models to each other as they acquire the second language. Two-way dual language programs provide instruction in two languages: Spanish and English. Students receive core instruction (language arts, math, science, social science) through a second language with the goal of all students becoming bilingual and biliterate in both Spanish and English. </li></ul>"
610040,LLOYD,Henry D Lloyd Elementary School,ES,https://www.cps.edu/schools/profiles/school-overview/LLOYD,https://lloydschool.org,41.918814,-87.748515,LLOYD-Open Enrollment,<ul><li>GPA: N/A</li></ul>,"<ul><li><strong>Selection Type: </strong>Applicants are selected by random computerized lottery. If the program has priority groups, students in those groups are selected in the order listed.</li><li><strong>Priority: </strong>Sibling Preference,Staff Priority,Pre-K Preference,General</li><li><strong>Note: </strong>Open enrollment programs offer a well-rounded general education curriculum, focusing on core subjects like math, science, reading, and social studies. These programs serve a broad range of students without admissions screening or specialized academic focus. </li></ul>"
610043,LOVETT,Joseph Lovett Elementary School,ES,https://www.cps.edu/schools/profiles/school-overview/LOVETT,https://lovettelementary.org,41.912718,-87.783919,LOVETT-Open Enrollment,<ul><li>GPA: N/A</li></ul>,"<ul><li><strong>Selection Type: </strong>Applicants are selected by random computerized lottery. If the program has priority groups, students in those groups are selected in the order listed.</li><li><strong>Priority: </strong>Sibling Preference,Staff Priority,Pre-K Preference,General</li><li><strong>Note: </strong>Open enrollment programs offer a well-rounded general education curriculum, focusing on core subjects like math, science, reading, and social studies. These programs serve a broad range of students without admissions screening or specialized academic focus. </li></ul>"
610044,LOWELL,James Russell Lowell Elementary School,ES,https://www.cps.edu/schools/profiles/school-overview/LOWELL,https://lowell.cps.edu,41.90652,-87.710217,LOWELL-Open Enrollment,<ul><li>GPA: N/A</li></ul>,"<ul><li><strong>Selection Type: </strong>Applicants are selected by random computerized lottery. If the program has priority groups, students in those groups are selected in the order listed.</li><li><strong>Priority: </strong>Sibling Preference,Staff Priority,Pre-K Preference,General</li><li><strong>Note: </strong>Open enrollment programs offer a well-rounded general education curriculum, focusing on core subjects like math, science, reading, and social studies. These programs serve a broad range of students without admissions screening or specialized academic focus. </li></ul>"
610053,MARQUETTE,Marquette Elementary School,ES,https://www.cps.edu/schools/profiles/school-overview/MARQUETTE,https://marquettemustangs.org/,41.773881,-87.69703,MARQUETTE-Open Enrollment,<ul><li>GPA: N/A</li></ul>,"<ul><li><strong>Selection Type: </strong>Applicants are selected by random computerized lottery. If the program has priority groups, students in those groups are selected in the order listed.</li><li><strong>Priority: </strong>Sibling Preference,Staff Priority,Pre-K Preference,General</li><li><strong>Note: </strong>Open enrollment programs offer a well-rounded general education curriculum, focusing on core subjects like math, science, reading, and social studies. These programs serve a broad range of students without admissions screening or specialized academic focus. </li></ul>"
610053,MARQUETTE,Marquette Elementary School,ES,https://www.cps.edu/schools/profiles/school-overview/MARQUETTE,https://marquettemustangs.org/,41.773881,-87.69703,MARQUETTE-IB Middle Years Programme,<ul><li>GPA: N/A</li></ul>,"<ul><li><strong>Selection Type: </strong>Applicants are selected by random computerized lottery. If the program has priority groups, students in those groups are selected in the order listed.</li><li><strong>Priority: </strong>Sibling Preference,General</li><li><strong>Note: </strong>International Baccalaureate (IB) programmes are designed to develop well-rounded individuals who can respond to today's challenges with optimism and an open mind. The Middle Years Programme (MYP) is a rigorous and highly flexible framework that encourages students to make practical connections between their studies and the real world, preparing them for success in further study and in life. </li></ul>"
609991,HERZL,Theodore Herzl Elementary School,ES,https://www.cps.edu/schools/profiles/school-overview/HERZL,https://www.herzlschoolofexcellence.org,41.862081,-87.718994,HERZL-Open Enrollment,<ul><li>GPA: N/A</li></ul>,"<ul><li><strong>Selection Type: </strong>Applicants are selected by random computerized lottery. If the program has priority groups, students in those groups are selected in the order listed.</li><li><strong>Priority: </strong>Sibling Preference,Staff Priority,Pre-K Preference,General</li><li><strong>Note: </strong>Open enrollment programs offer a well-rounded general education curriculum, focusing on core subjects like math, science, reading, and social studies. These programs serve a broad range of students without admissions screening or specialized academic focus. </li></ul>"
609993,LARA,Agustin Lara Elementary Academy,ES,https://www.cps.edu/schools/profiles/school-overview/LARA,https://lara.cps.edu,41.80977,-87.672182,LARA-Open Enrollment,<ul><li>GPA: N/A</li></ul>,"<ul><li><strong>Selection Type: </strong>Applicants are selected by random computerized lottery. If the program has priority groups, students in those groups are selected in the order listed.</li><li><strong>Priority: </strong>Sibling Preference,Staff Priority,Pre-K Preference,General</li><li><strong>Note: </strong>Open enrollment programs offer a well-rounded general education curriculum, focusing on core subjects like math, science, reading, and social studies. These programs serve a broad range of students without admissions screening or specialized academic focus. </li></ul>"
609994,HIBBARD,William G Hibbard Elementary School,ES,https://www.cps.edu/schools/profiles/school-overview/HIBBARD,https://hibbard.cps.edu,41.970335,-87.710362,HIBBARD-Open Enrollment,<ul><li>GPA: N/A</li></ul>,"<ul><li><strong>Selection Type: </strong>Applicants are selected by random computerized lottery. If the program has priority groups, students in those groups are selected in the order listed.</li><li><strong>Priority: </strong>Sibling Preference,Staff Priority,Pre-K Preference,General</li><li><strong>Note: </strong>Open enrollment programs offer a well-rounded general education curriculum, focusing on core subjects like math, science, reading, and social studies. These programs serve a broad range of students without admissions screening or specialized academic focus. </li></ul>"
609994,HIBBARD,William G Hibbard Elementary School,ES,https://www.cps.edu/schools/profiles/school-overview/HIBBARD,https://hibbard.cps.edu,41.970335,-87.710362,HIBBARD-Dual Language,<ul><li>GPA: N/A</li></ul>,"<ul><li><strong>Selection Type: </strong>Applicants are selected by random computerized lottery. If the program has priority groups, students in those groups are selected in the order listed.</li><li><strong>Priority: </strong>Sibling Preference,Staff Priority,General,Pre-K Preference,General</li><li><strong>Note: </strong>Two-way dual language programs aim for a 50:50 balance of English Learners (ELs) and non-ELs in the classroom. Students serve as language models to each other as they acquire the second language. Two-way dual language programs provide instruction in two languages: Spanish and English. Students receive core instruction (language arts, math, science, social science) through a second language with the goal of all students becoming bilingual and biliterate in both Spanish and English. </li></ul>"
609995,HITCH,Rufus M Hitch Elementary School,ES,https://www.cps.edu/schools/profiles/school-overview/HITCH,https://hitch.cps.edu,41.983672,-87.779123,HITCH-Open Enrollment,<ul><li>GPA: N/A</li></ul>,"<ul><li><strong>Selection Type: </strong>Applicants are selected by random computerized lottery. If the program has priority groups, students in those groups are selected in the order listed.</li><li><strong>Priority: </strong>Sibling Preference,Staff Priority,Pre-K Preference,General</li><li><strong>Note: </strong>Open enrollment programs offer a well-rounded general education curriculum, focusing on core subjects like math, science, reading, and social studies. These programs serve a broad range of students without admissions screening or specialized academic focus. </li></ul>"
609996,HOLDEN,Charles N Holden Elementary School,ES,https://www.cps.edu/schools/profiles/school-overview/HOLDEN,https://holdenschool.org,41.838027,-87.653792,HOLDEN-Fine & Performing Arts,<ul><li>GPA: N/A</li></ul>,"<ul><li><strong>Selection Type: </strong>Applicants are selected by random computerized lottery. If the program has priority groups, students in those groups are selected in the order listed.</li><li><strong>Priority: </strong>Sibling Preference,Staff Priority,Pre-K Preference,General</li><li><strong>Note: </strong>This program provides a comprehensive general education curriculum across all core academic subjects, with a focus on Fine & Performing Arts as an enriching complement to the standard coursework. Arts teachers in Fine & Performing Arts schools work with students and other classroom teachers to provide intensive and integrated instruction in the arts. Students are exposed to various arts opportunities and environments, and have the opportunity to learn and grow in multiple art forms: dance, drama, media arts, music, and/or visual arts. </li></ul>"
609997,HOLMES,Oliver Wendell Holmes Elementary School,ES,https://www.cps.edu/schools/profiles/school-overview/HOLMES,http://owholmes.cps.edu,41.793788,-87.649795,HOLMES-Open Enrollment,<ul><li>GPA: N/A</li></ul>,"<ul><li><strong>Selection Type: </strong>Applicants are selected by random computerized lottery. If the program has priority groups, students in those groups are selected in the order listed.</li><li><strong>Priority: </strong>Sibling Preference,Staff Priority,Pre-K Preference,General</li><li><strong>Note: </strong>Open enrollment programs offer a well-rounded general education curriculum, focusing on core subjects like math, science, reading, and social studies. These programs serve a broad range of students without admissions screening or specialized academic focus. </li></ul>"
610000,HOWE,Julia Ward Howe Elementary School of Excellence,ES,https://www.cps.edu/schools/profiles/school-overview/HOWE,https://howejets.org,41.893612,-87.759398,HOWE-Open Enrollment,<ul><li>GPA: N/A</li></ul>,"<ul><li><strong>Selection Type: </strong>Applicants are selected by random computerized lottery. If the program has priority groups, students in those groups are selected in the order listed.</li><li><strong>Priority: </strong>Sibling Preference,Staff Priority,Pre-K Preference,General</li><li><strong>Note: </strong>Open enrollment programs offer a well-rounded general education curriculum, focusing on core subjects like math, science, reading, and social studies. These programs serve a broad range of students without admissions screening or specialized academic focus. </li></ul>"
610004,CULLEN,Countee Cullen Elementary School,ES,https://www.cps.edu/schools/profiles/school-overview/CULLEN,https://counteecullenelementary.org,41.700335,-87.611244,CULLEN-Open Enrollment,<ul><li>GPA: N/A</li></ul>,"<ul><li><strong>Selection Type: </strong>Applicants are selected by random computerized lottery. If the program has priority groups, students in those groups are selected in the order listed.</li><li><strong>Priority: </strong>Sibling Preference,Staff Priority,General</li><li><strong>Note: </strong>Open enrollment programs offer a well-rounded general education curriculum, focusing on core subjects like math, science, reading, and social studies. These programs serve a broad range of students without admissions screening or specialized academic focus. </li></ul>"
610005,HUGHES C,Charles Evans Hughes Elementary School,ES,https://www.cps.edu/schools/profiles/school-overview/HUGHES-C,https://cehughes.cps.edu,41.860518,-87.731777,HUGHES C-Open Enrollment,<ul><li>GPA: N/A</li></ul>,"<ul><li><strong>Selection Type: </strong>Applicants are selected by random computerized lottery. If the program has priority groups, students in those groups are selected in the order listed.</li><li><strong>Priority: </strong>Sibling Preference,Staff Priority,Pre-K Preference,General</li><li><strong>Note: </strong>Open enrollment programs offer a well-rounded general education curriculum, focusing on core subjects like math, science, reading, and social studies. These programs serve a broad range of students without admissions screening or specialized academic focus. </li></ul>"
610006,HURLEY,Edward N Hurley Elementary School,ES,https://www.cps.edu/schools/profiles/school-overview/HURLEY,http://hurley.cps.edu,41.766785,-87.719541,HURLEY-Fine & Performing Arts,<ul><li>GPA: N/A</li></ul>,"<ul><li><strong>Selection Type: </strong>Applicants are selected by random computerized lottery. If the program has priority groups, students in those groups are selected in the order listed.</li><li><strong>Priority: </strong>Sibling Preference,Staff Priority,Pre-K Preference,General</li><li><strong>Note: </strong>This program provides a comprehensive general education curriculum across all core academic subjects, with a focus on Fine & Performing Arts as an enriching complement to the standard coursework. Arts teachers in Fine & Performing Arts schools work with students and other classroom teachers to provide intensive and integrated instruction in the arts. Students are exposed to various arts opportunities and environments, and have the opportunity to learn and grow in multiple art forms: dance, drama, media arts, music, and/or visual arts. </li></ul>"
610006,HURLEY,Edward N Hurley Elementary School,ES,https://www.cps.edu/schools/profiles/school-overview/HURLEY,http://hurley.cps.edu,41.766785,-87.719541,HURLEY-Dual Language,<ul><li>GPA: N/A</li></ul>,"<ul><li><strong>Selection Type: </strong>Applicants are selected by random computerized lottery. If the program has priority groups, students in those groups are selected in the order listed.</li><li><strong>Priority: </strong>Sibling Preference,Staff Priority,General,Pre-K Preference,General</li><li><strong>Note: </strong>One-way dual language programs provide instruction in two languages and are primarily intended to serve English Learners (ELs), former ELs, and heritage language learners. Students receive core instruction (language arts, math, science, social science) through a second language with the goal of all students becoming bilingual and biliterate in both languages. At this time, the instructional languages of all CPS dual language programs are Spanish and English. </li></ul>"
610003,CUFFE,Paul Cuffe Math-Science Technology Academy ES,ES,https://www.cps.edu/schools/profiles/school-overview/CUFFE,https://cuffeacademy.org,41.742452,-87.653633,CUFFE-STEM,<ul><li>GPA: N/A</li></ul>,"<ul><li><strong>Selection Type: </strong>Applicants are selected by random computerized lottery. If the program has priority groups, students in those groups are selected in the order listed.</li><li><strong>Priority: </strong>Sibling Preference,Staff Priority,Pre-K Preference,General</li><li><strong>Note: </strong>Schools with a STEM specialization provide whole-school integrated Science, Technology, Engineering, and Math (STEM) programming. In STEM classrooms, students will: actively make sense of and construct solutions to complex questions; productively contribute to the learning community to support a culture of collaboration, risk-taking, and innovation; and regularly reflect on and communicate their understanding of disciplinary ideas. </li></ul>"
609798,BELDING,Hiram H Belding Elementary School,ES,https://www.cps.edu/schools/profiles/school-overview/BELDING,https://beldingelementary.com,41.958938,-87.73402,BELDING-Open Enrollment,<ul><li>GPA: N/A</li></ul>,"<ul><li><strong>Selection Type: </strong>Applicants are selected by random computerized lottery. If the program has priority groups, students in those groups are selected in the order listed.</li><li><strong>Priority: </strong>Sibling Preference,Staff Priority,Pre-K Preference,General</li><li><strong>Note: </strong>Open enrollment programs offer a well-rounded general education curriculum, focusing on core subjects like math, science, reading, and social studies. These programs serve a broad range of students without admissions screening or specialized academic focus. </li></ul>"
609798,BELDING,Hiram H Belding Elementary School,ES,https://www.cps.edu/schools/profiles/school-overview/BELDING,https://beldingelementary.com,41.958938,-87.73402,BELDING-IB Middle Years Programme,<ul><li>GPA: N/A</li></ul>,"<ul><li><strong>Selection Type: </strong>Applicants are selected by random computerized lottery. If the program has priority groups, students in those groups are selected in the order listed.</li><li><strong>Priority: </strong>Sibling Preference,General</li><li><strong>Note: </strong>International Baccalaureate (IB) programmes are designed to develop well-rounded individuals who can respond to today's challenges with optimism and an open mind. The Middle Years Programme (MYP) is a rigorous and highly flexible framework that encourages students to make practical connections between their studies and the real world, preparing them for success in further study and in life. </li></ul>"
610054,MARSH,John L Marsh Elementary School,ES,https://www.cps.edu/schools/profiles/school-overview/MARSH,https://jlmarsh.org,41.716588,-87.552483,MARSH-Open Enrollment,<ul><li>GPA: N/A</li></ul>,"<ul><li><strong>Selection Type: </strong>Applicants are selected by random computerized lottery. If the program has priority groups, students in those groups are selected in the order listed.</li><li><strong>Priority: </strong>Sibling Preference,Staff Priority,Pre-K Preference,General</li><li><strong>Note: </strong>Open enrollment programs offer a well-rounded general education curriculum, focusing on core subjects like math, science, reading, and social studies. These programs serve a broad range of students without admissions screening or specialized academic focus. </li></ul>"
610054,MARSH,John L Marsh Elementary School,ES,https://www.cps.edu/schools/profiles/school-overview/MARSH,https://jlmarsh.org,41.716588,-87.552483,MARSH-IB Middle Years Programme,<ul><li>GPA: N/A</li></ul>,"<ul><li><strong>Selection Type: </strong>Applicants are selected by random computerized lottery. If the program has priority groups, students in those groups are selected in the order listed.</li><li><strong>Priority: </strong>Sibling Preference,General</li><li><strong>Note: </strong>International Baccalaureate (IB) programmes are designed to develop well-rounded individuals who can respond to today's challenges with optimism and an open mind. The Middle Years Programme (MYP) is a rigorous and highly flexible framework that encourages students to make practical connections between their studies and the real world, preparing them for success in further study and in life. </li></ul>"
610099,NORWOOD PARK,Norwood Park Elementary School,ES,https://www.cps.edu/schools/profiles/school-overview/NORWOOD-PARK,http://norwoodpark.cps.edu,41.988153,-87.802979,NORWOOD PARK-World Language,<ul><li>GPA: N/A</li></ul>,"<ul><li><strong>Selection Type: </strong>Applicants are selected by random computerized lottery. If the program has priority groups, students in those groups are selected in the order listed.</li><li><strong>Priority: </strong>Sibling Preference,Staff Priority,Pre-K Preference,General</li><li><strong>Note: </strong>World language programs provide students with intensive instruction in a world language to acquire proficiency in the new language as well as develop cultural understanding and awareness. For information on the specific language(s) offered within this program, please reach out to the school directly. </li></ul>"
610121,IRVING,Washington Irving Elementary School,ES,https://www.cps.edu/schools/profiles/school-overview/IRVING,https://irving.cps.edu,41.871595,-87.683616,IRVING-Open Enrollment,<ul><li>GPA: N/A</li></ul>,"<ul><li><strong>Selection Type: </strong>Applicants are selected by random computerized lottery. If the program has priority groups, students in those groups are selected in the order listed.</li><li><strong>Priority: </strong>Sibling Preference,Staff Priority,Pre-K Preference,General</li><li><strong>Note: </strong>Open enrollment programs offer a well-rounded general education curriculum, focusing on core subjects like math, science, reading, and social studies. These programs serve a broad range of students without admissions screening or specialized academic focus. </li></ul>"
609791,BASS,Perkins Bass Elementary School,ES,https://www.cps.edu/schools/profiles/school-overview/BASS,https://perkinsbasselementary.org/,41.774246,-87.653532,BASS-Personalized Learning,<ul><li>GPA: N/A</li></ul>,"<ul><li><strong>Selection Type: </strong>Applicants are selected by random computerized lottery. If the program has priority groups, students in those groups are selected in the order listed.</li><li><strong>Priority: </strong>Sibling Preference,Staff Priority,Pre-K Preference,General</li><li><strong>Note: </strong>Personalized learning is a learner-driven instructional model that fosters 21st century skills by empowering every student to actively co-design their learning path, pace, and environment according to their individual needs, strengths, and interests. Simply put, at the core of personalized learning is learner agency. </li></ul>"
609792,BATEMAN,Newton Bateman Elementary School,ES,https://www.cps.edu/schools/profiles/school-overview/BATEMAN,http://bateman.cps.edu,41.95822,-87.702151,BATEMAN-Open Enrollment,<ul><li>GPA: N/A</li></ul>,"<ul><li><strong>Selection Type: </strong>Applicants are selected by random computerized lottery. If the program has priority groups, students in those groups are selected in the order listed.</li><li><strong>Priority: </strong>Sibling Preference,Staff Priority,Pre-K Preference,General</li><li><strong>Note: </strong>Open enrollment programs offer a well-rounded general education curriculum, focusing on core subjects like math, science, reading, and social studies. These programs serve a broad range of students without admissions screening or specialized academic focus. </li></ul>"
609792,BATEMAN,Newton Bateman Elementary School,ES,https://www.cps.edu/schools/profiles/school-overview/BATEMAN,http://bateman.cps.edu,41.95822,-87.702151,BATEMAN-Dual Language,<ul><li>GPA: N/A</li></ul>,"<ul><li><strong>Selection Type: </strong>Applicants are selected by random computerized lottery. If the program has priority groups, students in those groups are selected in the order listed.</li><li><strong>Priority: </strong>Sibling Preference,Staff Priority,General,Pre-K Preference,General</li><li><strong>Note: </strong>Two-way dual language programs aim for a 50:50 balance of English Learners (ELs) and non-ELs in the classroom. Students serve as language models to each other as they acquire the second language. Two-way dual language programs provide instruction in two languages: Spanish and English. Students receive core instruction (language arts, math, science, social science) through a second language with the goal of all students becoming bilingual and biliterate in both Spanish and English. </li></ul>"
609793,NICHOLSON,Lillian R. Nicholson STEM Academy,ES,https://www.cps.edu/schools/profiles/school-overview/NICHOLSON,https://www.nicholsonstemacademy.org,41.784942,-87.647453,NICHOLSON-STEM,<ul><li>GPA: N/A</li></ul>,"<ul><li><strong>Selection Type: </strong>Applicants are selected by random computerized lottery. If the program has priority groups, students in those groups are selected in the order listed.</li><li><strong>Priority: </strong>Sibling Preference,Staff Priority,Pre-K Preference,General</li><li><strong>Note: </strong>Schools with a STEM specialization provide whole-school integrated Science, Technology, Engineering, and Math (STEM) programming. In STEM classrooms, students will: actively make sense of and construct solutions to complex questions; productively contribute to the learning community to support a culture of collaboration, risk-taking, and innovation; and regularly reflect on and communicate their understanding of disciplinary ideas. </li></ul>"
609795,CLARK ES,George Rogers Clark Elementary School,ES,https://www.cps.edu/schools/profiles/school-overview/CLARK-ES,https://georgerogersclarkes.org,41.867813,-87.770418,CLARK ES-Fine & Performing Arts,<ul><li>GPA: N/A</li></ul>,"<ul><li><strong>Selection Type: </strong>Applicants are selected by random computerized lottery. If the program has priority groups, students in those groups are selected in the order listed.</li><li><strong>Priority: </strong>Sibling Preference,Staff Priority,Pre-K Preference,General</li><li><strong>Note: </strong>This program provides a comprehensive general education curriculum across all core academic subjects, with a focus on Fine & Performing Arts as an enriching complement to the standard coursework. Arts teachers in Fine & Performing Arts schools work with students and other classroom teachers to provide intensive and integrated instruction in the arts. Students are exposed to various arts opportunities and environments, and have the opportunity to learn and grow in multiple art forms: dance, drama, media arts, music, and/or visual arts. </li></ul>"
609797,BEIDLER,Jacob Beidler Elementary School,ES,https://www.cps.edu/schools/profiles/school-overview/BEIDLER,https://www.beidlerschool.org/,41.885321,-87.705855,BEIDLER-Open Enrollment,<ul><li>GPA: N/A</li></ul>,"<ul><li><strong>Selection Type: </strong>Applicants are selected by random computerized lottery. If the program has priority groups, students in those groups are selected in the order listed.</li><li><strong>Priority: </strong>Sibling Preference,Staff Priority,Pre-K Preference,General</li><li><strong>Note: </strong>Open enrollment programs offer a well-rounded general education curriculum, focusing on core subjects like math, science, reading, and social studies. These programs serve a broad range of students without admissions screening or specialized academic focus. </li></ul>"
609800,BENNETT,Frank I Bennett Elementary School,ES,https://www.cps.edu/schools/profiles/school-overview/BENNETT,https://bennettschool.org,41.710435,-87.61739,BENNETT-Open Enrollment,<ul><li>GPA: N/A</li></ul>,"<ul><li><strong>Selection Type: </strong>Applicants are selected by random computerized lottery. If the program has priority groups, students in those groups are selected in the order listed.</li><li><strong>Priority: </strong>Sibling Preference,Staff Priority,Pre-K Preference,General</li><li><strong>Note: </strong>Open enrollment programs offer a well-rounded general education curriculum, focusing on core subjects like math, science, reading, and social studies. These programs serve a broad range of students without admissions screening or specialized academic focus. </li></ul>"
609894,DRAKE,John B Drake Elementary School,ES,https://www.cps.edu/schools/profiles/school-overview/DRAKE,https://drake.cps.edu,41.844043,-87.628553,DRAKE-Open Enrollment,<ul><li>GPA: N/A</li></ul>,"<ul><li><strong>Selection Type: </strong>Applicants are selected by random computerized lottery. If the program has priority groups, students in those groups are selected in the order listed.</li><li><strong>Priority: </strong>Sibling Preference,Staff Priority,Pre-K Preference,General</li><li><strong>Note: </strong>Open enrollment programs offer a well-rounded general education curriculum, focusing on core subjects like math, science, reading, and social studies. These programs serve a broad range of students without admissions screening or specialized academic focus. </li></ul>"
609910,FALCONER,Laughlin Falconer Elementary School,ES,https://www.cps.edu/schools/profiles/school-overview/FALCONER,https://falconerelementary.com,41.935785,-87.749331,FALCONER-Technology,<ul><li>GPA: N/A</li></ul>,"<ul><li><strong>Selection Type: </strong>Applicants are selected by random computerized lottery. If the program has priority groups, students in those groups are selected in the order listed.</li><li><strong>Priority: </strong>Sibling Preference,Staff Priority,Pre-K Preference,General</li><li><strong>Note: </strong>Technology Program schools thoughtfully integrate technology and digital media throughout the curriculum to ensure that students develop the skills and habits of mind that will enable them to be successful in whatever endeavors they wish to pursue. This includes enabling students to use technology and digital media to demonstrate creative thinking and construct knowledge; communicate and work collaboratively; gather, evaluate and use information; conduct research, manage projects, and solve problems; practice legal and ethical behaviors while online; and understand technology concepts, systems, and operations. </li></ul>"
609912,FARNSWORTH,James B Farnsworth Elementary School,ES,https://www.cps.edu/schools/profiles/school-overview/FARNSWORTH,https://farnsworthelementary.org,41.97979,-87.766072,FARNSWORTH-Open Enrollment,<ul><li>GPA: N/A</li></ul>,"<ul><li><strong>Selection Type: </strong>Applicants are selected by random computerized lottery. If the program has priority groups, students in those groups are selected in the order listed.</li><li><strong>Priority: </strong>Sibling Preference,Staff Priority,Pre-K Preference,General</li><li><strong>Note: </strong>Open enrollment programs offer a well-rounded general education curriculum, focusing on core subjects like math, science, reading, and social studies. These programs serve a broad range of students without admissions screening or specialized academic focus. </li></ul>"
609924,FORT DEARBORN,Fort Dearborn Elementary School,ES,https://www.cps.edu/schools/profiles/school-overview/FORT-DEARBORN,https://fortdearborn.cps.edu,41.729673,-87.655481,FORT DEARBORN-Fine & Performing Arts,<ul><li>GPA: N/A</li></ul>,"<ul><li><strong>Selection Type: </strong>Applicants are selected by random computerized lottery. If the program has priority groups, students in those groups are selected in the order listed.</li><li><strong>Priority: </strong>Sibling Preference,Staff Priority,Pre-K Preference,General</li><li><strong>Note: </strong>This program provides a comprehensive general education curriculum across all core academic subjects, with a focus on Fine & Performing Arts as an enriching complement to the standard coursework. Arts teachers in Fine & Performing Arts schools work with students and other classroom teachers to provide intensive and integrated instruction in the arts. Students are exposed to various arts opportunities and environments, and have the opportunity to learn and grow in multiple art forms: dance, drama, media arts, music, and/or visual arts. </li></ul>"
609917,FERNWOOD,Fernwood Elementary School,ES,https://www.cps.edu/schools/profiles/school-overview/FERNWOOD,http://www.fernwoodelementary.org/,41.711184,-87.640414,FERNWOOD-Open Enrollment,<ul><li>GPA: N/A</li></ul>,"<ul><li><strong>Selection Type: </strong>Applicants are selected by random computerized lottery. If the program has priority groups, students in those groups are selected in the order listed.</li><li><strong>Priority: </strong>Sibling Preference,Staff Priority,Pre-K Preference,General</li><li><strong>Note: </strong>Open enrollment programs offer a well-rounded general education curriculum, focusing on core subjects like math, science, reading, and social studies. These programs serve a broad range of students without admissions screening or specialized academic focus. </li></ul>"
609918,FIELD,Eugene Field Elementary School,ES,https://www.cps.edu/schools/profiles/school-overview/FIELD,https://eugenefield.org,42.009664,-87.669985,FIELD-Open Enrollment,<ul><li>GPA: N/A</li></ul>,"<ul><li><strong>Selection Type: </strong>Applicants are selected by random computerized lottery. If the program has priority groups, students in those groups are selected in the order listed.</li><li><strong>Priority: </strong>Sibling Preference,Staff Priority,General</li><li><strong>Note: </strong>Open enrollment programs offer a well-rounded general education curriculum, focusing on core subjects like math, science, reading, and social studies. These programs serve a broad range of students without admissions screening or specialized academic focus. </li></ul>"
609919,FISKE,John Fiske Elementary School,ES,https://www.cps.edu/schools/profiles/school-overview/FISKE,https://fiskeelementary.org,41.785183,-87.608633,FISKE-Technology,<ul><li>GPA: N/A</li></ul>,"<ul><li><strong>Selection Type: </strong>Applicants are selected by random computerized lottery. If the program has priority groups, students in those groups are selected in the order listed.</li><li><strong>Priority: </strong>Sibling Preference,Staff Priority,Pre-K Preference,General</li><li><strong>Note: </strong>Technology Program schools thoughtfully integrate technology and digital media throughout the curriculum to ensure that students develop the skills and habits of mind that will enable them to be successful in whatever endeavors they wish to pursue. This includes enabling students to use technology and digital media to demonstrate creative thinking and construct knowledge; communicate and work collaboratively; gather, evaluate and use information; conduct research, manage projects, and solve problems; practice legal and ethical behaviors while online; and understand technology concepts, systems, and operations. </li></ul>"
609919,FISKE,John Fiske Elementary School,ES,https://www.cps.edu/schools/profiles/school-overview/FISKE,https://fiskeelementary.org,41.785183,-87.608633,FISKE-Technology & IB Middle Years Programme,<ul><li>GPA: N/A</li></ul>,"<ul><li><strong>Selection Type: </strong>Applicants are selected by random computerized lottery. If the program has priority groups, students in those groups are selected in the order listed.</li><li><strong>Priority: </strong>Sibling Preference,General</li><li><strong>Note: </strong>International Baccalaureate (IB) programmes are designed to develop well-rounded individuals who can respond to today's challenges with optimism and an open mind. The Middle Years Programme (MYP) is a rigorous and highly flexible framework that encourages students to make practical connections between their studies and the real world, preparing them for success in further study and in life.

Technology Program schools thoughtfully integrate technology and digital media throughout the curriculum to ensure that students develop the skills and habits of mind that will enable them to be successful in whatever endeavors they wish to pursue. This includes enabling students to use technology and digital media to demonstrate creative thinking and construct knowledge; communicate and work collaboratively; gather, evaluate and use information; conduct research, manage projects, and solve problems, practice legal and ethical behaviors while online; and understand technology concepts, systems, and operations. </li></ul>"
609930,FUNSTON,Frederick Funston Elementary School,ES,https://www.cps.edu/schools/profiles/school-overview/FUNSTON,https://funston.cps.edu,41.917617,-87.716892,FUNSTON-Open Enrollment,<ul><li>GPA: N/A</li></ul>,"<ul><li><strong>Selection Type: </strong>Applicants are selected by random computerized lottery. If the program has priority groups, students in those groups are selected in the order listed.</li><li><strong>Priority: </strong>Sibling Preference,Staff Priority,Pre-K Preference,General</li><li><strong>Note: </strong>Open enrollment programs offer a well-rounded general education curriculum, focusing on core subjects like math, science, reading, and social studies. These programs serve a broad range of students without admissions screening or specialized academic focus. </li></ul>"
609930,FUNSTON,Frederick Funston Elementary School,ES,https://www.cps.edu/schools/profiles/school-overview/FUNSTON,https://funston.cps.edu,41.917617,-87.716892,FUNSTON-Dual Language,<ul><li>GPA: N/A</li></ul>,"<ul><li><strong>Selection Type: </strong>Applicants are selected by random computerized lottery. If the program has priority groups, students in those groups are selected in the order listed.</li><li><strong>Priority: </strong>Sibling Preference,Staff Priority,General,Pre-K Preference,General</li><li><strong>Note: </strong>One-way dual language programs provide instruction in two languages and are primarily intended to serve English Learners (ELs), former ELs, and heritage language learners. Students receive core instruction (language arts, math, science, social science) through a second language with the goal of all students becoming bilingual and biliterate in both languages. At this time, the instructional languages of all CPS dual language programs are Spanish and English. </li></ul>"
609933,GALE,Stephen F Gale Elementary Community Academy,ES,https://www.cps.edu/schools/profiles/school-overview/GALE,https://gale.cps.edu,42.021091,-87.671939,GALE-Open Enrollment,<ul><li>GPA: N/A</li></ul>,"<ul><li><strong>Selection Type: </strong>Applicants are selected by random computerized lottery. If the program has priority groups, students in those groups are selected in the order listed.</li><li><strong>Priority: </strong>Sibling Preference,Staff Priority,Pre-K Preference,General</li><li><strong>Note: </strong>Open enrollment programs offer a well-rounded general education curriculum, focusing on core subjects like math, science, reading, and social studies. These programs serve a broad range of students without admissions screening or specialized academic focus. </li></ul>"
609947,GRAHAM ES,Alexander Graham Elementary School,ES,https://www.cps.edu/schools/profiles/school-overview/GRAHAM-ES,https://cps.edu/graham-es,41.813304,-87.643344,GRAHAM ES-Open Enrollment,<ul><li>GPA: N/A</li></ul>,"<ul><li><strong>Selection Type: </strong>Applicants are selected by random computerized lottery. If the program has priority groups, students in those groups are selected in the order listed.</li><li><strong>Priority: </strong>Sibling Preference,Staff Priority,Pre-K Preference,General</li><li><strong>Note: </strong>Open enrollment programs offer a well-rounded general education curriculum, focusing on core subjects like math, science, reading, and social studies. These programs serve a broad range of students without admissions screening or specialized academic focus. </li></ul>"
609949,GRAY,William P Gray Elementary School,ES,https://www.cps.edu/schools/profiles/school-overview/GRAY,https://gray.cps.edu,41.948764,-87.757116,GRAY-Technology,<ul><li>GPA: N/A</li></ul>,"<ul><li><strong>Selection Type: </strong>Applicants are selected by random computerized lottery. If the program has priority groups, students in those groups are selected in the order listed.</li><li><strong>Priority: </strong>Sibling Preference,Staff Priority,Pre-K Preference,General</li><li><strong>Note: </strong>Technology Program schools thoughtfully integrate technology and digital media throughout the curriculum to ensure that students develop the skills and habits of mind that will enable them to be successful in whatever endeavors they wish to pursue. This includes enabling students to use technology and digital media to demonstrate creative thinking and construct knowledge; communicate and work collaboratively; gather, evaluate and use information; conduct research, manage projects, and solve problems; practice legal and ethical behaviors while online; and understand technology concepts, systems, and operations. </li></ul>"
609961,NINOS HEROES,Ninos Heroes Elementary Academic Center,ES,https://www.cps.edu/schools/profiles/school-overview/NINOS-HEROES,https://ninosheroes.org,41.743753,-87.551862,NINOS HEROES-Open Enrollment,<ul><li>GPA: N/A</li></ul>,"<ul><li><strong>Selection Type: </strong>Applicants are selected by random computerized lottery. If the program has priority groups, students in those groups are selected in the order listed.</li><li><strong>Priority: </strong>Sibling Preference,Staff Priority,Pre-K Preference,General</li><li><strong>Note: </strong>Open enrollment programs offer a well-rounded general education curriculum, focusing on core subjects like math, science, reading, and social studies. These programs serve a broad range of students without admissions screening or specialized academic focus. </li></ul>"
609963,HAMILTON,Alexander Hamilton Elementary School,ES,https://www.cps.edu/schools/profiles/school-overview/HAMILTON,https://hamiltoncps.org,41.94522,-87.670865,HAMILTON-Fine & Performing Arts,<ul><li>GPA: N/A</li></ul>,"<ul><li><strong>Selection Type: </strong>Applicants are selected by random computerized lottery. If the program has priority groups, students in those groups are selected in the order listed.</li><li><strong>Priority: </strong>Sibling Preference,Staff Priority,Pre-K Preference,General</li><li><strong>Note: </strong>This program provides a comprehensive general education curriculum across all core academic subjects, with a focus on Fine & Performing Arts as an enriching complement to the standard coursework. Arts teachers in Fine & Performing Arts schools work with students and other classroom teachers to provide intensive and integrated instruction in the arts. Students are exposed to various arts opportunities and environments, and have the opportunity to learn and grow in multiple art forms: dance, drama, media arts, music, and/or visual arts. </li></ul>"
610021,CASALS,Pablo Casals Elementary School,ES,https://www.cps.edu/schools/profiles/school-overview/CASALS,https://www.casalssoe.org/,41.904503,-87.714234,CASALS-Open Enrollment,<ul><li>GPA: N/A</li></ul>,"<ul><li><strong>Selection Type: </strong>Applicants are selected by random computerized lottery. If the program has priority groups, students in those groups are selected in the order listed.</li><li><strong>Priority: </strong>Sibling Preference,Staff Priority,Pre-K Preference,General</li><li><strong>Note: </strong>Open enrollment programs offer a well-rounded general education curriculum, focusing on core subjects like math, science, reading, and social studies. These programs serve a broad range of students without admissions screening or specialized academic focus. </li></ul>"
609830,BRUNSON,Milton Brunson Elementary School,ES,https://www.cps.edu/schools/profiles/school-overview/BRUNSON,https://brunsonbulldogs.org,41.897663,-87.765606,BRUNSON-Technology & Personalized Learning,<ul><li>GPA: N/A</li></ul>,"<ul><li><strong>Selection Type: </strong>Applicants are selected by random computerized lottery. If the program has priority groups, students in those groups are selected in the order listed.</li><li><strong>Priority: </strong>Sibling Preference,Staff Priority,Pre-K Preference,General</li><li><strong>Note: </strong>Personalized learning is a learner-driven instructional model that fosters 21st century skills by empowering every student to actively co-design their learning path, pace, and environment according to their individual needs, strengths, and interests. Simply put, at the core of personalized learning is learner agency.

Technology Program schools thoughtfully integrate technology and digital media throughout the curriculum to ensure that students develop the skills and habits of mind that will enable them to be successful in whatever endeavors they wish to pursue. This includes enabling students to use technology and digital media to demonstrate creative thinking and construct knowledge; communicate and work collaboratively; gather, evaluate and use information; conduct research, manage projects, and solve problems; practice legal and ethical behaviors while online; and understand technology concepts, systems, and operations. </li></ul>"
609833,DAISY BATES,Daisy Bates Academy of Social Justice,ES,https://www.cps.edu/schools/profiles/school-overview/DAISY-BATES,https://daisybatesacademy.org,41.739226,-87.580729,DAISY BATES-Open Enrollment,<ul><li>GPA: N/A</li></ul>,"<ul><li><strong>Selection Type: </strong>Applicants are selected by random computerized lottery. If the program has priority groups, students in those groups are selected in the order listed.</li><li><strong>Priority: </strong>Sibling Preference,Staff Priority,Pre-K Preference,General</li></ul>"
609834,LITTLE VILLAGE,Little Village Elementary School,ES,https://www.cps.edu/schools/profiles/school-overview/LITTLE-VILLAGE,https://lva.cps.edu,41.843698,-87.717319,LITTLE VILLAGE-Open Enrollment,<ul><li>GPA: N/A</li></ul>,"<ul><li><strong>Selection Type: </strong>Applicants are selected by random computerized lottery. If the program has priority groups, students in those groups are selected in the order listed.</li><li><strong>Priority: </strong>Sibling Preference,Staff Priority,Pre-K Preference,General</li><li><strong>Note: </strong>Open enrollment programs offer a well-rounded general education curriculum, focusing on core subjects like math, science, reading, and social studies. These programs serve a broad range of students without admissions screening or specialized academic focus. </li></ul>"
609834,LITTLE VILLAGE,Little Village Elementary School,ES,https://www.cps.edu/schools/profiles/school-overview/LITTLE-VILLAGE,https://lva.cps.edu,41.843698,-87.717319,LITTLE VILLAGE-IB Middle Years Programme,<ul><li>GPA: N/A</li></ul>,"<ul><li><strong>Selection Type: </strong>Applicants are selected by random computerized lottery. If the program has priority groups, students in those groups are selected in the order listed.</li><li><strong>Priority: </strong>Sibling Preference,General</li><li><strong>Note: </strong>International Baccalaureate (IB) programmes are designed to develop well-rounded individuals who can respond to today's challenges with optimism and an open mind. The Middle Years Programme (MYP) is a rigorous and highly flexible framework that encourages students to make practical connections between their studies and the real world, preparing them for success in further study and in life. </li></ul>"
609855,CHRISTOPHER,Walter S Christopher Elementary School,ES,https://www.cps.edu/schools/profiles/school-overview/CHRISTOPHER,https://www.christopherschool.org,41.801659,-87.685607,CHRISTOPHER-Open Enrollment,<ul><li>GPA: N/A</li></ul>,"<ul><li><strong>Selection Type: </strong>Applicants are selected by random computerized lottery. If the program has priority groups, students in those groups are selected in the order listed.</li><li><strong>Priority: </strong>Sibling Preference,Staff Priority,General</li><li><strong>Note: </strong>Open enrollment programs offer a well-rounded general education curriculum, focusing on core subjects like math, science, reading, and social studies. These programs serve a broad range of students without admissions screening or specialized academic focus. </li></ul>"
609856,CLAY,Henry Clay Elementary School,ES,https://www.cps.edu/schools/profiles/school-overview/CLAY,http://clay.cps.edu,41.654558,-87.544614,CLAY-Open Enrollment,<ul><li>GPA: N/A</li></ul>,"<ul><li><strong>Selection Type: </strong>Applicants are selected by random computerized lottery. If the program has priority groups, students in those groups are selected in the order listed.</li><li><strong>Priority: </strong>Sibling Preference,Staff Priority,Pre-K Preference,General</li><li><strong>Note: </strong>Open enrollment programs offer a well-rounded general education curriculum, focusing on core subjects like math, science, reading, and social studies. These programs serve a broad range of students without admissions screening or specialized academic focus. </li></ul>"
609959,HAINES,John Charles Haines Elementary School,ES,https://www.cps.edu/schools/profiles/school-overview/HAINES,http://haines.cps.edu,41.849958,-87.633806,HAINES-Technology,<ul><li>GPA: N/A</li></ul>,"<ul><li><strong>Selection Type: </strong>Applicants are selected by random computerized lottery. If the program has priority groups, students in those groups are selected in the order listed.</li><li><strong>Priority: </strong>Sibling Preference,Staff Priority,Pre-K Preference,General</li><li><strong>Note: </strong>Technology Program schools thoughtfully integrate technology and digital media throughout the curriculum to ensure that students develop the skills and habits of mind that will enable them to be successful in whatever endeavors they wish to pursue. This includes enabling students to use technology and digital media to demonstrate creative thinking and construct knowledge; communicate and work collaboratively; gather, evaluate and use information; conduct research, manage projects, and solve problems; practice legal and ethical behaviors while online; and understand technology concepts, systems, and operations. </li></ul>"
609960,HALE,Nathan Hale Elementary School,ES,https://www.cps.edu/schools/profiles/school-overview/HALE,https://haleschool.org,41.780192,-87.776579,HALE-Open Enrollment,<ul><li>GPA: N/A</li></ul>,"<ul><li><strong>Selection Type: </strong>Applicants are selected by random computerized lottery. If the program has priority groups, students in those groups are selected in the order listed.</li><li><strong>Priority: </strong>Sibling Preference,Staff Priority,Pre-K Preference,General</li><li><strong>Note: </strong>Open enrollment programs offer a well-rounded general education curriculum, focusing on core subjects like math, science, reading, and social studies. These programs serve a broad range of students without admissions screening or specialized academic focus. </li></ul>"
609979,HEALY,Robert Healy Elementary School,ES,https://www.cps.edu/schools/profiles/school-overview/HEALY,http://healy.cps.edu/,41.839595,-87.640341,HEALY-Fine & Performing Arts,<ul><li>GPA: N/A</li></ul>,"<ul><li><strong>Selection Type: </strong>Applicants are selected by random computerized lottery. If the program has priority groups, students in those groups are selected in the order listed.</li><li><strong>Priority: </strong>Sibling Preference,Staff Priority,General</li><li><strong>Note: </strong>This program provides a comprehensive general education curriculum across all core academic subjects, with a focus on Fine & Performing Arts as an enriching complement to the standard coursework. Arts teachers in Fine & Performing Arts schools work with students and other classroom teachers to provide intensive and integrated instruction in the arts. Students are exposed to various arts opportunities and environments, and have the opportunity to learn and grow in multiple art forms: dance, drama, media arts, music, and/or visual arts. </li></ul>"
609981,HEARST,Phoebe Apperson Hearst Elementary School,ES,https://www.cps.edu/schools/profiles/school-overview/HEARST,https://www.hearst.cps.edu,41.808175,-87.745726,HEARST-Open Enrollment,<ul><li>GPA: N/A</li></ul>,"<ul><li><strong>Selection Type: </strong>Applicants are selected by random computerized lottery. If the program has priority groups, students in those groups are selected in the order listed.</li><li><strong>Priority: </strong>Sibling Preference,Staff Priority,Pre-K Preference,General</li><li><strong>Note: </strong>Open enrollment programs offer a well-rounded general education curriculum, focusing on core subjects like math, science, reading, and social studies. These programs serve a broad range of students without admissions screening or specialized academic focus. </li></ul>"
609983,HEDGES,James Hedges Elementary School,ES,https://www.cps.edu/schools/profiles/school-overview/HEDGES,https://hedgescps.org,41.807112,-87.673327,HEDGES-Fine & Performing Arts,<ul><li>GPA: N/A</li></ul>,"<ul><li><strong>Selection Type: </strong>Applicants are selected by random computerized lottery. If the program has priority groups, students in those groups are selected in the order listed.</li><li><strong>Priority: </strong>Sibling Preference,Staff Priority,Pre-K Preference,General</li><li><strong>Note: </strong>This program provides a comprehensive general education curriculum across all core academic subjects, with a focus on Fine & Performing Arts as an enriching complement to the standard coursework. Arts teachers in Fine & Performing Arts schools work with students and other classroom teachers to provide intensive and integrated instruction in the arts. Students are exposed to various arts opportunities and environments, and have the opportunity to learn and grow in multiple art forms: dance, drama, media arts, music, and/or visual arts. </li></ul>"
609985,HEFFERAN,Helen M Hefferan Elementary School,ES,https://www.cps.edu/schools/profiles/school-overview/HEFFERAN,https://hefferan.cps.edu,41.878665,-87.735802,HEFFERAN-STEM,<ul><li>GPA: N/A</li></ul>,"<ul><li><strong>Selection Type: </strong>Applicants are selected by random computerized lottery. If the program has priority groups, students in those groups are selected in the order listed.</li><li><strong>Priority: </strong>Sibling Preference,Staff Priority,Pre-K Preference,General</li><li><strong>Note: </strong>Schools with a STEM specialization provide whole-school integrated Science, Technology, Engineering, and Math (STEM) programming. In STEM classrooms, students will: actively make sense of and construct solutions to complex questions; productively contribute to the learning community to support a culture of collaboration, risk-taking, and innovation; and regularly reflect on and communicate their understanding of disciplinary ideas. </li></ul>"
609986,HENDERSON,Charles R Henderson Elementary School,ES,https://www.cps.edu/schools/profiles/school-overview/HENDERSON,http://henderson.cps.edu,41.790591,-87.671887,HENDERSON-Open Enrollment,<ul><li>GPA: N/A</li></ul>,"<ul><li><strong>Selection Type: </strong>Applicants are selected by random computerized lottery. If the program has priority groups, students in those groups are selected in the order listed.</li><li><strong>Priority: </strong>Sibling Preference,Staff Priority,Pre-K Preference,General</li><li><strong>Note: </strong>Open enrollment programs offer a well-rounded general education curriculum, focusing on core subjects like math, science, reading, and social studies. These programs serve a broad range of students without admissions screening or specialized academic focus. </li></ul>"
609987,HENDRICKS,Thomas A Hendricks Elementary Community Academy,ES,https://www.cps.edu/schools/profiles/school-overview/HENDRICKS,https://hendricksacademy.org,41.815788,-87.633664,HENDRICKS-Open Enrollment,<ul><li>GPA: N/A</li></ul>,"<ul><li><strong>Selection Type: </strong>Applicants are selected by random computerized lottery. If the program has priority groups, students in those groups are selected in the order listed.</li><li><strong>Priority: </strong>Sibling Preference,Staff Priority,Pre-K Preference,General</li><li><strong>Note: </strong>Open enrollment programs offer a well-rounded general education curriculum, focusing on core subjects like math, science, reading, and social studies. These programs serve a broad range of students without admissions screening or specialized academic focus. </li></ul>"
609942,GOETHE,Johann W von Goethe Elementary School,ES,https://www.cps.edu/schools/profiles/school-overview/GOETHE,https://goethe.cps.edu,41.922831,-87.6929,GOETHE-Open Enrollment,<ul><li>GPA: N/A</li></ul>,"<ul><li><strong>Selection Type: </strong>Applicants are selected by random computerized lottery. If the program has priority groups, students in those groups are selected in the order listed.</li><li><strong>Priority: </strong>Sibling Preference,Staff Priority,Pre-K Preference,General</li><li><strong>Note: </strong>Open enrollment programs offer a well-rounded general education curriculum, focusing on core subjects like math, science, reading, and social studies. These programs serve a broad range of students without admissions screening or specialized academic focus. </li></ul>"
609942,GOETHE,Johann W von Goethe Elementary School,ES,https://www.cps.edu/schools/profiles/school-overview/GOETHE,https://goethe.cps.edu,41.922831,-87.6929,GOETHE-Dual Language,<ul><li>GPA: N/A</li></ul>,"<ul><li><strong>Selection Type: </strong>Applicants are selected by random computerized lottery. If the program has priority groups, students in those groups are selected in the order listed.</li><li><strong>Priority: </strong>Sibling Preference,Staff Priority,General,Pre-K Preference,General</li><li><strong>Note: </strong>Two-way dual language programs aim for a 50:50 balance of English Learners (ELs) and non-ELs in the classroom. Students serve as language models to each other as they acquire the second language. Two-way dual language programs provide instruction in two languages: Spanish and English. Students receive core instruction (language arts, math, science, social science) through a second language with the goal of all students becoming bilingual and biliterate in both Spanish and English. </li></ul>"
609943,OWENS,Jesse Owens Elementary Community Academy,ES,https://www.cps.edu/schools/profiles/school-overview/OWENS,https://gompersschool.org,41.670618,-87.622546,OWENS-STEM,<ul><li>GPA: N/A</li></ul>,"<ul><li><strong>Selection Type: </strong>Applicants are selected by random computerized lottery. If the program has priority groups, students in those groups are selected in the order listed.</li><li><strong>Priority: </strong>Sibling Preference,Staff Priority,Pre-K Preference,General</li><li><strong>Note: </strong>Schools with a STEM specialization provide whole-school integrated Science, Technology, Engineering, and Math (STEM) programming. In STEM classrooms, students will: actively make sense of and construct solutions to complex questions; productively contribute to the learning community to support a culture of collaboration, risk-taking, and innovation; and regularly reflect on and communicate their understanding of disciplinary ideas. </li></ul>"
609944,GRISSOM,Virgil Grissom Elementary School,ES,https://www.cps.edu/schools/profiles/school-overview/GRISSOM,https://grissom.cps.edu,41.662481,-87.553307,GRISSOM-Fine & Performing Arts,<ul><li>GPA: N/A</li></ul>,"<ul><li><strong>Selection Type: </strong>Applicants are selected by random computerized lottery. If the program has priority groups, students in those groups are selected in the order listed.</li><li><strong>Priority: </strong>Sibling Preference,Staff Priority,Pre-K Preference,General</li><li><strong>Note: </strong>This program provides a comprehensive general education curriculum across all core academic subjects, with a focus on Fine & Performing Arts as an enriching complement to the standard coursework. Arts teachers in Fine & Performing Arts schools work with students and other classroom teachers to provide intensive and integrated instruction in the arts. Students are exposed to various arts opportunities and environments, and have the opportunity to learn and grow in multiple art forms: dance, drama, media arts, music, and/or visual arts. </li></ul>"
609945,GOUDY,William C. Goudy Technology Academy,ES,https://www.cps.edu/schools/profiles/school-overview/GOUDY,https://goudy.cps.edu,41.975817,-87.657912,GOUDY-Technology,<ul><li>GPA: N/A</li></ul>,"<ul><li><strong>Selection Type: </strong>Applicants are selected by random computerized lottery. If the program has priority groups, students in those groups are selected in the order listed.</li><li><strong>Priority: </strong>Sibling Preference,Staff Priority,Pre-K Preference,General</li><li><strong>Note: </strong>Technology Program schools thoughtfully integrate technology and digital media throughout the curriculum to ensure that students develop the skills and habits of mind that will enable them to be successful in whatever endeavors they wish to pursue. This includes enabling students to use technology and digital media to demonstrate creative thinking and construct knowledge; communicate and work collaboratively; gather, evaluate and use information; conduct research, manage projects, and solve problems; practice legal and ethical behaviors while online; and understand technology concepts, systems, and operations. </li></ul>"
609950,ORTIZ DE DOMINGUEZ,Josefa Ortiz De Dominguez Elementary School,ES,https://www.cps.edu/schools/profiles/school-overview/ORTIZ-DE-DOMINGUEZ,https://ortizdedominguez.cps.edu,41.838791,-87.71719,ORTIZ DE DOMINGUEZ-Open Enrollment,<ul><li>GPA: N/A</li></ul>,"<ul><li><strong>Selection Type: </strong>Applicants are selected by random computerized lottery. If the program has priority groups, students in those groups are selected in the order listed.</li><li><strong>Priority: </strong>Sibling Preference,Staff Priority,Pre-K Preference,General</li><li><strong>Note: </strong>Open enrollment programs offer a well-rounded general education curriculum, focusing on core subjects like math, science, reading, and social studies. These programs serve a broad range of students without admissions screening or specialized academic focus. </li></ul>"
609952,GREENE,Nathanael Greene Elementary School,ES,https://www.cps.edu/schools/profiles/school-overview/GREENE,https://greene.cps.edu,41.829669,-87.671492,GREENE-Open Enrollment,<ul><li>GPA: N/A</li></ul>,"<ul><li><strong>Selection Type: </strong>Applicants are selected by random computerized lottery. If the program has priority groups, students in those groups are selected in the order listed.</li><li><strong>Priority: </strong>Sibling Preference,Staff Priority,Pre-K Preference,General</li><li><strong>Note: </strong>Open enrollment programs offer a well-rounded general education curriculum, focusing on core subjects like math, science, reading, and social studies. These programs serve a broad range of students without admissions screening or specialized academic focus. </li></ul>"
609954,GREGORY,John Milton Gregory Elementary School,ES,https://www.cps.edu/schools/profiles/school-overview/GREGORY,https://gregoryacademy.org,41.870742,-87.718666,GREGORY-Open Enrollment,<ul><li>GPA: N/A</li></ul>,"<ul><li><strong>Selection Type: </strong>Applicants are selected by random computerized lottery. If the program has priority groups, students in those groups are selected in the order listed.</li><li><strong>Priority: </strong>Sibling Preference,Staff Priority,Pre-K Preference,General</li><li><strong>Note: </strong>Open enrollment programs offer a well-rounded general education curriculum, focusing on core subjects like math, science, reading, and social studies. These programs serve a broad range of students without admissions screening or specialized academic focus. </li></ul>"
609955,GRESHAM,Walter Q Gresham Elementary School,ES,https://www.cps.edu/schools/profiles/school-overview/GRESHAM,http://Greshamschool.org,41.73892,-87.645025,GRESHAM-Open Enrollment,<ul><li>GPA: N/A</li></ul>,"<ul><li><strong>Selection Type: </strong>Applicants are selected by random computerized lottery. If the program has priority groups, students in those groups are selected in the order listed.</li><li><strong>Priority: </strong>Sibling Preference,Staff Priority,Pre-K Preference,General</li><li><strong>Note: </strong>Open enrollment programs offer a well-rounded general education curriculum, focusing on core subjects like math, science, reading, and social studies. These programs serve a broad range of students without admissions screening or specialized academic focus. </li></ul>"
609956,GRIMES,Robert L Grimes Elementary School,ES,https://www.cps.edu/schools/profiles/school-overview/GRIMES,https://grimes.cps.edu/,41.775464,-87.758803,GRIMES-Open Enrollment,<ul><li>GPA: N/A</li></ul>,"<ul><li><strong>Selection Type: </strong>Applicants are selected by random computerized lottery. If the program has priority groups, students in those groups are selected in the order listed.</li><li><strong>Priority: </strong>Sibling Preference,Staff Priority,Pre-K Preference,General</li><li><strong>Note: </strong>Open enrollment programs offer a well-rounded general education curriculum, focusing on core subjects like math, science, reading, and social studies. These programs serve a broad range of students without admissions screening or specialized academic focus. </li></ul>"
609937,GARVY,John W Garvy Elementary School,ES,https://www.cps.edu/schools/profiles/school-overview/GARVY,https://garvyschool.org,41.976352,-87.796235,GARVY-Open Enrollment,<ul><li>GPA: N/A</li></ul>,"<ul><li><strong>Selection Type: </strong>Applicants are selected by random computerized lottery. If the program has priority groups, students in those groups are selected in the order listed.</li><li><strong>Priority: </strong>Sibling Preference,Staff Priority,General</li><li><strong>Note: </strong>Open enrollment programs offer a well-rounded general education curriculum, focusing on core subjects like math, science, reading, and social studies. These programs serve a broad range of students without admissions screening or specialized academic focus. </li></ul>"
609938,GARY,Joseph E Gary Elementary School,ES,https://www.cps.edu/schools/profiles/school-overview/GARY,https://gary.cps.edu,41.837065,-87.718697,GARY-Open Enrollment,<ul><li>GPA: N/A</li></ul>,"<ul><li><strong>Selection Type: </strong>Applicants are selected by random computerized lottery. If the program has priority groups, students in those groups are selected in the order listed.</li><li><strong>Priority: </strong>Sibling Preference,Staff Priority,General</li><li><strong>Note: </strong>Open enrollment programs offer a well-rounded general education curriculum, focusing on core subjects like math, science, reading, and social studies. These programs serve a broad range of students without admissions screening or specialized academic focus. </li></ul>"
609939,GILLESPIE,Frank L Gillespie Elementary School,ES,https://www.cps.edu/schools/profiles/school-overview/GILLESPIE,https://gillespietech.org,41.725332,-87.623719,GILLESPIE-Technology,<ul><li>GPA: N/A</li></ul>,"<ul><li><strong>Selection Type: </strong>Applicants are selected by random computerized lottery. If the program has priority groups, students in those groups are selected in the order listed.</li><li><strong>Priority: </strong>Sibling Preference,Staff Priority,Pre-K Preference,General</li><li><strong>Note: </strong>Technology Program schools thoughtfully integrate technology and digital media throughout the curriculum to ensure that students develop the skills and habits of mind that will enable them to be successful in whatever endeavors they wish to pursue. This includes enabling students to use technology and digital media to demonstrate creative thinking and construct knowledge; communicate and work collaboratively; gather, evaluate and use information; conduct research, manage projects, and solve problems; practice legal and ethical behaviors while online; and understand technology concepts, systems, and operations. </li></ul>"
609927,FOSTER PARK,Foster Park Elementary School,ES,https://www.cps.edu/schools/profiles/school-overview/FOSTER-PARK,https://fosterpark.cps.edu,41.738425,-87.668099,FOSTER PARK-Fine & Performing Arts,<ul><li>GPA: N/A</li></ul>,"<ul><li><strong>Selection Type: </strong>Applicants are selected by random computerized lottery. If the program has priority groups, students in those groups are selected in the order listed.</li><li><strong>Priority: </strong>Sibling Preference,Staff Priority,Pre-K Preference,General</li><li><strong>Note: </strong>This program provides a comprehensive general education curriculum across all core academic subjects, with a focus on Fine & Performing Arts as an enriching complement to the standard coursework. Arts teachers in Fine & Performing Arts schools work with students and other classroom teachers to provide intensive and integrated instruction in the arts. Students are exposed to various arts opportunities and environments, and have the opportunity to learn and grow in multiple art forms: dance, drama, media arts, music, and/or visual arts. </li></ul>"
609928,FARMER,James Farmer Jr Elementary School,ES,https://www.cps.edu/schools/profiles/school-overview/FARMER,http://farmer.cps.edu/,41.818003,-87.611784,FARMER-Open Enrollment,<ul><li>GPA: N/A</li></ul>,"<ul><li><strong>Selection Type: </strong>Applicants are selected by random computerized lottery. If the program has priority groups, students in those groups are selected in the order listed.</li><li><strong>Priority: </strong>Sibling Preference,Staff Priority,Pre-K Preference,General</li><li><strong>Note: </strong>Open enrollment programs offer a well-rounded general education curriculum, focusing on core subjects like math, science, reading, and social studies. These programs serve a broad range of students without admissions screening or specialized academic focus. </li></ul>"
609929,FULTON,Robert Fulton Elementary School,ES,https://www.cps.edu/schools/profiles/school-overview/FULTON,https://FultonFalcons.org,41.79758,-87.668436,FULTON-Open Enrollment,<ul><li>GPA: N/A</li></ul>,"<ul><li><strong>Selection Type: </strong>Applicants are selected by random computerized lottery. If the program has priority groups, students in those groups are selected in the order listed.</li><li><strong>Priority: </strong>Sibling Preference,Staff Priority,Pre-K Preference,General</li><li><strong>Note: </strong>Open enrollment programs offer a well-rounded general education curriculum, focusing on core subjects like math, science, reading, and social studies. These programs serve a broad range of students without admissions screening or specialized academic focus. </li></ul>"
609975,HAY,John Hay Elementary Community Academy,ES,https://www.cps.edu/schools/profiles/school-overview/HAY,https://johnhayacademy.org,41.899171,-87.755813,HAY-Open Enrollment,<ul><li>GPA: N/A</li></ul>,"<ul><li><strong>Selection Type: </strong>Applicants are selected by random computerized lottery. If the program has priority groups, students in those groups are selected in the order listed.</li><li><strong>Priority: </strong>Sibling Preference,Staff Priority,Pre-K Preference,General</li><li><strong>Note: </strong>Open enrollment programs offer a well-rounded general education curriculum, focusing on core subjects like math, science, reading, and social studies. These programs serve a broad range of students without admissions screening or specialized academic focus. </li></ul>"
609976,HAYT,Stephen K Hayt Elementary School,ES,https://www.cps.edu/schools/profiles/school-overview/HAYT,https://hayt.cps.edu,41.994541,-87.668504,HAYT-Open Enrollment,<ul><li>GPA: N/A</li></ul>,"<ul><li><strong>Selection Type: </strong>Applicants are selected by random computerized lottery. If the program has priority groups, students in those groups are selected in the order listed.</li><li><strong>Priority: </strong>Sibling Preference,Staff Priority,Pre-K Preference,General</li><li><strong>Note: </strong>Open enrollment programs offer a well-rounded general education curriculum, focusing on core subjects like math, science, reading, and social studies. These programs serve a broad range of students without admissions screening or specialized academic focus. </li></ul>"
609978,SMITH,Wendell Smith Elementary School,ES,https://www.cps.edu/schools/profiles/school-overview/SMITH,https://wendellsmith.cps.edu,41.707558,-87.60466,SMITH-Open Enrollment,<ul><li>GPA: N/A</li></ul>,"<ul><li><strong>Selection Type: </strong>Applicants are selected by random computerized lottery. If the program has priority groups, students in those groups are selected in the order listed.</li><li><strong>Priority: </strong>Sibling Preference,Staff Priority,Pre-K Preference,General</li><li><strong>Note: </strong>Open enrollment programs offer a well-rounded general education curriculum, focusing on core subjects like math, science, reading, and social studies. These programs serve a broad range of students without admissions screening or specialized academic focus. </li></ul>"
609920,KANOON,Gerald Delgado Kanoon Elementary Magnet School,ES,https://www.cps.edu/schools/profiles/school-overview/KANOON,https://kanoonmagnet.com,41.850771,-87.705112,KANOON-Magnet with Boundary - World Language,<ul><li>GPA: N/A</li></ul>,"<ul><li><strong>Selection Type: </strong>Applicants are selected by random computerized lottery. If the program has priority groups, students in those groups are selected in the order listed.</li><li><strong>Priority: </strong>Sibling Preference,Staff Priority,Pre-K Preference,General</li><li><strong>Note: </strong>World language programs provide students with intensive instruction in a world language to acquire proficiency in the new language as well as develop cultural understanding and awareness. For information on the specific language(s) offered within this program, please reach out to the school directly. </li></ul>"
609921,TELPOCHCALLI,Telpochcalli Elementary School,ES,https://www.cps.edu/schools/profiles/school-overview/TELPOCHCALLI,http://www.telpochcalli.cps.edu,41.847947,-87.696006,TELPOCHCALLI-World Language,<ul><li>GPA: N/A</li></ul>,"<ul><li><strong>Selection Type: </strong>Applicants are selected by random computerized lottery. If the program has priority groups, students in those groups are selected in the order listed.</li><li><strong>Priority: </strong>Sibling Preference,Staff Priority,Pre-K Preference,General</li><li><strong>Note: </strong>World language programs provide students with intensive instruction in a world language to acquire proficiency in the new language as well as develop cultural understanding and awareness. For information on the specific language(s) offered within this program, please reach out to the school directly. </li></ul>"
609921,TELPOCHCALLI,Telpochcalli Elementary School,ES,https://www.cps.edu/schools/profiles/school-overview/TELPOCHCALLI,http://www.telpochcalli.cps.edu,41.847947,-87.696006,TELPOCHCALLI-Dual Language,<ul><li>GPA: N/A</li></ul>,"<ul><li><strong>Selection Type: </strong>Applicants are selected by random computerized lottery. If the program has priority groups, students in those groups are selected in the order listed.</li><li><strong>Priority: </strong>Sibling Preference,Staff Priority,General,Pre-K Preference,General</li><li><strong>Note: </strong>Two-way dual language programs aim for a 50:50 balance of English Learners (ELs) and non-ELs in the classroom. Students serve as language models to each other as they acquire the second language. Two-way dual language programs provide instruction in two languages: Spanish and English. Students receive core instruction (language arts, math, science, social science) through a second language with the goal of all students becoming bilingual and biliterate in both Spanish and English. </li></ul>"
610587,DYETT ARTS HS,Walter Henri Dyett High School for the Arts,HS,https://www.cps.edu/schools/profiles/school-overview/DYETT-ARTS-HS,https://newdyett.org,41.801204,-87.612239,DYETT ARTS HS-Band,<ul><li>GPA: 2.00</li></ul>,"<ul><li><strong>Selection Type: </strong>Applicants are selected by random computerized lottery. If the program has priority groups, students in those groups are selected in the order listed.</li><li><strong>Priority: </strong>Sibling Preference,Attendance Area,General</li></ul>"
610587,DYETT ARTS HS,Walter Henri Dyett High School for the Arts,HS,https://www.cps.edu/schools/profiles/school-overview/DYETT-ARTS-HS,https://newdyett.org,41.801204,-87.612239,DYETT ARTS HS-Choir,<ul><li>GPA: 2.00</li></ul>,"<ul><li><strong>Selection Type: </strong>Applicants are selected by random computerized lottery. If the program has priority groups, students in those groups are selected in the order listed.</li><li><strong>Priority: </strong>Sibling Preference,Attendance Area,General</li></ul>"
610587,DYETT ARTS HS,Walter Henri Dyett High School for the Arts,HS,https://www.cps.edu/schools/profiles/school-overview/DYETT-ARTS-HS,https://newdyett.org,41.801204,-87.612239,DYETT ARTS HS-Dance,<ul><li>GPA: 2.00</li></ul>,"<ul><li><strong>Selection Type: </strong>Applicants are selected by random computerized lottery. If the program has priority groups, students in those groups are selected in the order listed.</li><li><strong>Priority: </strong>Sibling Preference,Attendance Area,General</li></ul>"
610587,DYETT ARTS HS,Walter Henri Dyett High School for the Arts,HS,https://www.cps.edu/schools/profiles/school-overview/DYETT-ARTS-HS,https://newdyett.org,41.801204,-87.612239,DYETT ARTS HS-Digital Media,<ul><li>Application Requirements: High School Admissions Test (HSAT) Scores Required.</li><li>GPA: N/A</li></ul>,"<ul><li><strong>Selection Type: </strong>Students are selected by lottery within groups with preferences for students who have combined HSAT scores above the 58/48th percentile and who live within the attendance area of the school.</li><li><strong>Priority: </strong>Proximity Preference,General</li></ul>"
610587,DYETT ARTS HS,Walter Henri Dyett High School for the Arts,HS,https://www.cps.edu/schools/profiles/school-overview/DYETT-ARTS-HS,https://newdyett.org,41.801204,-87.612239,DYETT ARTS HS-General Education,<ul><li>GPA: 2.00</li></ul>,"<ul><li><strong>Selection Type: </strong>Applicants are selected by random computerized lottery. If the program has priority groups, students in those groups are selected in the order listed.</li><li><strong>Priority: </strong>Sibling Preference,General</li><li><strong>Note: </strong>Students living in the attendance area are guaranteed a seat and do not need to submit an application. All students living outside the attendance area must submit an application. Students who live outside of the school's attendance boundary are randomly selected by computerized lottery. Those students with the minimum GPA of 2.0 or higher are eligible to be selected.&nbsp; </li></ul>"
610587,DYETT ARTS HS,Walter Henri Dyett High School for the Arts,HS,https://www.cps.edu/schools/profiles/school-overview/DYETT-ARTS-HS,https://newdyett.org,41.801204,-87.612239,DYETT ARTS HS-Significantly Modified Curriculum w/ Moderate Supports,<ul><li>GPA: N/A</li></ul>,"<ul><li><strong>Selection Type: </strong>Applicants are selected by random computerized lottery. If the program has priority groups, students in those groups are selected in the order listed.</li><li><strong>Priority: </strong>Proximity Preference,General</li></ul>"
610587,DYETT ARTS HS,Walter Henri Dyett High School for the Arts,HS,https://www.cps.edu/schools/profiles/school-overview/DYETT-ARTS-HS,https://newdyett.org,41.801204,-87.612239,DYETT ARTS HS-Theatre,<ul><li>GPA: 2.00</li></ul>,"<ul><li><strong>Selection Type: </strong>Applicants are selected by random computerized lottery. If the program has priority groups, students in those groups are selected in the order listed.</li><li><strong>Priority: </strong>Sibling Preference,Attendance Area,General</li></ul>"
610587,DYETT ARTS HS,Walter Henri Dyett High School for the Arts,HS,https://www.cps.edu/schools/profiles/school-overview/DYETT-ARTS-HS,https://newdyett.org,41.801204,-87.612239,DYETT ARTS HS-Visual Arts,<ul><li>GPA: 2.00</li></ul>,"<ul><li><strong>Selection Type: </strong>Applicants are selected by random computerized lottery. If the program has priority groups, students in those groups are selected in the order listed.</li><li><strong>Priority: </strong>Sibling Preference,Attendance Area,General</li></ul>"
609733,SULLIVAN HS,Roger C Sullivan High School,HS,https://www.cps.edu/schools/profiles/school-overview/SULLIVAN-HS,https://sullivanhs.org,42.002688,-87.669192,SULLIVAN HS-Entrepreneurship,<ul><li>Application Requirements: High School Admissions Test (HSAT) Scores Required.</li><li>GPA: N/A</li></ul>,"<ul><li><strong>Selection Type: </strong>Students are selected by lottery within groups with preferences for students who have combined HSAT scores above the 58/48th percentile and who live within the attendance area of the school.</li><li><strong>Priority: </strong>Proximity Preference,General</li></ul>"
609733,SULLIVAN HS,Roger C Sullivan High School,HS,https://www.cps.edu/schools/profiles/school-overview/SULLIVAN-HS,https://sullivanhs.org,42.002688,-87.669192,SULLIVAN HS-The English Learner Academy,<ul><li>GPA: N/A</li></ul>,"<ul><li><strong>Selection Type: </strong>Applicants are selected by random computerized lottery. If the program has priority groups, students in those groups are selected in the order listed.</li><li><strong>Priority: </strong>Sibling Preference,Elementary Preference,General</li><li><strong>Note: </strong>Elementary Preference School(s): ARMSTRONG G, COURTENAY, FIELD, GALE, HAYT, JORDAN, KILMER, MCCUTCHEON, MCPHERSON, MOSAIC, WEST RIDGE</li></ul>"
609733,SULLIVAN HS,Roger C Sullivan High School,HS,https://www.cps.edu/schools/profiles/school-overview/SULLIVAN-HS,https://sullivanhs.org,42.002688,-87.669192,SULLIVAN HS-General Education,<ul><li>GPA: N/A</li></ul>,"<ul><li><strong>Selection Type: </strong>Applicants are selected by random computerized lottery. If the program has priority groups, students in those groups are selected in the order listed.</li><li><strong>Priority: </strong>Sibling Preference,Staff Priority,Elementary Preference,General</li><li><strong>Note: </strong>Elementary Preference School(s): ARMSTRONG G, COURTENAY, FIELD, GALE, HAYT, JORDAN, KILMER, MCCUTCHEON, MCPHERSON, MOSAIC, WEST RIDGE</li></ul>"
609733,SULLIVAN HS,Roger C Sullivan High School,HS,https://www.cps.edu/schools/profiles/school-overview/SULLIVAN-HS,https://sullivanhs.org,42.002688,-87.669192,SULLIVAN HS-Health Science,<ul><li>Application Requirements: High School Admissions Test (HSAT) Scores Required.</li><li>GPA: N/A</li></ul>,<ul><li><strong>Priority: </strong>General</li></ul>
609733,SULLIVAN HS,Roger C Sullivan High School,HS,https://www.cps.edu/schools/profiles/school-overview/SULLIVAN-HS,https://sullivanhs.org,42.002688,-87.669192,SULLIVAN HS-Significantly Modified Curriculum w/ Moderate Supports,<ul><li>GPA: N/A</li></ul>,"<ul><li><strong>Selection Type: </strong>Applicants are selected by random computerized lottery. If the program has priority groups, students in those groups are selected in the order listed.</li><li><strong>Priority: </strong>Proximity Preference,General</li></ul>"
609734,TAFT HS,William Howard Taft High School,HS,https://www.cps.edu/schools/profiles/school-overview/TAFT-HS,https://tafthighschool.org,41.982961,-87.791547,TAFT HS-Academic Center,<ul><li>GPA: 2.50</li></ul>,"<ul><li><strong>Selection Type: </strong>All selective enrollment programs use a points-based selection process. For this program, an applicant's final grades from the previous school year and composite score on the Regional Gifted exam are converted to points using a rubric. Students are selected in descending total point order, with top scorers chosen first. For entry-level (7th grade) selections only, a student's socioeconomic tier will be considered in the selection process (see the Preferences & Priorities section below for more details).</li><li><strong>Priority: </strong>Rank,Tier</li><li><strong>Note: </strong>Academic Centers, housed in high schools, offer high-achieving students the opportunity to take advanced classes. Students attending Academic Centers can continue at their current school when they enter 9th grade without needing to reapply. </li></ul>"
609734,TAFT HS,William Howard Taft High School,HS,https://www.cps.edu/schools/profiles/school-overview/TAFT-HS,https://tafthighschool.org,41.982961,-87.791547,TAFT HS-General Education,<ul><li>GPA: N/A</li></ul>,"<ul><li><strong>Selection Type: </strong>Applicants are selected by random computerized lottery. If the program has priority groups, students in those groups are selected in the order listed.</li><li><strong>Priority: </strong>Sibling Preference,Staff Priority,Overlay Preference,General</li></ul>"
609734,TAFT HS,William Howard Taft High School,HS,https://www.cps.edu/schools/profiles/school-overview/TAFT-HS,https://tafthighschool.org,41.982961,-87.791547,TAFT HS-International Baccalaureate (IB),<ul><li>Application Requirements: High School Admissions Test (HSAT) Scores Required.</li><li>GPA: N/A</li></ul>,"<ul><li><strong>Priority: </strong>General</li><li><strong>Note: </strong>International Baccalaureate (IB) is an inquiry-based, concept-driven framework that aims to develop self-directed thinkers and reflective problem solvers. Students enrolled in the IB Program may receive college credit for their high school courses. All students applying to this program must take the CPS HSAT. </li></ul>"
609734,TAFT HS,William Howard Taft High School,HS,https://www.cps.edu/schools/profiles/school-overview/TAFT-HS,https://tafthighschool.org,41.982961,-87.791547,TAFT HS-Significantly Modified Curriculum w/Intensive Supports,<ul><li>GPA: N/A</li></ul>,"<ul><li><strong>Selection Type: </strong>Applicants are selected by random computerized lottery. If the program has priority groups, students in those groups are selected in the order listed.</li><li><strong>Priority: </strong>Proximity Preference,General</li></ul>"
609735,TILDEN HS,Edward Tilden Career Community Academy HS,HS,https://www.cps.edu/schools/profiles/school-overview/TILDEN-HS,https://tilden.cps.edu,41.80751,-87.642966,TILDEN HS-Culinary & Hospitality Management,<ul><li>Application Requirements: High School Admissions Test (HSAT) Scores Required.</li><li>GPA: N/A</li></ul>,"<ul><li><strong>Selection Type: </strong>Students are selected by lottery within groups with preferences for students who have combined HSAT scores above the 58/48th percentile and who live within the attendance area of the school.</li><li><strong>Priority: </strong>Proximity Preference,General</li></ul>"
609735,TILDEN HS,Edward Tilden Career Community Academy HS,HS,https://www.cps.edu/schools/profiles/school-overview/TILDEN-HS,https://tilden.cps.edu,41.80751,-87.642966,TILDEN HS-General Education,<ul><li>GPA: N/A</li></ul>,"<ul><li><strong>Selection Type: </strong>Applicants are selected by random computerized lottery. If the program has priority groups, students in those groups are selected in the order listed.</li><li><strong>Priority: </strong>Sibling Preference,Staff Priority,General</li></ul>"
609735,TILDEN HS,Edward Tilden Career Community Academy HS,HS,https://www.cps.edu/schools/profiles/school-overview/TILDEN-HS,https://tilden.cps.edu,41.80751,-87.642966,TILDEN HS-Significantly Modified Curriculum w/ Moderate Supports,<ul><li>GPA: N/A</li></ul>,"<ul><li><strong>Selection Type: </strong>Applicants are selected by random computerized lottery. If the program has priority groups, students in those groups are selected in the order listed.</li><li><strong>Priority: </strong>Proximity Preference,General</li></ul>"
609764,JUAREZ HS,Benito Juarez Community Academy High School,HS,https://www.cps.edu/schools/profiles/school-overview/JUAREZ-HS,https://benitojuarez.net,41.852667,-87.663732,JUAREZ HS-Architecture & Construction,<ul><li>Application Requirements: High School Admissions Test (HSAT) Scores Required.</li><li>GPA: N/A</li></ul>,"<ul><li><strong>Selection Type: </strong>Students are selected by lottery within groups with preferences for students who have combined HSAT scores above the 58/48th percentile and who live within the attendance area of the school.</li><li><strong>Priority: </strong>Proximity Preference,General</li></ul>"
609764,JUAREZ HS,Benito Juarez Community Academy High School,HS,https://www.cps.edu/schools/profiles/school-overview/JUAREZ-HS,https://benitojuarez.net,41.852667,-87.663732,JUAREZ HS-Culinary & Hospitality Management,<ul><li>Application Requirements: High School Admissions Test (HSAT) Scores Required.</li><li>GPA: N/A</li></ul>,"<ul><li><strong>Selection Type: </strong>Students are selected by lottery within groups with preferences for students who have combined HSAT scores above the 58/48th percentile and who live within the attendance area of the school.</li><li><strong>Priority: </strong>Proximity Preference,General</li></ul>"
609764,JUAREZ HS,Benito Juarez Community Academy High School,HS,https://www.cps.edu/schools/profiles/school-overview/JUAREZ-HS,https://benitojuarez.net,41.852667,-87.663732,JUAREZ HS-Teaching Academy,<ul><li>Application Requirements: High School Admissions Test (HSAT) Scores Required.</li><li>GPA: N/A</li></ul>,"<ul><li><strong>Selection Type: </strong>Students are selected by lottery within groups with preferences for students who have combined HSAT scores above the 58/48th percentile and who live within the attendance area of the school.</li><li><strong>Priority: </strong>Proximity Preference,General</li></ul>"
609764,JUAREZ HS,Benito Juarez Community Academy High School,HS,https://www.cps.edu/schools/profiles/school-overview/JUAREZ-HS,https://benitojuarez.net,41.852667,-87.663732,JUAREZ HS-General Education,<ul><li>GPA: N/A</li></ul>,"<ul><li><strong>Selection Type: </strong>Applicants are selected by random computerized lottery. If the program has priority groups, students in those groups are selected in the order listed.</li><li><strong>Priority: </strong>Sibling Preference,Staff Priority,General</li></ul>"
609764,JUAREZ HS,Benito Juarez Community Academy High School,HS,https://www.cps.edu/schools/profiles/school-overview/JUAREZ-HS,https://benitojuarez.net,41.852667,-87.663732,JUAREZ HS-Health Science,<ul><li>Application Requirements: High School Admissions Test (HSAT) Scores Required.</li><li>GPA: N/A</li></ul>,<ul><li><strong>Priority: </strong>General</li></ul>
609764,JUAREZ HS,Benito Juarez Community Academy High School,HS,https://www.cps.edu/schools/profiles/school-overview/JUAREZ-HS,https://benitojuarez.net,41.852667,-87.663732,JUAREZ HS-International Baccalaureate (IB),<ul><li>Application Requirements: High School Admissions Test (HSAT) Scores Required.</li><li>GPA: N/A</li></ul>,"<ul><li><strong>Priority: </strong>General</li><li><strong>Note: </strong>International Baccalaureate (IB) is an inquiry-based, concept-driven framework that aims to develop self-directed thinkers and reflective problem solvers. Students enrolled in the IB Program may receive college credit for their high school courses. All students applying to this program must take the CPS HSAT. </li></ul>"
609764,JUAREZ HS,Benito Juarez Community Academy High School,HS,https://www.cps.edu/schools/profiles/school-overview/JUAREZ-HS,https://benitojuarez.net,41.852667,-87.663732,JUAREZ HS-Game Programming & Web Design,<ul><li>Application Requirements: High School Admissions Test (HSAT) Scores Required.</li><li>GPA: N/A</li></ul>,"<ul><li><strong>Selection Type: </strong>Students are selected by lottery within groups with preferences for students who have combined HSAT scores above the 58/48th percentile and who live within the attendance area of the school.</li><li><strong>Priority: </strong>Proximity Preference,General</li></ul>"
609762,JULIAN HS,Percy L Julian High School,HS,https://www.cps.edu/schools/profiles/school-overview/JULIAN-HS,https://pljulianhs.net,41.705859,-87.653749,JULIAN HS-Significantly Modified Curriculum w/ Moderate Support,<ul><li>GPA: N/A</li></ul>,"<ul><li><strong>Selection Type: </strong>Applicants are selected by random computerized lottery. If the program has priority groups, students in those groups are selected in the order listed.</li><li><strong>Priority: </strong>Proximity Preference,General</li></ul>"
609762,JULIAN HS,Percy L Julian High School,HS,https://www.cps.edu/schools/profiles/school-overview/JULIAN-HS,https://pljulianhs.net,41.705859,-87.653749,JULIAN HS-Broadcast,<ul><li>Application Requirements: High School Admissions Test (HSAT) Scores Required.</li><li>GPA: N/A</li></ul>,"<ul><li><strong>Selection Type: </strong>Students are selected by lottery within groups with preferences for students who have combined HSAT scores above the 58/48th percentile and who live within the attendance area of the school.</li><li><strong>Priority: </strong>Proximity Preference,General</li></ul>"
609762,JULIAN HS,Percy L Julian High School,HS,https://www.cps.edu/schools/profiles/school-overview/JULIAN-HS,https://pljulianhs.net,41.705859,-87.653749,JULIAN HS-Digital Media,<ul><li>Application Requirements: High School Admissions Test (HSAT) Scores Required.</li><li>GPA: N/A</li></ul>,"<ul><li><strong>Selection Type: </strong>Students are selected by lottery within groups with preferences for students who have combined HSAT scores above the 58/48th percentile and who live within the attendance area of the school.</li><li><strong>Priority: </strong>Proximity Preference,General</li></ul>"
609762,JULIAN HS,Percy L Julian High School,HS,https://www.cps.edu/schools/profiles/school-overview/JULIAN-HS,https://pljulianhs.net,41.705859,-87.653749,JULIAN HS-Entrepreneurship,<ul><li>Application Requirements: High School Admissions Test (HSAT) Scores Required.</li><li>GPA: N/A</li></ul>,"<ul><li><strong>Selection Type: </strong>Students are selected by lottery within groups with preferences for students who have combined HSAT scores above the 58/48th percentile and who live within the attendance area of the school.</li><li><strong>Priority: </strong>Proximity Preference,General</li></ul>"
609762,JULIAN HS,Percy L Julian High School,HS,https://www.cps.edu/schools/profiles/school-overview/JULIAN-HS,https://pljulianhs.net,41.705859,-87.653749,JULIAN HS-Fine & Performing Arts,<ul><li>GPA: N/A</li></ul>,"<ul><li><strong>Selection Type: </strong>Applicants are selected by random computerized lottery. If the program has priority groups, students in those groups are selected in the order listed.</li><li><strong>Priority: </strong>Attendance Area,General</li></ul>"
609762,JULIAN HS,Percy L Julian High School,HS,https://www.cps.edu/schools/profiles/school-overview/JULIAN-HS,https://pljulianhs.net,41.705859,-87.653749,JULIAN HS-General Education,<ul><li>GPA: N/A</li></ul>,"<ul><li><strong>Selection Type: </strong>Applicants are selected by random computerized lottery. If the program has priority groups, students in those groups are selected in the order listed.</li><li><strong>Priority: </strong>Sibling Preference,Staff Priority,General</li></ul>"
609762,JULIAN HS,Percy L Julian High School,HS,https://www.cps.edu/schools/profiles/school-overview/JULIAN-HS,https://pljulianhs.net,41.705859,-87.653749,JULIAN HS-Health Science,<ul><li>Application Requirements: High School Admissions Test (HSAT) Scores Required.</li><li>GPA: N/A</li></ul>,<ul><li><strong>Priority: </strong>General</li></ul>
609762,JULIAN HS,Percy L Julian High School,HS,https://www.cps.edu/schools/profiles/school-overview/JULIAN-HS,https://pljulianhs.net,41.705859,-87.653749,JULIAN HS-Game Programming,<ul><li>Application Requirements: High School Admissions Test (HSAT) Scores Required.</li><li>GPA: N/A</li></ul>,"<ul><li><strong>Selection Type: </strong>Students are selected by lottery within groups with preferences for students who have combined HSAT scores above the 58/48th percentile and who live within the attendance area of the school.</li><li><strong>Priority: </strong>Proximity Preference,General</li></ul>"
609722,MANLEY HS,Manley Career Academy High School,HS,https://www.cps.edu/schools/profiles/school-overview/MANLEY-HS,https://manleycareeracademy.org,41.870939,-87.699896,MANLEY HS-Culinary & Hospitality Management,<ul><li>Application Requirements: High School Admissions Test (HSAT) Scores Required.</li><li>GPA: N/A</li></ul>,"<ul><li><strong>Selection Type: </strong>Students are selected by lottery within groups with preferences for students who have combined HSAT scores above the 58/48th percentile and who live within the attendance area of the school.</li><li><strong>Priority: </strong>Proximity Preference,General</li></ul>"
609722,MANLEY HS,Manley Career Academy High School,HS,https://www.cps.edu/schools/profiles/school-overview/MANLEY-HS,https://manleycareeracademy.org,41.870939,-87.699896,MANLEY HS-General Education,<ul><li>GPA: N/A</li></ul>,"<ul><li><strong>Selection Type: </strong>Applicants are selected by random computerized lottery. If the program has priority groups, students in those groups are selected in the order listed.</li><li><strong>Priority: </strong>Sibling Preference,Staff Priority,General</li></ul>"
609723,MARSHALL HS,John Marshall Metropolitan High School,HS,https://www.cps.edu/schools/profiles/school-overview/MARSHALL-HS,http://marshallmetro.cps.edu,41.878444,-87.70805,MARSHALL HS-Agriculture & Horticulture,<ul><li>Application Requirements: High School Admissions Test (HSAT) Scores Required.</li><li>GPA: N/A</li></ul>,"<ul><li><strong>Selection Type: </strong>Students are selected by lottery within groups with preferences for students who have combined HSAT scores above the 58/48th percentile and who live within the attendance area of the school.</li><li><strong>Priority: </strong>Proximity Preference,General</li></ul>"
609723,MARSHALL HS,John Marshall Metropolitan High School,HS,https://www.cps.edu/schools/profiles/school-overview/MARSHALL-HS,http://marshallmetro.cps.edu,41.878444,-87.70805,MARSHALL HS-Culinary & Hospitality Management,<ul><li>Application Requirements: High School Admissions Test (HSAT) Scores Required.</li><li>GPA: N/A</li></ul>,"<ul><li><strong>Selection Type: </strong>Students are selected by lottery within groups with preferences for students who have combined HSAT scores above the 58/48th percentile and who live within the attendance area of the school.</li><li><strong>Priority: </strong>Proximity Preference,General</li></ul>"
609723,MARSHALL HS,John Marshall Metropolitan High School,HS,https://www.cps.edu/schools/profiles/school-overview/MARSHALL-HS,http://marshallmetro.cps.edu,41.878444,-87.70805,MARSHALL HS-General Education,<ul><li>GPA: N/A</li></ul>,"<ul><li><strong>Selection Type: </strong>Applicants are selected by random computerized lottery. If the program has priority groups, students in those groups are selected in the order listed.</li><li><strong>Priority: </strong>Sibling Preference,Staff Priority,General</li></ul>"
609759,CLEMENTE HS,Roberto Clemente Community Academy High School,HS,https://www.cps.edu/schools/profiles/school-overview/CLEMENTE-HS,https://www.rccachicago.org,41.902626,-87.686906,CLEMENTE HS-Broadcast,<ul><li>Application Requirements: High School Admissions Test (HSAT) Scores Required.</li><li>GPA: N/A</li></ul>,"<ul><li><strong>Selection Type: </strong>Students are selected by lottery within groups with preferences for students who have combined HSAT scores above the 58/48th percentile and who live within the attendance area of the school.</li><li><strong>Priority: </strong>Proximity Preference,General</li></ul>"
609759,CLEMENTE HS,Roberto Clemente Community Academy High School,HS,https://www.cps.edu/schools/profiles/school-overview/CLEMENTE-HS,https://www.rccachicago.org,41.902626,-87.686906,CLEMENTE HS-Culinary & Hospitality Management,<ul><li>Application Requirements: High School Admissions Test (HSAT) Scores Required.</li><li>GPA: N/A</li></ul>,"<ul><li><strong>Selection Type: </strong>Students are selected by lottery within groups with preferences for students who have combined HSAT scores above the 58/48th percentile and who live within the attendance area of the school.</li><li><strong>Priority: </strong>Proximity Preference,General</li></ul>"
609759,CLEMENTE HS,Roberto Clemente Community Academy High School,HS,https://www.cps.edu/schools/profiles/school-overview/CLEMENTE-HS,https://www.rccachicago.org,41.902626,-87.686906,CLEMENTE HS-General Education,<ul><li>GPA: 2.50</li></ul>,"<ul><li><strong>Selection Type: </strong>Applicants are selected by random computerized lottery. If the program has priority groups, students in those groups are selected in the order listed.</li><li><strong>Priority: </strong>Sibling Preference,Staff Priority,General</li></ul>"
609759,CLEMENTE HS,Roberto Clemente Community Academy High School,HS,https://www.cps.edu/schools/profiles/school-overview/CLEMENTE-HS,https://www.rccachicago.org,41.902626,-87.686906,CLEMENTE HS-Health Science,<ul><li>Application Requirements: High School Admissions Test (HSAT) Scores Required.</li><li>GPA: N/A</li></ul>,<ul><li><strong>Priority: </strong>General</li></ul>
609759,CLEMENTE HS,Roberto Clemente Community Academy High School,HS,https://www.cps.edu/schools/profiles/school-overview/CLEMENTE-HS,https://www.rccachicago.org,41.902626,-87.686906,CLEMENTE HS-International Baccalaureate (IB),<ul><li>Application Requirements: High School Admissions Test (HSAT) Scores Required.</li><li>GPA: N/A</li></ul>,"<ul><li><strong>Priority: </strong>Elementary Preference,General</li><li><strong>Note: </strong>International Baccalaureate (IB) is an inquiry-based, concept-driven framework that aims to develop self-directed thinkers and reflective problem solvers. Students enrolled in the IB Program may receive college credit for their high school courses. All students applying to this program must take the CPS HSAT. Elementary Preference School(s): MOOS</li></ul>"
609759,CLEMENTE HS,Roberto Clemente Community Academy High School,HS,https://www.cps.edu/schools/profiles/school-overview/CLEMENTE-HS,https://www.rccachicago.org,41.902626,-87.686906,CLEMENTE HS-Significantly Modified Curriculum w/ Moderate Supports,<ul><li>GPA: N/A</li></ul>,"<ul><li><strong>Selection Type: </strong>Applicants are selected by random computerized lottery. If the program has priority groups, students in those groups are selected in the order listed.</li><li><strong>Priority: </strong>Proximity Preference,General</li></ul>"
609761,CORLISS HS,George H Corliss High School,HS,https://www.cps.edu/schools/profiles/school-overview/CORLISS-HS,https://newcorlisshs.org,41.70666,-87.601216,CORLISS HS-Significantly Modified Curriculum w/ Moderate Supports,<ul><li>GPA: N/A</li></ul>,"<ul><li><strong>Selection Type: </strong>Applicants are selected by random computerized lottery. If the program has priority groups, students in those groups are selected in the order listed.</li><li><strong>Priority: </strong>Proximity Preference,General</li></ul>"
609761,CORLISS HS,George H Corliss High School,HS,https://www.cps.edu/schools/profiles/school-overview/CORLISS-HS,https://newcorlisshs.org,41.70666,-87.601216,CORLISS HS-Early College STEM,<ul><li>GPA: N/A</li></ul>,"<ul><li><strong>Selection Type: </strong>Applicants are selected by random computerized lottery. If the program has priority groups, students in those groups are selected in the order listed.</li><li><strong>Priority: </strong>Sibling Preference,Staff Priority,General</li></ul>"
609682,RICHARDS HS,Ellen H Richards Career Academy High School,HS,https://www.cps.edu/schools/profiles/school-overview/RICHARDS-HS,https://richards.cps.edu,41.802881,-87.662278,RICHARDS HS-Business & Finance-Entrepreneurship,<ul><li>Application Requirements: High School Admissions Test (HSAT) Scores Required.</li><li>GPA: N/A</li></ul>,"<ul><li><strong>Selection Type: </strong>Students are selected by lottery within groups with preferences for students who have combined HSAT scores above the 58/48th percentile and who live within the attendance area of the school.</li><li><strong>Priority: </strong>Proximity Preference,General</li></ul>"
609682,RICHARDS HS,Ellen H Richards Career Academy High School,HS,https://www.cps.edu/schools/profiles/school-overview/RICHARDS-HS,https://richards.cps.edu,41.802881,-87.662278,RICHARDS HS-Culinary & Hospitality Management,<ul><li>Application Requirements: High School Admissions Test (HSAT) Scores Required.</li><li>GPA: N/A</li></ul>,"<ul><li><strong>Selection Type: </strong>Students are selected by lottery within groups with preferences for students who have combined HSAT scores above the 58/48th percentile and who live within the attendance area of the school.</li><li><strong>Priority: </strong>Proximity Preference,General</li></ul>"
609682,RICHARDS HS,Ellen H Richards Career Academy High School,HS,https://www.cps.edu/schools/profiles/school-overview/RICHARDS-HS,https://richards.cps.edu,41.802881,-87.662278,RICHARDS HS-General Education,<ul><li>GPA: N/A</li></ul>,"<ul><li><strong>Selection Type: </strong>Applicants are selected by random computerized lottery. If the program has priority groups, students in those groups are selected in the order listed.</li><li><strong>Priority: </strong>Sibling Preference,Staff Priority,General</li></ul>"
609691,NORTH-GRAND HS,North-Grand High School,HS,https://www.cps.edu/schools/profiles/school-overview/NORTH-GRAND-HS,https://www.northgrandhs.org,41.911674,-87.735238,NORTH-GRAND HS-Culinary & Hospitality Management,<ul><li>Application Requirements: High School Admissions Test (HSAT) Scores Required.</li><li>GPA: N/A</li></ul>,"<ul><li><strong>Selection Type: </strong>Students are selected by lottery within groups with preferences for students who have combined HSAT scores above the 58/48th percentile and who live within the attendance area of the school.</li><li><strong>Priority: </strong>Proximity Preference,General</li></ul>"
609691,NORTH-GRAND HS,North-Grand High School,HS,https://www.cps.edu/schools/profiles/school-overview/NORTH-GRAND-HS,https://www.northgrandhs.org,41.911674,-87.735238,NORTH-GRAND HS-Early College STEAM,<ul><li>GPA: N/A</li></ul>,"<ul><li><strong>Selection Type: </strong>Applicants are selected by random computerized lottery. If the program has priority groups, students in those groups are selected in the order listed.</li><li><strong>Priority: </strong>Sibling Preference,Staff Priority,General</li><li><strong>Note: </strong>All students living <strong>outside </strong>the attendance area for this program must submit an application and must have a minimum 2.5 GPA to enter the lottery. Applicants are selected by random computerized lottery. Students are selected in the order of the &quot;Preferences & Priorities&quot; listed below.

All students living <strong>inside </strong>the attendance area for this program will receive a Guaranteed Offer to this program<em>&nbsp;</em>and do not need to apply to Early College STEAM&nbsp;@ North-Grand HS within their Choice application.&nbsp; </li></ul>"
609691,NORTH-GRAND HS,North-Grand High School,HS,https://www.cps.edu/schools/profiles/school-overview/NORTH-GRAND-HS,https://www.northgrandhs.org,41.911674,-87.735238,NORTH-GRAND HS-Health Science,<ul><li>Application Requirements: High School Admissions Test (HSAT) Scores Required.</li><li>GPA: N/A</li></ul>,<ul><li><strong>Priority: </strong>General</li></ul>
609691,NORTH-GRAND HS,North-Grand High School,HS,https://www.cps.edu/schools/profiles/school-overview/NORTH-GRAND-HS,https://www.northgrandhs.org,41.911674,-87.735238,NORTH-GRAND HS-Significantly Modified Curriculum w/Intensive Supports,<ul><li>GPA: N/A</li></ul>,"<ul><li><strong>Selection Type: </strong>Applicants are selected by random computerized lottery. If the program has priority groups, students in those groups are selected in the order listed.</li><li><strong>Priority: </strong>Proximity Preference,General</li></ul>"
609691,NORTH-GRAND HS,North-Grand High School,HS,https://www.cps.edu/schools/profiles/school-overview/NORTH-GRAND-HS,https://www.northgrandhs.org,41.911674,-87.735238,NORTH-GRAND HS-Significantly Modified Curriculum w/Moderate Supports,<ul><li>GPA: N/A</li></ul>,"<ul><li><strong>Selection Type: </strong>Applicants are selected by random computerized lottery. If the program has priority groups, students in those groups are selected in the order listed.</li><li><strong>Priority: </strong>Proximity Preference,General</li></ul>"
609691,NORTH-GRAND HS,North-Grand High School,HS,https://www.cps.edu/schools/profiles/school-overview/NORTH-GRAND-HS,https://www.northgrandhs.org,41.911674,-87.735238,NORTH-GRAND HS-Pre-Engineering,<ul><li>Application Requirements: High School Admissions Test (HSAT) Scores Required.</li><li>GPA: N/A</li></ul>,<ul><li><strong>Priority: </strong>General</li></ul>
609695,AMUNDSEN HS,Roald Amundsen High School,HS,https://www.cps.edu/schools/profiles/school-overview/AMUNDSEN-HS,http://www.amundsenhs.org,41.975067,-87.679484,AMUNDSEN HS-General Education/Grow Community,<ul><li>GPA: N/A</li></ul>,"<ul><li><strong>Selection Type: </strong>Applicants are selected by random computerized lottery. If the program has priority groups, students in those groups are selected in the order listed.</li><li><strong>Priority: </strong>Sibling Preference,Staff Priority,Elementary Preference,General</li><li><strong>Note: </strong>Students living in the attendance area are guaranteed a seat and do not need to submit an application. All students living outside the attendance area must submit an application. Applicants are selected by random computerized lottery. If the program has priority groups, students in those groups are selected in the order listed. Elementary Preference School(s): AUDUBON, BELL, BLAINE, BUDLONG, BURLEY, CHAPPELL, COONLEY, GREELEY, HAMILTON, HAWTHORNE, INTER-AMERICAN, JAHN, JAMIESON, MCPHERSON, NETTELHORST, RAVENSWOOD, WATERS</li></ul>"
609695,AMUNDSEN HS,Roald Amundsen High School,HS,https://www.cps.edu/schools/profiles/school-overview/AMUNDSEN-HS,http://www.amundsenhs.org,41.975067,-87.679484,AMUNDSEN HS-International Baccalaureate (IB),<ul><li>Application Requirements: High School Admissions Test (HSAT) Scores Required.</li><li>GPA: N/A</li></ul>,"<ul><li><strong>Priority: </strong>Elementary Preference,General</li><li><strong>Note: </strong>International Baccalaureate (IB) is an inquiry-based, concept-driven framework that aims to develop self-directed thinkers and reflective problem solvers. Students enrolled in the IB Program may receive college credit for their high school courses. All students applying to this program must take the CPS HSAT. Elementary Preference School(s): MCPHERSON</li></ul>"
609695,AMUNDSEN HS,Roald Amundsen High School,HS,https://www.cps.edu/schools/profiles/school-overview/AMUNDSEN-HS,http://www.amundsenhs.org,41.975067,-87.679484,AMUNDSEN HS-Significantly Modified Curriculum w/ Moderate Supports,<ul><li>GPA: N/A</li></ul>,"<ul><li><strong>Selection Type: </strong>Applicants are selected by random computerized lottery. If the program has priority groups, students in those groups are selected in the order listed.</li><li><strong>Priority: </strong>Proximity Preference,General</li></ul>"
609738,LINCOLN PARK HS,Lincoln Park High School,HS,https://www.cps.edu/schools/profiles/school-overview/LINCOLN-PARK-HS,https://www.lincolnparkhs.org,41.918268,-87.646009,LINCOLN PARK HS-Theatre,<ul><li>GPA: N/A</li></ul>,"<ul><li><strong>Priority: </strong>Attendance Area,General</li><li><strong>Note: </strong>All applicants must schedule an audition in their GoCPS account at the time of application. Schools will score auditions/portfolios based on a rubric. Applicants are selected in descending total point order based on their audition/portfolio score.&nbsp;Please <a href=""https://www.lincolnparkhs.org/apps/pages/index.jsp?uREC_ID=920561&type=u&pREC_ID=1616559"">click here</a> to review the Theatre audition requirements. </li></ul>"
609738,LINCOLN PARK HS,Lincoln Park High School,HS,https://www.cps.edu/schools/profiles/school-overview/LINCOLN-PARK-HS,https://www.lincolnparkhs.org,41.918268,-87.646009,LINCOLN PARK HS-Advanced College Prep,<ul><li>Application Requirements: High School Admissions Test (HSAT) Scores Required.</li><li>GPA: N/A</li></ul>,"<ul><li><strong>Priority: </strong>General</li><li><strong>Note: </strong>Students living in the attendance area are guaranteed a seat and do not need to submit an application. All students living outside the attendance area must submit an application. Applicants who do not live in the attendance area are selected in descending total point order on a 900 point scale, with 450 points coming from the HSAT and 450 points coming from final (cumulative) grades from your 7th grade report card. Applicants living in the attendance area are admitted automatically. <em>(Please note this is the program that was formerly named Double Honors.)</em> </li></ul>"
609738,LINCOLN PARK HS,Lincoln Park High School,HS,https://www.cps.edu/schools/profiles/school-overview/LINCOLN-PARK-HS,https://www.lincolnparkhs.org,41.918268,-87.646009,LINCOLN PARK HS-International Baccalaureate (IB) - MYP Diploma Program,<ul><li>Application Requirements: High School Admissions Test (HSAT) Scores Required.</li><li>GPA: N/A</li></ul>,"<ul><li><strong>Priority: </strong>General</li><li><strong>Note: </strong>International Baccalaureate (IB) is an inquiry-based, concept-driven framework that aims to develop self-directed thinkers and reflective problem solvers. Students enrolled in the IB Program may receive college credit for their high school courses. All students applying to this program must take the CPS HSAT. </li></ul>"
609738,LINCOLN PARK HS,Lincoln Park High School,HS,https://www.cps.edu/schools/profiles/school-overview/LINCOLN-PARK-HS,https://www.lincolnparkhs.org,41.918268,-87.646009,LINCOLN PARK HS-Instrumental Music,<ul><li>GPA: N/A</li></ul>,"<ul><li><strong>Priority: </strong>Attendance Area,General</li><li><strong>Note: </strong>All applicants must schedule an audition in their GoCPS account at the time of application. Schools will score auditions/portfolios based on a rubric. Applicants are selected in descending total point order based on their audition/portfolio score. Please <a href=""https://docs.google.com/document/d/1XwS83SEsXIhGkmapk2_rGX6MCvWweLGJ6mlKccp9Nv0/edit?usp=sharing"">click here</a> to review the Instrumental Music audition requirements.&nbsp; </li></ul>"
609738,LINCOLN PARK HS,Lincoln Park High School,HS,https://www.cps.edu/schools/profiles/school-overview/LINCOLN-PARK-HS,https://www.lincolnparkhs.org,41.918268,-87.646009,LINCOLN PARK HS-Significantly Modified Curriculum w/ Moderate Supports,<ul><li>GPA: N/A</li></ul>,"<ul><li><strong>Selection Type: </strong>Applicants are selected by random computerized lottery. If the program has priority groups, students in those groups are selected in the order listed.</li><li><strong>Priority: </strong>Proximity Preference,General</li></ul>"
609738,LINCOLN PARK HS,Lincoln Park High School,HS,https://www.cps.edu/schools/profiles/school-overview/LINCOLN-PARK-HS,https://www.lincolnparkhs.org,41.918268,-87.646009,LINCOLN PARK HS-Visual Arts,<ul><li>GPA: N/A</li></ul>,"<ul><li><strong>Priority: </strong>Attendance Area,General</li><li><strong>Note: </strong>All applicants must submit a Visual Arts Portfolio electronically by December 1st&nbsp;at 11:59pm. Students should follow the template laid out in the linked google slides. Include: short statement of intent, short autobiography, sketchbook pages, portfolio of completed artworks. <a href=""https://docs.google.com/presentation/d/1p6I3J4r2oJq6YOb9bngJD9Pz9FP1q5OPnlYWMb9Eslg/edit?usp=sharing"">Link of template (Download a copy)</a>

<a href=""https://www.lincolnparkhs.org/apps/pages/index.jsp?uREC_ID=1106192&type=d&pREC_ID=1606882"">Submission information can be found here</a>. <strong>Any portfolios submitted AFTER the LPHS deadline may not be considered by the review team.&nbsp;</strong>Schools will score auditions/portfolios based on a rubric. Applicants are selected in descending total point order based on their audition/portfolio score. </li></ul>"
609738,LINCOLN PARK HS,Lincoln Park High School,HS,https://www.cps.edu/schools/profiles/school-overview/LINCOLN-PARK-HS,https://www.lincolnparkhs.org,41.918268,-87.646009,LINCOLN PARK HS-Vocal Music,<ul><li>GPA: N/A</li></ul>,"<ul><li><strong>Priority: </strong>Attendance Area,General</li><li><strong>Note: </strong>All applicants must schedule an audition in their GoCPS account at the time of application. Schools will score auditions/portfolios based on a rubric. Applicants are selected in descending total point order based on their audition/portfolio score. Please <a href=""https://docs.google.com/document/d/1uN-SZEKbIDz_-RT-0kWnoQre8m85uHPO5kFkkcjjIm0/edit?usp=sharing"">click here</a> to review the Vocal Music audition requirements.&nbsp; </li></ul>"
609719,LAKE VIEW HS,Lake View High School,HS,https://www.cps.edu/schools/profiles/school-overview/LAKE-VIEW-HS,https://www.lakeviewhs.com,41.954764,-87.668953,LAKE VIEW HS-Grow Community - Early College STEM,<ul><li>GPA: N/A</li></ul>,"<ul><li><strong>Selection Type: </strong>Applicants are selected by random computerized lottery. If the program has priority groups, students in those groups are selected in the order listed.</li><li><strong>Priority: </strong>Sibling Preference,Staff Priority,Elementary Preference,Stem Selection,General</li><li><strong>Note: </strong>Students living in the attendance area are guaranteed a seat and do not need to submit an application. All students living outside the attendance area must submit an application. Students who live outside of the school's attendance boundary are randomly selected by computerized lottery. The lottery is conducted in the following order: Siblings, staff preference, Elementary preference (Grow Community Schools), STEM Selection (students who have at least a 3.0 GPA & whose HSAT Reading and math combo is at least 120 for general education students and 110 for IEP/EL students), and then all remaining applicants. Elementary Preference School(s): AUDUBON, BELL, BLAINE, BUDLONG, BURLEY, CHAPPELL, COONLEY, GREELEY, HAMILTON, HAWTHORNE, INTER-AMERICAN, JAHN, JAMIESON, MCPHERSON, NETTELHORST, RAVENSWOOD, WATERS</li></ul>"
609724,MATHER HS,Stephen T Mather High School,HS,https://www.cps.edu/schools/profiles/school-overview/MATHER-HS,https://matherhs.org,41.987589,-87.702496,MATHER HS-Digital Media,<ul><li>Application Requirements: High School Admissions Test (HSAT) Scores Required.</li><li>GPA: N/A</li></ul>,"<ul><li><strong>Selection Type: </strong>Students are selected by lottery within groups with preferences for students who have combined HSAT scores above the 58/48th percentile and who live within the attendance area of the school.</li><li><strong>Priority: </strong>Proximity Preference,General</li></ul>"
609724,MATHER HS,Stephen T Mather High School,HS,https://www.cps.edu/schools/profiles/school-overview/MATHER-HS,https://matherhs.org,41.987589,-87.702496,MATHER HS-General Education,<ul><li>GPA: N/A</li></ul>,"<ul><li><strong>Selection Type: </strong>Applicants are selected by random computerized lottery. If the program has priority groups, students in those groups are selected in the order listed.</li><li><strong>Priority: </strong>Sibling Preference,Staff Priority,Elementary Preference,General</li><li><strong>Note: </strong>Elementary Preference School(s): ARMSTRONG G, CLINTON, JAMIESON, MOSAIC, PETERSON, ROGERS, WEST RIDGE</li></ul>"
609724,MATHER HS,Stephen T Mather High School,HS,https://www.cps.edu/schools/profiles/school-overview/MATHER-HS,https://matherhs.org,41.987589,-87.702496,MATHER HS-Game Programming & Web Design,<ul><li>Application Requirements: High School Admissions Test (HSAT) Scores Required.</li><li>GPA: N/A</li></ul>,"<ul><li><strong>Selection Type: </strong>Students are selected by lottery within groups with preferences for students who have combined HSAT scores above the 58/48th percentile and who live within the attendance area of the school.</li><li><strong>Priority: </strong>Proximity Preference,General</li></ul>"
609724,MATHER HS,Stephen T Mather High School,HS,https://www.cps.edu/schools/profiles/school-overview/MATHER-HS,https://matherhs.org,41.987589,-87.702496,MATHER HS-Pre-Engineering,<ul><li>Application Requirements: High School Admissions Test (HSAT) Scores Required.</li><li>GPA: N/A</li></ul>,<ul><li><strong>Priority: </strong>General</li></ul>
609724,MATHER HS,Stephen T Mather High School,HS,https://www.cps.edu/schools/profiles/school-overview/MATHER-HS,https://matherhs.org,41.987589,-87.702496,MATHER HS-Pre-Law,<ul><li>Application Requirements: High School Admissions Test (HSAT) Scores Required.</li><li>GPA: N/A</li></ul>,<ul><li><strong>Priority: </strong>General</li></ul>
609725,MORGAN PARK HS,Morgan Park High School,HS,https://www.cps.edu/schools/profiles/school-overview/MORGAN-PARK-HS,https://morganparkcps.org,41.692035,-87.665658,MORGAN PARK HS-Academic Center,<ul><li>GPA: 2.50</li></ul>,"<ul><li><strong>Selection Type: </strong>All selective enrollment programs use a points-based selection process. For this program, an applicant's final grades from the previous school year and composite score on the Regional Gifted exam are converted to points using a rubric. Students are selected in descending total point order, with top scorers chosen first. For entry-level (7th grade) selections only, a student's socioeconomic tier will be considered in the selection process (see the Preferences & Priorities section below for more details).</li><li><strong>Priority: </strong>Rank,Tier</li><li><strong>Note: </strong>Academic Centers, housed in high schools, offer high-achieving students the opportunity to take advanced classes. Students attending Academic Centers can continue at their current school when they enter 9th grade without needing to reapply. </li></ul>"
609725,MORGAN PARK HS,Morgan Park High School,HS,https://www.cps.edu/schools/profiles/school-overview/MORGAN-PARK-HS,https://morganparkcps.org,41.692035,-87.665658,MORGAN PARK HS-General Education,<ul><li>GPA: 2.50</li></ul>,"<ul><li><strong>Selection Type: </strong>Applicants are selected by random computerized lottery. If the program has priority groups, students in those groups are selected in the order listed.</li><li><strong>Priority: </strong>Sibling Preference,Staff Priority,General</li><li><strong>Note: </strong>Students living in the attendance area are guaranteed a seat and do not need to submit an application. All students living outside the attendance area must submit an application. Students who live outside of the school's attendance boundary are randomly selected by computerized lottery. Those students with the minimum GPA of 2.3 or higher are eligible to be selected.&nbsp; </li></ul>"
609725,MORGAN PARK HS,Morgan Park High School,HS,https://www.cps.edu/schools/profiles/school-overview/MORGAN-PARK-HS,https://morganparkcps.org,41.692035,-87.665658,MORGAN PARK HS-International Baccalaureate (IB),<ul><li>Application Requirements: High School Admissions Test (HSAT) Scores Required.</li><li>GPA: N/A</li></ul>,"<ul><li><strong>Priority: </strong>General</li><li><strong>Note: </strong>International Baccalaureate (IB) is an inquiry-based, concept-driven framework that aims to develop self-directed thinkers and reflective problem solvers. Students enrolled in the IB Program may receive college credit for their high school courses. All students applying to this program must take the CPS HSAT. </li></ul>"
609725,MORGAN PARK HS,Morgan Park High School,HS,https://www.cps.edu/schools/profiles/school-overview/MORGAN-PARK-HS,https://morganparkcps.org,41.692035,-87.665658,MORGAN PARK HS-Significantly Modified Curriculum w/Moderate Supports,<ul><li>GPA: N/A</li></ul>,"<ul><li><strong>Selection Type: </strong>Applicants are selected by random computerized lottery. If the program has priority groups, students in those groups are selected in the order listed.</li><li><strong>Priority: </strong>Proximity Preference,General</li></ul>"
609727,PHILLIPS HS,Wendell Phillips Academy High School,HS,https://www.cps.edu/schools/profiles/school-overview/PHILLIPS-HS,https://phillipshs.org,41.82388,-87.619796,PHILLIPS HS-Digital Media,<ul><li>Application Requirements: High School Admissions Test (HSAT) Scores Required.</li><li>GPA: N/A</li></ul>,"<ul><li><strong>Selection Type: </strong>Students are selected by lottery within groups with preferences for students who have combined HSAT scores above the 58/48th percentile and who live within the attendance area of the school.</li><li><strong>Priority: </strong>Proximity Preference,General</li></ul>"
609727,PHILLIPS HS,Wendell Phillips Academy High School,HS,https://www.cps.edu/schools/profiles/school-overview/PHILLIPS-HS,https://phillipshs.org,41.82388,-87.619796,PHILLIPS HS-General Education,<ul><li>GPA: N/A</li></ul>,"<ul><li><strong>Selection Type: </strong>Applicants are selected by random computerized lottery. If the program has priority groups, students in those groups are selected in the order listed.</li><li><strong>Priority: </strong>Sibling Preference,Staff Priority,General</li></ul>"
609746,KENWOOD HS,Kenwood Academy High School,HS,https://www.cps.edu/schools/profiles/school-overview/KENWOOD-HS,https://kenwoodacademy.org,41.803772,-87.590421,KENWOOD HS-Academic Center,<ul><li>GPA: 2.50</li></ul>,"<ul><li><strong>Selection Type: </strong>All selective enrollment programs use a points-based selection process. For this program, an applicant's final grades from the previous school year and composite score on the Regional Gifted exam are converted to points using a rubric. Students are selected in descending total point order, with top scorers chosen first. For entry-level (7th grade) selections only, a student's socioeconomic tier will be considered in the selection process (see the Preferences & Priorities section below for more details).</li><li><strong>Priority: </strong>Rank,Tier</li><li><strong>Note: </strong>Academic Centers, housed in high schools, offer high-achieving students the opportunity to take advanced classes. Students attending Academic Centers can continue at their current school when they enter 9th grade without needing to reapply. </li></ul>"
609746,KENWOOD HS,Kenwood Academy High School,HS,https://www.cps.edu/schools/profiles/school-overview/KENWOOD-HS,https://kenwoodacademy.org,41.803772,-87.590421,KENWOOD HS-Magnet - Honors,<ul><li>Application Requirements: High School Admissions Test (HSAT) Scores Required.</li><li>GPA: 3.00</li></ul>,"<ul><li><strong>Selection Type: </strong>Applicants are selected by random computerized lottery. If the program has priority groups, students in those groups are selected in the order listed.</li><li><strong>Priority: </strong>General</li><li><strong>Note: </strong>For the rolling waitlist, General Education and Students with 504 plans must have an HSAT minimum combo score of 100% to be considered for the lottery. Students with IEPs and English Language Learners must have an HSAT&nbsp;minimum combo score of 90% to be considered for the lottery.&nbsp; </li></ul>"
609746,KENWOOD HS,Kenwood Academy High School,HS,https://www.cps.edu/schools/profiles/school-overview/KENWOOD-HS,https://kenwoodacademy.org,41.803772,-87.590421,KENWOOD HS-Significantly Modified Curriculum w/ Moderate Supports,<ul><li>GPA: N/A</li></ul>,"<ul><li><strong>Selection Type: </strong>Applicants are selected by random computerized lottery. If the program has priority groups, students in those groups are selected in the order listed.</li><li><strong>Priority: </strong>Proximity Preference,General</li></ul>"
609728,ROOSEVELT HS,Theodore Roosevelt High School,HS,https://www.cps.edu/schools/profiles/school-overview/ROOSEVELT-HS,https://rhsroughriders.org,41.964828,-87.714819,ROOSEVELT HS-Computer Networking,<ul><li>Application Requirements: High School Admissions Test (HSAT) Scores Required.</li><li>GPA: N/A</li></ul>,"<ul><li><strong>Selection Type: </strong>Students are selected by lottery within groups with preferences for students who have combined HSAT scores above the 58/48th percentile and who live within the attendance area of the school.</li><li><strong>Priority: </strong>Proximity Preference,General</li></ul>"
609728,ROOSEVELT HS,Theodore Roosevelt High School,HS,https://www.cps.edu/schools/profiles/school-overview/ROOSEVELT-HS,https://rhsroughriders.org,41.964828,-87.714819,ROOSEVELT HS-Culinary & Hospitality Management,<ul><li>Application Requirements: High School Admissions Test (HSAT) Scores Required.</li><li>GPA: N/A</li></ul>,"<ul><li><strong>Selection Type: </strong>Students are selected by lottery within groups with preferences for students who have combined HSAT scores above the 58/48th percentile and who live within the attendance area of the school.</li><li><strong>Priority: </strong>Proximity Preference,General</li></ul>"
609728,ROOSEVELT HS,Theodore Roosevelt High School,HS,https://www.cps.edu/schools/profiles/school-overview/ROOSEVELT-HS,https://rhsroughriders.org,41.964828,-87.714819,ROOSEVELT HS-Teaching Academy,<ul><li>Application Requirements: High School Admissions Test (HSAT) Scores Required.</li><li>GPA: N/A</li></ul>,"<ul><li><strong>Selection Type: </strong>Students are selected by lottery within groups with preferences for students who have combined HSAT scores above the 58/48th percentile and who live within the attendance area of the school.</li><li><strong>Priority: </strong>Proximity Preference,General</li></ul>"
609728,ROOSEVELT HS,Theodore Roosevelt High School,HS,https://www.cps.edu/schools/profiles/school-overview/ROOSEVELT-HS,https://rhsroughriders.org,41.964828,-87.714819,ROOSEVELT HS-General Education,<ul><li>GPA: N/A</li></ul>,"<ul><li><strong>Selection Type: </strong>Applicants are selected by random computerized lottery. If the program has priority groups, students in those groups are selected in the order listed.</li><li><strong>Priority: </strong>Sibling Preference,Staff Priority,General</li></ul>"
609728,ROOSEVELT HS,Theodore Roosevelt High School,HS,https://www.cps.edu/schools/profiles/school-overview/ROOSEVELT-HS,https://rhsroughriders.org,41.964828,-87.714819,ROOSEVELT HS-Dual Language,<ul><li>GPA: N/A</li></ul>,"<ul><li><strong>Selection Type: </strong>Applicants are selected by random computerized lottery. If the program has priority groups, students in those groups are selected in the order listed.</li><li><strong>Priority: </strong>Sibling Preference,Elementary Preference,General</li><li><strong>Note: </strong>One-way dual language programs provide instruction in two languages and serve mostly English Learners (ELs), former ELs, and heritage language learners in the same classroom. Elementary Preference School(s): AZUELA, BARRY, BATEMAN, BELMONT-CRAGIN, CALMECA, CARSON, CHASE, COOPER, DARWIN, EDWARDS, ERIE, GLOBAL CITIZENSHIP, HURLEY, INTER-AMERICAN, MOOS, MOZART, NAMASTE, SABIN, SPRY ES, STO</li></ul>"
609728,ROOSEVELT HS,Theodore Roosevelt High School,HS,https://www.cps.edu/schools/profiles/school-overview/ROOSEVELT-HS,https://rhsroughriders.org,41.964828,-87.714819,ROOSEVELT HS-Health Science,<ul><li>Application Requirements: High School Admissions Test (HSAT) Scores Required.</li><li>GPA: N/A</li></ul>,<ul><li><strong>Priority: </strong>General</li></ul>
609728,ROOSEVELT HS,Theodore Roosevelt High School,HS,https://www.cps.edu/schools/profiles/school-overview/ROOSEVELT-HS,https://rhsroughriders.org,41.964828,-87.714819,ROOSEVELT HS-Game Programming,<ul><li>Application Requirements: High School Admissions Test (HSAT) Scores Required.</li><li>GPA: N/A</li></ul>,"<ul><li><strong>Selection Type: </strong>Students are selected by lottery within groups with preferences for students who have combined HSAT scores above the 58/48th percentile and who live within the attendance area of the school.</li><li><strong>Priority: </strong>Proximity Preference,General</li></ul>"
609728,ROOSEVELT HS,Theodore Roosevelt High School,HS,https://www.cps.edu/schools/profiles/school-overview/ROOSEVELT-HS,https://rhsroughriders.org,41.964828,-87.714819,ROOSEVELT HS-Significantly Modified Curriculum w/ Moderate Supports,<ul><li>GPA: N/A</li></ul>,"<ul><li><strong>Selection Type: </strong>Applicants are selected by random computerized lottery. If the program has priority groups, students in those groups are selected in the order listed.</li><li><strong>Priority: </strong>Proximity Preference,General</li></ul>"
609729,SCHURZ HS,Carl Schurz High School,HS,https://www.cps.edu/schools/profiles/school-overview/SCHURZ-HS,https://schurzhs.org,41.946365,-87.735612,SCHURZ HS-Accounting & Entrepreneurship,<ul><li>Application Requirements: High School Admissions Test (HSAT) Scores Required.</li><li>GPA: N/A</li></ul>,"<ul><li><strong>Selection Type: </strong>Students are selected by lottery within groups with preferences for students who have combined HSAT scores above the 58/48th percentile and who live within the attendance area of the school.</li><li><strong>Priority: </strong>Proximity Preference,General</li></ul>"
609729,SCHURZ HS,Carl Schurz High School,HS,https://www.cps.edu/schools/profiles/school-overview/SCHURZ-HS,https://schurzhs.org,41.946365,-87.735612,SCHURZ HS-Automotive Technology,<ul><li>Application Requirements: High School Admissions Test (HSAT) Scores Required.</li><li>GPA: N/A</li></ul>,"<ul><li><strong>Selection Type: </strong>Students are selected by lottery within groups with preferences for students who have combined HSAT scores above the 58/48th percentile and who live within the attendance area of the school.</li><li><strong>Priority: </strong>Proximity Preference,General</li></ul>"
609729,SCHURZ HS,Carl Schurz High School,HS,https://www.cps.edu/schools/profiles/school-overview/SCHURZ-HS,https://schurzhs.org,41.946365,-87.735612,SCHURZ HS-Digital Media,<ul><li>Application Requirements: High School Admissions Test (HSAT) Scores Required.</li><li>GPA: N/A</li></ul>,"<ul><li><strong>Selection Type: </strong>Students are selected by lottery within groups with preferences for students who have combined HSAT scores above the 58/48th percentile and who live within the attendance area of the school.</li><li><strong>Priority: </strong>Proximity Preference,General</li></ul>"
609729,SCHURZ HS,Carl Schurz High School,HS,https://www.cps.edu/schools/profiles/school-overview/SCHURZ-HS,https://schurzhs.org,41.946365,-87.735612,SCHURZ HS-Dual Language,<ul><li>GPA: N/A</li></ul>,"<ul><li><strong>Selection Type: </strong>Applicants are selected by random computerized lottery. If the program has priority groups, students in those groups are selected in the order listed.</li><li><strong>Priority: </strong>Sibling Preference,Elementary Preference,General</li><li><strong>Note: </strong>One-way dual language programs provide instruction in two languages and serve mostly English Learners (ELs), former ELs, and heritage language learners in the same classroom. Elementary Preference School(s): AZUELA, BARRY, BATEMAN, BELMONT-CRAGIN, CALMECA, CARSON, CHASE, COOPER, DARWIN, EDWARDS, ERIE, GLOBAL CITIZENSHIP, HURLEY, INTER-AMERICAN, MOOS, MOZART, NAMASTE, SABIN, SPRY ES, STO</li></ul>"
609729,SCHURZ HS,Carl Schurz High School,HS,https://www.cps.edu/schools/profiles/school-overview/SCHURZ-HS,https://schurzhs.org,41.946365,-87.735612,SCHURZ HS-General Education,<ul><li>GPA: N/A</li></ul>,"<ul><li><strong>Selection Type: </strong>Applicants are selected by random computerized lottery. If the program has priority groups, students in those groups are selected in the order listed.</li><li><strong>Priority: </strong>Sibling Preference,Staff Priority,General</li></ul>"
609729,SCHURZ HS,Carl Schurz High School,HS,https://www.cps.edu/schools/profiles/school-overview/SCHURZ-HS,https://schurzhs.org,41.946365,-87.735612,SCHURZ HS-Health Science,<ul><li>Application Requirements: High School Admissions Test (HSAT) Scores Required.</li><li>GPA: N/A</li></ul>,<ul><li><strong>Priority: </strong>General</li></ul>
609729,SCHURZ HS,Carl Schurz High School,HS,https://www.cps.edu/schools/profiles/school-overview/SCHURZ-HS,https://schurzhs.org,41.946365,-87.735612,SCHURZ HS-International Baccalaureate (IB),<ul><li>Application Requirements: High School Admissions Test (HSAT) Scores Required.</li><li>GPA: N/A</li></ul>,"<ul><li><strong>Priority: </strong>General</li><li><strong>Note: </strong>International Baccalaureate (IB) is an inquiry-based, concept-driven framework that aims to develop self-directed thinkers and reflective problem solvers. Students enrolled in the IB Program may receive college credit for their high school courses. All students applying to this program must take the CPS HSAT. </li></ul>"
609729,SCHURZ HS,Carl Schurz High School,HS,https://www.cps.edu/schools/profiles/school-overview/SCHURZ-HS,https://schurzhs.org,41.946365,-87.735612,SCHURZ HS-Significantly Modified Curriculum w/ Moderate Supports,<ul><li>GPA: N/A</li></ul>,"<ul><li><strong>Selection Type: </strong>Applicants are selected by random computerized lottery. If the program has priority groups, students in those groups are selected in the order listed.</li><li><strong>Priority: </strong>Proximity Preference,General</li></ul>"
609729,SCHURZ HS,Carl Schurz High School,HS,https://www.cps.edu/schools/profiles/school-overview/SCHURZ-HS,https://schurzhs.org,41.946365,-87.735612,SCHURZ HS-Pre-Engineering,<ul><li>Application Requirements: High School Admissions Test (HSAT) Scores Required.</li><li>GPA: N/A</li></ul>,<ul><li><strong>Priority: </strong>General</li></ul>
609730,SENN HS,Nicholas Senn High School,HS,https://www.cps.edu/schools/profiles/school-overview/SENN-HS,https://www.sennhs.org,41.989029,-87.667136,SENN HS-Dance,<ul><li>GPA: N/A</li></ul>,"<ul><li><strong>Priority: </strong>General</li><li><strong>Note: </strong>Learn how to join the Senn HS - Dance program waitlist using <a href=""https://docs.google.com/document/d/1swObVIiX9NMQUl4G3LF1SvUfFeH4pWLc9KW0AQNzH-8/edit?usp=sharing"">this guide</a>! For more information visit: <a href=""https://www.sennhs.org/apps/pages/SennArtsDanceAdmissions"">https://www.sennhs.org/apps/pages/SennArtsDanceAdmissions</a> </li></ul>"
609730,SENN HS,Nicholas Senn High School,HS,https://www.cps.edu/schools/profiles/school-overview/SENN-HS,https://www.sennhs.org,41.989029,-87.667136,SENN HS-International Baccalaureate (IB),<ul><li>Application Requirements: High School Admissions Test (HSAT) Scores Required.</li><li>GPA: N/A</li></ul>,"<ul><li><strong>Priority: </strong>Elementary Preference,General</li><li><strong>Note: </strong>International Baccalaureate (IB) is an inquiry-based, concept-driven framework that aims to develop self-directed thinkers and reflective problem solvers. Students enrolled in the IB Program may receive college credit for their high school courses. All students applying to this program must take the CPS HSAT. Elementary Preference School(s): PEIRCE</li></ul>"
609730,SENN HS,Nicholas Senn High School,HS,https://www.cps.edu/schools/profiles/school-overview/SENN-HS,https://www.sennhs.org,41.989029,-87.667136,SENN HS-Music,<ul><li>GPA: N/A</li></ul>,"<ul><li><strong>Selection Type: </strong>Applicants are selected by random computerized lottery. If the program has priority groups, students in those groups are selected in the order listed.</li><li><strong>Priority: </strong>General</li><li><strong>Note: </strong>The Senn Arts Music Program is an INTEREST BASED program. Students are selected by a lottery system - there are no auditions.&nbsp;

Learn how to join the Senn HS - Music program waitlist using <a href=""https://docs.google.com/document/d/1swObVIiX9NMQUl4G3LF1SvUfFeH4pWLc9KW0AQNzH-8/edit?usp=sharing"">this guide</a>!&nbsp;Learn more about the Music program here:&nbsp;<a href=""https://docs.google.com/document/d/1ZqWmRlWZ5sVc4kI4CvplujN9uGS6NG1NEYPf1y7VDLk/edit?usp=sharing"" target=""_blank"">Senn Arts Music - Program Info</a> </li></ul>"
609730,SENN HS,Nicholas Senn High School,HS,https://www.cps.edu/schools/profiles/school-overview/SENN-HS,https://www.sennhs.org,41.989029,-87.667136,SENN HS-Theatre,<ul><li>GPA: N/A</li></ul>,"<ul><li><strong>Priority: </strong>General</li><li><strong>Note: </strong>Learn how to join the Senn HS - Theatre program waitlist using <a href=""https://docs.google.com/document/d/1swObVIiX9NMQUl4G3LF1SvUfFeH4pWLc9KW0AQNzH-8/edit?usp=sharing"">this guide</a>!. For more information visit: <a href=""https://www.sennhs.org/apps/pages/SennArtsTheatreAdmissions"">https://www.sennhs.org/apps/pages/SennArtsTheatreAdmissions</a> </li></ul>"
609730,SENN HS,Nicholas Senn High School,HS,https://www.cps.edu/schools/profiles/school-overview/SENN-HS,https://www.sennhs.org,41.989029,-87.667136,SENN HS-Visual Arts,<ul><li>GPA: N/A</li></ul>,"<ul><li><strong>Priority: </strong>General</li><li><strong>Note: </strong>Learn how to submit your Visual Arts portfolio and join the Senn HS - Visual Arts program waitlist using <a href=""https://docs.google.com/document/d/1swObVIiX9NMQUl4G3LF1SvUfFeH4pWLc9KW0AQNzH-8/edit?usp=sharing"">this guide</a>! Students are selected based on the results of their portfolio review. Portfolios are submitted outside of your GoCPS account.&nbsp;For more information visit: <a href=""https://www.sennhs.org/apps/pages/SennArtsVisualArtAdmissions"">https://www.sennhs.org/apps/pages/SennArtsVisualArtAdmissions</a> </li></ul>"
609732,STEINMETZ HS,Charles P Steinmetz College Preparatory HS,HS,https://www.cps.edu/schools/profiles/school-overview/STEINMETZ-HS,https://steinmetzcp.org,41.935634,-87.783515,STEINMETZ HS-Digital Media,<ul><li>Application Requirements: High School Admissions Test (HSAT) Scores Required.</li><li>GPA: N/A</li></ul>,"<ul><li><strong>Selection Type: </strong>Students are selected by lottery within groups with preferences for students who have combined HSAT scores above the 58/48th percentile and who live within the attendance area of the school.</li><li><strong>Priority: </strong>Proximity Preference,General</li></ul>"
609732,STEINMETZ HS,Charles P Steinmetz College Preparatory HS,HS,https://www.cps.edu/schools/profiles/school-overview/STEINMETZ-HS,https://steinmetzcp.org,41.935634,-87.783515,STEINMETZ HS-STEAM,<ul><li>Application Requirements: High School Admissions Test (HSAT) Scores Required.</li><li>GPA: 2.00</li></ul>,"<ul><li><strong>Selection Type: </strong>Applicants are selected by random computerized lottery. If the program has priority groups, students in those groups are selected in the order listed.</li><li><strong>Priority: </strong>Sibling Preference,Staff Priority,General</li><li><strong>Note: </strong>Students living in the attendance area are guaranteed a seat and do not need to submit an application. All students living outside the attendance area must submit an application. Applicants are selected by random computerized lottery. If the program has priority groups, students in those groups are selected in the order listed. General Education and Students with 504 plans must have an HSAT minimum combo score of 58% to be considered for the lottery. Students with IEPs and English Language Learners must have an HSAT&nbsp;minimum combo score of 48% to be considered for the lottery. </li></ul>"
609732,STEINMETZ HS,Charles P Steinmetz College Preparatory HS,HS,https://www.cps.edu/schools/profiles/school-overview/STEINMETZ-HS,https://steinmetzcp.org,41.935634,-87.783515,STEINMETZ HS-International Baccalaureate (IB),<ul><li>Application Requirements: High School Admissions Test (HSAT) Scores Required.</li><li>GPA: N/A</li></ul>,"<ul><li><strong>Priority: </strong>Elementary Preference,General</li><li><strong>Note: </strong>International Baccalaureate (IB) is an inquiry-based, concept-driven framework that aims to develop self-directed thinkers and reflective problem solvers. Students enrolled in the IB Program may receive college credit for their high school courses. All students applying to this program must take the CPS HSAT. Elementary Preference School(s): LOCKE J</li></ul>"
609739,WASHINGTON HS,George Washington High School,HS,https://www.cps.edu/schools/profiles/school-overview/WASHINGTON-HS,https://www.gwashingtonhs.org,41.688137,-87.53757,WASHINGTON HS-International Baccalaureate (IB),<ul><li>Application Requirements: High School Admissions Test (HSAT) Scores Required.</li><li>GPA: N/A</li></ul>,"<ul><li><strong>Priority: </strong>Elementary Preference,General</li><li><strong>Note: </strong>International Baccalaureate (IB) is an inquiry-based, concept-driven framework that aims to develop self-directed thinkers and reflective problem solvers. Students enrolled in the IB Program may receive college credit for their high school courses. All students applying to this program must take the CPS HSAT. Elementary Preference School(s): MARSH</li></ul>"
609739,WASHINGTON HS,George Washington High School,HS,https://www.cps.edu/schools/profiles/school-overview/WASHINGTON-HS,https://www.gwashingtonhs.org,41.688137,-87.53757,WASHINGTON HS-Significantly Modified Curriculum w/ Moderate Supports,<ul><li>GPA: N/A</li></ul>,"<ul><li><strong>Selection Type: </strong>Applicants are selected by random computerized lottery. If the program has priority groups, students in those groups are selected in the order listed.</li><li><strong>Priority: </strong>Proximity Preference,General</li></ul>"
609740,WELLS HS,Wells Community Academy High School,HS,https://www.cps.edu/schools/profiles/school-overview/WELLS-HS,https://WellsHS.cps.edu,41.898995,-87.667483,WELLS HS-Fine & Performing Arts,<ul><li>GPA: N/A</li></ul>,"<ul><li><strong>Selection Type: </strong>Applicants are selected by random computerized lottery. If the program has priority groups, students in those groups are selected in the order listed.</li><li><strong>Priority: </strong>Attendance Area,General</li></ul>"
609740,WELLS HS,Wells Community Academy High School,HS,https://www.cps.edu/schools/profiles/school-overview/WELLS-HS,https://WellsHS.cps.edu,41.898995,-87.667483,WELLS HS-General Education,<ul><li>GPA: N/A</li></ul>,"<ul><li><strong>Selection Type: </strong>Applicants are selected by random computerized lottery. If the program has priority groups, students in those groups are selected in the order listed.</li><li><strong>Priority: </strong>Sibling Preference,Staff Priority,General</li></ul>"
609740,WELLS HS,Wells Community Academy High School,HS,https://www.cps.edu/schools/profiles/school-overview/WELLS-HS,https://WellsHS.cps.edu,41.898995,-87.667483,WELLS HS-Pre-Law,<ul><li>Application Requirements: High School Admissions Test (HSAT) Scores Required.</li><li>GPA: N/A</li></ul>,<ul><li><strong>Priority: </strong>General</li></ul>
609741,HUBBARD HS,Gurdon S Hubbard High School,HS,https://www.cps.edu/schools/profiles/school-overview/HUBBARD-HS,https://www.hubbardhighschool.org,41.780526,-87.718014,HUBBARD HS-Game Programming,<ul><li>Application Requirements: High School Admissions Test (HSAT) Scores Required.</li><li>GPA: N/A</li></ul>,"<ul><li><strong>Selection Type: </strong>Students are selected by lottery within groups with preferences for students who have combined HSAT scores above the 58/48th percentile and who live within the attendance area of the school.</li><li><strong>Priority: </strong>Proximity Preference,General</li></ul>"
609741,HUBBARD HS,Gurdon S Hubbard High School,HS,https://www.cps.edu/schools/profiles/school-overview/HUBBARD-HS,https://www.hubbardhighschool.org,41.780526,-87.718014,HUBBARD HS-Web Development & Design,<ul><li>Application Requirements: High School Admissions Test (HSAT) Scores Required.</li><li>GPA: N/A</li></ul>,"<ul><li><strong>Selection Type: </strong>Students are selected by lottery within groups with preferences for students who have combined HSAT scores above the 58/48th percentile and who live within the attendance area of the school.</li><li><strong>Priority: </strong>Proximity Preference,General</li></ul>"
609741,HUBBARD HS,Gurdon S Hubbard High School,HS,https://www.cps.edu/schools/profiles/school-overview/HUBBARD-HS,https://www.hubbardhighschool.org,41.780526,-87.718014,HUBBARD HS-General Education,<ul><li>GPA: N/A</li></ul>,"<ul><li><strong>Selection Type: </strong>Applicants are selected by random computerized lottery. If the program has priority groups, students in those groups are selected in the order listed.</li><li><strong>Priority: </strong>Sibling Preference,Staff Priority</li></ul>"
609741,HUBBARD HS,Gurdon S Hubbard High School,HS,https://www.cps.edu/schools/profiles/school-overview/HUBBARD-HS,https://www.hubbardhighschool.org,41.780526,-87.718014,HUBBARD HS-International Baccalaureate (IB),<ul><li>Application Requirements: High School Admissions Test (HSAT) Scores Required.</li><li>GPA: N/A</li></ul>,"<ul><li><strong>Priority: </strong>General</li><li><strong>Note: </strong>International Baccalaureate (IB) is an inquiry-based, concept-driven framework that aims to develop self-directed thinkers and reflective problem solvers. Students enrolled in the IB Program may receive college credit for their high school courses. All students applying to this program must take the CPS HSAT. </li></ul>"
609741,HUBBARD HS,Gurdon S Hubbard High School,HS,https://www.cps.edu/schools/profiles/school-overview/HUBBARD-HS,https://www.hubbardhighschool.org,41.780526,-87.718014,HUBBARD HS-University Scholars,<ul><li>Application Requirements: High School Admissions Test (HSAT) Scores Required.</li><li>GPA: N/A</li></ul>,"<ul><li><strong>Priority: </strong>General</li><li><strong>Note: </strong>All students applying to this program must take the CPS HSAT. Students are selected in descending total point order on a 900 point scale, with 450 points coming from the HSAT and 450 points coming from final (cumulative) 7th grade report card. Students who live in the attendance area receive 50 additional points. </li></ul>"
609698,BOGAN HS,William J Bogan High School,HS,https://www.cps.edu/schools/profiles/school-overview/BOGAN-HS,https://boganhs.org,41.749376,-87.721097,BOGAN HS-General Education,<ul><li>GPA: 2.50</li></ul>,"<ul><li><strong>Selection Type: </strong>Applicants are selected by random computerized lottery. If the program has priority groups, students in those groups are selected in the order listed.</li><li><strong>Priority: </strong>Staff Priority,General</li></ul>"
609698,BOGAN HS,William J Bogan High School,HS,https://www.cps.edu/schools/profiles/school-overview/BOGAN-HS,https://boganhs.org,41.749376,-87.721097,BOGAN HS-International Baccalaureate (IB),<ul><li>Application Requirements: High School Admissions Test (HSAT) Scores Required.</li><li>GPA: N/A</li></ul>,"<ul><li><strong>Priority: </strong>General</li><li><strong>Note: </strong>International Baccalaureate (IB) is an inquiry-based, concept-driven framework that aims to develop self-directed thinkers and reflective problem solvers. Students enrolled in the IB Program may receive college credit for their high school courses. All students applying to this program must take the CPS HSAT. </li></ul>"
609698,BOGAN HS,William J Bogan High School,HS,https://www.cps.edu/schools/profiles/school-overview/BOGAN-HS,https://boganhs.org,41.749376,-87.721097,BOGAN HS-Significantly Modified Curriculum w/ Moderate Supports,<ul><li>GPA: N/A</li></ul>,"<ul><li><strong>Selection Type: </strong>Applicants are selected by random computerized lottery. If the program has priority groups, students in those groups are selected in the order listed.</li><li><strong>Priority: </strong>Proximity Preference,General</li></ul>"
609704,FARRAGUT HS,David G Farragut Career Academy High School,HS,https://www.cps.edu/schools/profiles/school-overview/FARRAGUT-HS,https://fcaib.org,41.84856,-87.708706,FARRAGUT HS-Teaching Academy,<ul><li>Application Requirements: High School Admissions Test (HSAT) Scores Required.</li><li>GPA: N/A</li></ul>,"<ul><li><strong>Selection Type: </strong>Students are selected by lottery within groups with preferences for students who have combined HSAT scores above the 58/48th percentile and who live within the attendance area of the school.</li><li><strong>Priority: </strong>Proximity Preference,General</li></ul>"
609704,FARRAGUT HS,David G Farragut Career Academy High School,HS,https://www.cps.edu/schools/profiles/school-overview/FARRAGUT-HS,https://fcaib.org,41.84856,-87.708706,FARRAGUT HS-General Education,<ul><li>GPA: N/A</li></ul>,"<ul><li><strong>Selection Type: </strong>Applicants are selected by random computerized lottery. If the program has priority groups, students in those groups are selected in the order listed.</li><li><strong>Priority: </strong>General</li></ul>"
609704,FARRAGUT HS,David G Farragut Career Academy High School,HS,https://www.cps.edu/schools/profiles/school-overview/FARRAGUT-HS,https://fcaib.org,41.84856,-87.708706,FARRAGUT HS-International Baccalaureate (IB),<ul><li>Application Requirements: High School Admissions Test (HSAT) Scores Required.</li><li>GPA: N/A</li></ul>,"<ul><li><strong>Priority: </strong>Elementary Preference,General</li><li><strong>Note: </strong>International Baccalaureate (IB) is an inquiry-based, concept-driven framework that aims to develop self-directed thinkers and reflective problem solvers. Students enrolled in the IB Program may receive college credit for their high school courses. All students applying to this program must take the CPS HSAT. Elementary Preference School(s): MADERO</li></ul>"
609704,FARRAGUT HS,David G Farragut Career Academy High School,HS,https://www.cps.edu/schools/profiles/school-overview/FARRAGUT-HS,https://fcaib.org,41.84856,-87.708706,FARRAGUT HS-Significantly Modified Curriculum w/ Moderate Supports,<ul><li>GPA: N/A</li></ul>,"<ul><li><strong>Selection Type: </strong>Applicants are selected by random computerized lottery. If the program has priority groups, students in those groups are selected in the order listed.</li><li><strong>Priority: </strong>Proximity Preference,General</li></ul>"
609704,FARRAGUT HS,David G Farragut Career Academy High School,HS,https://www.cps.edu/schools/profiles/school-overview/FARRAGUT-HS,https://fcaib.org,41.84856,-87.708706,FARRAGUT HS-Pre-Law,<ul><li>Application Requirements: High School Admissions Test (HSAT) Scores Required.</li><li>GPA: N/A</li></ul>,<ul><li><strong>Priority: </strong>General</li></ul>
609705,FENGER HS,Christian Fenger Academy High School,HS,https://www.cps.edu/schools/profiles/school-overview/FENGER-HS,https://fengerhighschool.org,41.689951,-87.637572,FENGER HS-General Education,<ul><li>GPA: N/A</li></ul>,"<ul><li><strong>Selection Type: </strong>Applicants are selected by random computerized lottery. If the program has priority groups, students in those groups are selected in the order listed.</li><li><strong>Priority: </strong>Sibling Preference,Staff Priority,General</li></ul>"
609705,FENGER HS,Christian Fenger Academy High School,HS,https://www.cps.edu/schools/profiles/school-overview/FENGER-HS,https://fengerhighschool.org,41.689951,-87.637572,FENGER HS-Honors,<ul><li>Application Requirements: High School Admissions Test (HSAT) Scores Required.</li><li>GPA: 2.00</li></ul>,"<ul><li><strong>Selection Type: </strong>Applicants are selected by random computerized lottery. If the program has priority groups, students in those groups are selected in the order listed.</li><li><strong>Priority: </strong>General</li><li><strong>Note: </strong>General Education and Students with 504 plans must have an HSAT minimum combo score of 120% to be considered for the lottery. Students with IEPs and English Language Learners must have an HSAT&nbsp;minimum combo score of 110% to be considered for the lottery.&nbsp; </li></ul>"
609708,FOREMAN HS,Edwin G. Foreman College and Career Academy,HS,https://www.cps.edu/schools/profiles/school-overview/FOREMAN-HS,http://www.foremancca.org,41.939797,-87.754167,FOREMAN HS-Digital Media,<ul><li>Application Requirements: High School Admissions Test (HSAT) Scores Required.</li><li>GPA: N/A</li></ul>,"<ul><li><strong>Selection Type: </strong>Students are selected by lottery within groups with preferences for students who have combined HSAT scores above the 58/48th percentile and who live within the attendance area of the school.</li><li><strong>Priority: </strong>Proximity Preference,General</li></ul>"
609708,FOREMAN HS,Edwin G. Foreman College and Career Academy,HS,https://www.cps.edu/schools/profiles/school-overview/FOREMAN-HS,http://www.foremancca.org,41.939797,-87.754167,FOREMAN HS-General Education,<ul><li>GPA: N/A</li></ul>,"<ul><li><strong>Selection Type: </strong>Applicants are selected by random computerized lottery. If the program has priority groups, students in those groups are selected in the order listed.</li><li><strong>Priority: </strong>Sibling Preference,Staff Priority,General</li></ul>"
609708,FOREMAN HS,Edwin G. Foreman College and Career Academy,HS,https://www.cps.edu/schools/profiles/school-overview/FOREMAN-HS,http://www.foremancca.org,41.939797,-87.754167,FOREMAN HS-Significantly Modified Curriculum w/ Moderate Supports,<ul><li>GPA: N/A</li></ul>,"<ul><li><strong>Selection Type: </strong>Applicants are selected by random computerized lottery. If the program has priority groups, students in those groups are selected in the order listed.</li><li><strong>Priority: </strong>Proximity Preference,General</li></ul>"
609708,FOREMAN HS,Edwin G. Foreman College and Career Academy,HS,https://www.cps.edu/schools/profiles/school-overview/FOREMAN-HS,http://www.foremancca.org,41.939797,-87.754167,FOREMAN HS-Pre-Engineering,<ul><li>Application Requirements: High School Admissions Test (HSAT) Scores Required.</li><li>GPA: N/A</li></ul>,<ul><li><strong>Priority: </strong>General</li></ul>
609709,GAGE PARK HS,Gage Park High School,HS,https://www.cps.edu/schools/profiles/school-overview/GAGE-PARK-HS,https://gageparkhs.org,41.791013,-87.688954,GAGE PARK HS-General Education,<ul><li>GPA: N/A</li></ul>,"<ul><li><strong>Selection Type: </strong>Applicants are selected by random computerized lottery. If the program has priority groups, students in those groups are selected in the order listed.</li><li><strong>Priority: </strong>Sibling Preference,Staff Priority,General</li></ul>"
609709,GAGE PARK HS,Gage Park High School,HS,https://www.cps.edu/schools/profiles/school-overview/GAGE-PARK-HS,https://gageparkhs.org,41.791013,-87.688954,GAGE PARK HS-Health Science,<ul><li>Application Requirements: High School Admissions Test (HSAT) Scores Required.</li><li>GPA: N/A</li></ul>,<ul><li><strong>Priority: </strong>General</li></ul>
609709,GAGE PARK HS,Gage Park High School,HS,https://www.cps.edu/schools/profiles/school-overview/GAGE-PARK-HS,https://gageparkhs.org,41.791013,-87.688954,GAGE PARK HS-Significantly Modified Curriculum w/ Moderate Supports,<ul><li>GPA: N/A</li></ul>,"<ul><li><strong>Selection Type: </strong>Applicants are selected by random computerized lottery. If the program has priority groups, students in those groups are selected in the order listed.</li><li><strong>Priority: </strong>Proximity Preference,General</li></ul>"
609710,HARLAN HS,John M Harlan Community Academy High School,HS,https://www.cps.edu/schools/profiles/school-overview/HARLAN-HS,https://www.harlanfalcons.org,41.718372,-87.620623,HARLAN HS-Digital Media,<ul><li>Application Requirements: High School Admissions Test (HSAT) Scores Required.</li><li>GPA: N/A</li></ul>,"<ul><li><strong>Selection Type: </strong>Students are selected by lottery within groups with preferences for students who have combined HSAT scores above the 58/48th percentile and who live within the attendance area of the school.</li><li><strong>Priority: </strong>Proximity Preference,General</li></ul>"
609710,HARLAN HS,John M Harlan Community Academy High School,HS,https://www.cps.edu/schools/profiles/school-overview/HARLAN-HS,https://www.harlanfalcons.org,41.718372,-87.620623,HARLAN HS-General Education,<ul><li>GPA: N/A</li></ul>,"<ul><li><strong>Selection Type: </strong>Applicants are selected by random computerized lottery. If the program has priority groups, students in those groups are selected in the order listed.</li><li><strong>Priority: </strong>Sibling Preference,Staff Priority,General</li></ul>"
609710,HARLAN HS,John M Harlan Community Academy High School,HS,https://www.cps.edu/schools/profiles/school-overview/HARLAN-HS,https://www.harlanfalcons.org,41.718372,-87.620623,HARLAN HS-Significantly Modified Curriculum w/ Intensive Supports,<ul><li>GPA: N/A</li></ul>,"<ul><li><strong>Selection Type: </strong>Applicants are selected by random computerized lottery. If the program has priority groups, students in those groups are selected in the order listed.</li><li><strong>Priority: </strong>Proximity Preference,General</li></ul>"
609712,HIRSCH HS,Emil G Hirsch Metropolitan High School,HS,https://www.cps.edu/schools/profiles/school-overview/HIRSCH-HS,https://hirschmetrohs.org,41.753748,-87.601727,HIRSCH HS-General Education,<ul><li>GPA: N/A</li></ul>,"<ul><li><strong>Selection Type: </strong>Applicants are selected by random computerized lottery. If the program has priority groups, students in those groups are selected in the order listed.</li><li><strong>Priority: </strong>Sibling Preference,Staff Priority,General</li></ul>"
609713,HYDE PARK HS,Hyde Park Academy High School,HS,https://www.cps.edu/schools/profiles/school-overview/HYDE-PARK-HS,https://hydeparkcps.org,41.782257,-87.586615,HYDE PARK HS-Broadcast,<ul><li>Application Requirements: High School Admissions Test (HSAT) Scores Required.</li><li>GPA: N/A</li></ul>,"<ul><li><strong>Selection Type: </strong>Students are selected by lottery within groups with preferences for students who have combined HSAT scores above the 58/48th percentile and who live within the attendance area of the school.</li><li><strong>Priority: </strong>Proximity Preference,General</li></ul>"
609713,HYDE PARK HS,Hyde Park Academy High School,HS,https://www.cps.edu/schools/profiles/school-overview/HYDE-PARK-HS,https://hydeparkcps.org,41.782257,-87.586615,HYDE PARK HS-Digital Media,<ul><li>Application Requirements: High School Admissions Test (HSAT) Scores Required.</li><li>GPA: N/A</li></ul>,"<ul><li><strong>Selection Type: </strong>Students are selected by lottery within groups with preferences for students who have combined HSAT scores above the 58/48th percentile and who live within the attendance area of the school.</li><li><strong>Priority: </strong>Proximity Preference,General</li></ul>"
609713,HYDE PARK HS,Hyde Park Academy High School,HS,https://www.cps.edu/schools/profiles/school-overview/HYDE-PARK-HS,https://hydeparkcps.org,41.782257,-87.586615,HYDE PARK HS-General Education,<ul><li>Application Requirements: High School Admissions Test (HSAT) Scores Required.</li><li>GPA: N/A</li></ul>,"<ul><li><strong>Selection Type: </strong>Applicants are selected by random computerized lottery. If the program has priority groups, students in those groups are selected in the order listed.</li><li><strong>Priority: </strong>Sibling Preference,Staff Priority,General</li><li><strong>Note: </strong>Students living in the attendance area are guaranteed a seat and do not need to submit an application. All students living outside the attendance area must submit an application. Students who live outside of the school's attendance boundary are randomly selected by computerized lottery. General Education and Students with 504 plans must have an HSAT minimum combo score of 50% to be considered for the lottery. Students with IEPs and English Language Learners must have an HSAT&nbsp;minimum combo score of 40% to be considered for the lottery.&nbsp; </li></ul>"
609713,HYDE PARK HS,Hyde Park Academy High School,HS,https://www.cps.edu/schools/profiles/school-overview/HYDE-PARK-HS,https://hydeparkcps.org,41.782257,-87.586615,HYDE PARK HS-International Baccalaureate (IB),<ul><li>Application Requirements: High School Admissions Test (HSAT) Scores Required.</li><li>GPA: N/A</li></ul>,"<ul><li><strong>Priority: </strong>Elementary Preference,General</li><li><strong>Note: </strong>International Baccalaureate (IB) is an inquiry-based, concept-driven framework that aims to develop self-directed thinkers and reflective problem solvers. Students enrolled in the IB Program may receive college credit for their high school courses. All students applying to this program must take the CPS HSAT. Elementary Preference School(s): CARNEGIE</li></ul>"
609713,HYDE PARK HS,Hyde Park Academy High School,HS,https://www.cps.edu/schools/profiles/school-overview/HYDE-PARK-HS,https://hydeparkcps.org,41.782257,-87.586615,HYDE PARK HS-Significantly Modified Curriculum w/ Moderate Supports,<ul><li>GPA: N/A</li></ul>,"<ul><li><strong>Selection Type: </strong>Applicants are selected by random computerized lottery. If the program has priority groups, students in those groups are selected in the order listed.</li><li><strong>Priority: </strong>Proximity Preference,General</li></ul>"
609715,KELLY HS,Thomas Kelly College Preparatory,HS,https://www.cps.edu/schools/profiles/school-overview/KELLY-HS,https://kellyhighschool.org,41.818729,-87.694639,KELLY HS-Digital Media,<ul><li>Application Requirements: High School Admissions Test (HSAT) Scores Required.</li><li>GPA: N/A</li></ul>,"<ul><li><strong>Selection Type: </strong>Students are selected by lottery within groups with preferences for students who have combined HSAT scores above the 58/48th percentile and who live within the attendance area of the school.</li><li><strong>Priority: </strong>Proximity Preference,General</li></ul>"
609715,KELLY HS,Thomas Kelly College Preparatory,HS,https://www.cps.edu/schools/profiles/school-overview/KELLY-HS,https://kellyhighschool.org,41.818729,-87.694639,KELLY HS-General Education,<ul><li>GPA: 2.00</li></ul>,"<ul><li><strong>Selection Type: </strong>Applicants are selected by random computerized lottery. If the program has priority groups, students in those groups are selected in the order listed.</li><li><strong>Priority: </strong>Sibling Preference,Staff Priority,General</li></ul>"
609715,KELLY HS,Thomas Kelly College Preparatory,HS,https://www.cps.edu/schools/profiles/school-overview/KELLY-HS,https://kellyhighschool.org,41.818729,-87.694639,KELLY HS-International Baccalaureate (IB),<ul><li>Application Requirements: High School Admissions Test (HSAT) Scores Required.</li><li>GPA: N/A</li></ul>,"<ul><li><strong>Priority: </strong>General</li><li><strong>Note: </strong>International Baccalaureate (IB) is an inquiry-based, concept-driven framework that aims to develop self-directed thinkers and reflective problem solvers. Students enrolled in the IB Program may receive college credit for their high school courses. All students applying to this program must take the CPS HSAT. </li></ul>"
609715,KELLY HS,Thomas Kelly College Preparatory,HS,https://www.cps.edu/schools/profiles/school-overview/KELLY-HS,https://kellyhighschool.org,41.818729,-87.694639,KELLY HS-Significantly Modified Curriculum w/ Moderate Supports,<ul><li>GPA: N/A</li></ul>,"<ul><li><strong>Selection Type: </strong>Applicants are selected by random computerized lottery. If the program has priority groups, students in those groups are selected in the order listed.</li><li><strong>Priority: </strong>Proximity Preference,General</li></ul>"
609716,KELVYN PARK HS,Kelvyn Park High School,HS,https://www.cps.edu/schools/profiles/school-overview/KELVYN-PARK-HS,https://kphermosa.org,41.927918,-87.735999,KELVYN PARK HS-Open Enrollment,<ul><li>GPA: N/A</li></ul>,"<ul><li><strong>Selection Type: </strong>Applicants are selected by random computerized lottery. If the program has priority groups, students in those groups are selected in the order listed.</li><li><strong>Priority: </strong>Sibling Preference,Staff Priority,General</li><li><strong>Note: </strong>Open enrollment programs offer a well-rounded general education curriculum, focusing on core subjects like math, science, reading, and social studies. These programs serve a broad range of students without admissions screening or specialized academic focus. </li></ul>"
609716,KELVYN PARK HS,Kelvyn Park High School,HS,https://www.cps.edu/schools/profiles/school-overview/KELVYN-PARK-HS,https://kphermosa.org,41.927918,-87.735999,KELVYN PARK HS-Fine & Performing Arts,<ul><li>GPA: N/A</li></ul>,"<ul><li><strong>Selection Type: </strong>Applicants are selected by random computerized lottery. If the program has priority groups, students in those groups are selected in the order listed.</li><li><strong>Priority: </strong>Attendance Area,General</li></ul>"
609716,KELVYN PARK HS,Kelvyn Park High School,HS,https://www.cps.edu/schools/profiles/school-overview/KELVYN-PARK-HS,https://kphermosa.org,41.927918,-87.735999,KELVYN PARK HS-General Education,<ul><li>GPA: N/A</li></ul>,"<ul><li><strong>Selection Type: </strong>Applicants are selected by random computerized lottery. If the program has priority groups, students in those groups are selected in the order listed.</li><li><strong>Priority: </strong>Sibling Preference,Staff Priority,General</li></ul>"
609716,KELVYN PARK HS,Kelvyn Park High School,HS,https://www.cps.edu/schools/profiles/school-overview/KELVYN-PARK-HS,https://kphermosa.org,41.927918,-87.735999,KELVYN PARK HS-Digital Media,<ul><li>Application Requirements: High School Admissions Test (HSAT) Scores Required.</li><li>GPA: N/A</li></ul>,"<ul><li><strong>Selection Type: </strong>Students are selected by lottery within groups with preferences for students who have combined HSAT scores above the 58/48th percentile and who live within the attendance area of the school.</li><li><strong>Priority: </strong>Proximity Preference,General</li></ul>"
609716,KELVYN PARK HS,Kelvyn Park High School,HS,https://www.cps.edu/schools/profiles/school-overview/KELVYN-PARK-HS,https://kphermosa.org,41.927918,-87.735999,KELVYN PARK HS-Health Science,<ul><li>Application Requirements: High School Admissions Test (HSAT) Scores Required.</li><li>GPA: N/A</li></ul>,<ul><li><strong>Priority: </strong>General</li></ul>
609718,KENNEDY HS,John F Kennedy High School,HS,https://www.cps.edu/schools/profiles/school-overview/KENNEDY-HS,http://www.kennedy.cps.edu,41.789961,-87.78084,KENNEDY HS-General Education,<ul><li>GPA: N/A</li></ul>,"<ul><li><strong>Selection Type: </strong>Applicants are selected by random computerized lottery. If the program has priority groups, students in those groups are selected in the order listed.</li><li><strong>Priority: </strong>Sibling Preference,Staff Priority,General</li></ul>"
609718,KENNEDY HS,John F Kennedy High School,HS,https://www.cps.edu/schools/profiles/school-overview/KENNEDY-HS,http://www.kennedy.cps.edu,41.789961,-87.78084,KENNEDY HS-International Baccalaureate (IB),<ul><li>Application Requirements: High School Admissions Test (HSAT) Scores Required.</li><li>GPA: N/A</li></ul>,"<ul><li><strong>Priority: </strong>General</li><li><strong>Note: </strong>International Baccalaureate (IB) is an inquiry-based, concept-driven framework that aims to develop self-directed thinkers and reflective problem solvers. Students enrolled in the IB Program may receive college credit for their high school courses. All students applying to this program must take the CPS HSAT. </li></ul>"
609718,KENNEDY HS,John F Kennedy High School,HS,https://www.cps.edu/schools/profiles/school-overview/KENNEDY-HS,http://www.kennedy.cps.edu,41.789961,-87.78084,KENNEDY HS-Significantly Modified Curriculum w/ Moderate Supports,<ul><li>GPA: N/A</li></ul>,"<ul><li><strong>Selection Type: </strong>Applicants are selected by random computerized lottery. If the program has priority groups, students in those groups are selected in the order listed.</li><li><strong>Priority: </strong>Proximity Preference,General</li></ul>"
610529,OGDEN HS,Ogden International High School,HS,https://www.cps.edu/schools/profiles/school-overview/OGDEN-HS,https://ogden.cps.edu,41.893548,-87.659405,OGDEN HS-Deaf/Hard of Hearing,<ul><li>GPA: N/A</li></ul>,"<ul><li><strong>Selection Type: </strong>Applicants are selected by random computerized lottery. If the program has priority groups, students in those groups are selected in the order listed.</li><li><strong>Priority: </strong>Proximity Preference,General</li></ul>"
610529,OGDEN HS,Ogden International High School,HS,https://www.cps.edu/schools/profiles/school-overview/OGDEN-HS,https://ogden.cps.edu,41.893548,-87.659405,OGDEN HS-International Baccalaureate (IB),<ul><li>Application Requirements: High School Admissions Test (HSAT) Scores Required.</li><li>GPA: N/A</li></ul>,"<ul><li><strong>Priority: </strong>General</li><li><strong>Note: </strong>International Baccalaureate (IB) is an inquiry-based, concept-driven framework that aims to develop self-directed thinkers and reflective problem solvers. Students enrolled in the IB Program may receive college credit for their high school courses. All students applying to this program must take the CPS HSAT. </li></ul>"
610592,ENGLEWOOD STEM HS,Englewood STEM High School,HS,https://www.cps.edu/schools/profiles/school-overview/ENGLEWOOD-STEM-HS,https://englewoodstemhs.cps.edu,41.770251,-87.639061,ENGLEWOOD STEM HS-Significantly Modified Curriculum w/ Moderate Supports,<ul><li>GPA: N/A</li></ul>,"<ul><li><strong>Selection Type: </strong>Applicants are selected by random computerized lottery. If the program has priority groups, students in those groups are selected in the order listed.</li><li><strong>Priority: </strong>Proximity Preference,General</li></ul>"
610592,ENGLEWOOD STEM HS,Englewood STEM High School,HS,https://www.cps.edu/schools/profiles/school-overview/ENGLEWOOD-STEM-HS,https://englewoodstemhs.cps.edu,41.770251,-87.639061,ENGLEWOOD STEM HS-Early College STEM,<ul><li>GPA: N/A</li></ul>,"<ul><li><strong>Selection Type: </strong>Applicants are selected by random computerized lottery. If the program has priority groups, students in those groups are selected in the order listed.</li><li><strong>Priority: </strong>Sibling Preference,Staff Priority,General</li></ul>"
610563,BACK OF THE YARDS HS,Back of the Yards IB High School,HS,https://www.cps.edu/schools/profiles/school-overview/BACK-OF-THE-YARDS-HS,https://boycp.org/,41.808413,-87.677541,BACK OF THE YARDS HS-Dual Language,<ul><li>GPA: N/A</li></ul>,"<ul><li><strong>Selection Type: </strong>Students are selected by lottery within groups with preferences for students who have combined HSAT scores above the 58/48th percentile and who live within the attendance area of the school.</li><li><strong>Priority: </strong>Sibling Preference,Elementary Preference,General</li><li><strong>Note: </strong>One-way dual language programs provide instruction in two languages and serve mostly English Learners (ELs), former ELs, and heritage language learners in the same classroom. Elementary Preference School(s): AZUELA, BARRY, BATEMAN, BELMONT-CRAGIN, CALMECA, CARSON, CHASE, COOPER, DARWIN, EDWARDS, ERIE, GLOBAL CITIZENSHIP, HURLEY, INTER-AMERICAN, MOOS, MOZART, NAMASTE, SABIN, SPRY ES, STO</li></ul>"
610563,BACK OF THE YARDS HS,Back of the Yards IB High School,HS,https://www.cps.edu/schools/profiles/school-overview/BACK-OF-THE-YARDS-HS,https://boycp.org/,41.808413,-87.677541,BACK OF THE YARDS HS-General Education,<ul><li>GPA: N/A</li></ul>,"<ul><li><strong>Selection Type: </strong>Applicants are selected by random computerized lottery. If the program has priority groups, students in those groups are selected in the order listed.</li><li><strong>Priority: </strong>Sibling Preference,Staff Priority,Overlay Preference,General</li></ul>"
610563,BACK OF THE YARDS HS,Back of the Yards IB High School,HS,https://www.cps.edu/schools/profiles/school-overview/BACK-OF-THE-YARDS-HS,https://boycp.org/,41.808413,-87.677541,BACK OF THE YARDS HS-International Baccalaureate (IB),<ul><li>Application Requirements: High School Admissions Test (HSAT) Scores Required.</li><li>GPA: N/A</li></ul>,"<ul><li><strong>Priority: </strong>General</li><li><strong>Note: </strong>International Baccalaureate (IB) is an inquiry-based, concept-driven framework that aims to develop self-directed thinkers and reflective problem solvers. Students enrolled in the IB Program may receive college credit for their high school courses. All students applying to this program must take the CPS HSAT. </li></ul>"
610543,SOLORIO HS,Eric Solorio Academy High School,HS,https://www.cps.edu/schools/profiles/school-overview/SOLORIO-HS,https://solorioacademy.org,41.795201,-87.711059,SOLORIO HS-General Education,<ul><li>GPA: N/A</li></ul>,"<ul><li><strong>Selection Type: </strong>Applicants are selected by random computerized lottery. If the program has priority groups, students in those groups are selected in the order listed.</li><li><strong>Priority: </strong>Staff Priority</li></ul>"
610543,SOLORIO HS,Eric Solorio Academy High School,HS,https://www.cps.edu/schools/profiles/school-overview/SOLORIO-HS,https://solorioacademy.org,41.795201,-87.711059,SOLORIO HS-Scholars,<ul><li>Application Requirements: High School Admissions Test (HSAT) Scores Required.</li><li>GPA: N/A</li></ul>,<ul><li><strong>Priority: </strong>General</li></ul>
610543,SOLORIO HS,Eric Solorio Academy High School,HS,https://www.cps.edu/schools/profiles/school-overview/SOLORIO-HS,https://solorioacademy.org,41.795201,-87.711059,SOLORIO HS-Significantly Modified Curriculum w/ Intensive Supports,<ul><li>GPA: N/A</li></ul>,"<ul><li><strong>Selection Type: </strong>Applicants are selected by random computerized lottery. If the program has priority groups, students in those groups are selected in the order listed.</li><li><strong>Priority: </strong>Proximity Preference,General</li></ul>"
610543,SOLORIO HS,Eric Solorio Academy High School,HS,https://www.cps.edu/schools/profiles/school-overview/SOLORIO-HS,https://solorioacademy.org,41.795201,-87.711059,SOLORIO HS-Pre-Engineering,<ul><li>Application Requirements: High School Admissions Test (HSAT) Scores Required.</li><li>GPA: N/A</li></ul>,<ul><li><strong>Priority: </strong>General</li></ul>
610245,DOUGLASS HS,Frederick A Douglass Academy High School,HS,https://www.cps.edu/schools/profiles/school-overview/DOUGLASS-HS,https://douglassacademy.org,41.890369,-87.767668,DOUGLASS HS-General Education,<ul><li>GPA: N/A</li></ul>,"<ul><li><strong>Selection Type: </strong>Applicants are selected by random computerized lottery. If the program has priority groups, students in those groups are selected in the order listed.</li><li><strong>Priority: </strong>Sibling Preference,Staff Priority,Proximity Preference,General</li></ul>"
610357,SPRY HS,Spry Community Links High School,HS,https://www.cps.edu/schools/profiles/school-overview/SPRY-HS,http://spry.cps.edu,41.847762,-87.698946,SPRY HS-Three-Year; Year-Round High School,<ul><li>GPA: N/A</li></ul>,"<ul><li><strong>Selection Type: </strong>Applicants are selected by random computerized lottery. If the program has priority groups, students in those groups are selected in the order listed.</li><li><strong>Priority: </strong>Sibling Preference,Staff Priority,General</li></ul>"
610389,ORR HS,Orr Academy High School,HS,https://www.cps.edu/schools/profiles/school-overview/ORR-HS,https://orracademy.org,41.894449,-87.726166,ORR HS-Digital Media,<ul><li>Application Requirements: High School Admissions Test (HSAT) Scores Required.</li><li>GPA: N/A</li></ul>,"<ul><li><strong>Selection Type: </strong>Students are selected by lottery within groups with preferences for students who have combined HSAT scores above the 58/48th percentile and who live within the attendance area of the school.</li><li><strong>Priority: </strong>Proximity Preference,General</li></ul>"
610389,ORR HS,Orr Academy High School,HS,https://www.cps.edu/schools/profiles/school-overview/ORR-HS,https://orracademy.org,41.894449,-87.726166,ORR HS-General Education,<ul><li>GPA: N/A</li></ul>,"<ul><li><strong>Selection Type: </strong>Applicants are selected by random computerized lottery. If the program has priority groups, students in those groups are selected in the order listed.</li><li><strong>Priority: </strong>Sibling Preference,Staff Priority,General</li></ul>"
610588,RICHARDSON,Robert J. Richardson Middle School,MS,https://www.cps.edu/schools/profiles/school-overview/RICHARDSON,http://richardson.cps.edu,41.783826,-87.725422,RICHARDSON-Open Enrollment,<ul><li>GPA: N/A</li></ul>,"<ul><li><strong>Selection Type: </strong>Applicants are selected by random computerized lottery. If the program has priority groups, students in those groups are selected in the order listed.</li><li><strong>Priority: </strong>Sibling Preference,Staff Priority,General</li><li><strong>Note: </strong>Open enrollment programs offer a well-rounded general education curriculum, focusing on core subjects like math, science, reading, and social studies. These programs serve a broad range of students without admissions screening or specialized academic focus. </li></ul>"
610319,EVERGREEN,Evergreen Academy Middle School,MS,https://www.cps.edu/schools/profiles/school-overview/EVERGREEN,https://evergreenacademyms.com,41.829356,-87.667817,EVERGREEN-STEAM,<ul><li>GPA: N/A</li></ul>,"<ul><li><strong>Selection Type: </strong>Applicants are selected by random computerized lottery. If the program has priority groups, students in those groups are selected in the order listed.</li><li><strong>Priority: </strong>Sibling Preference,Staff Priority,General</li><li><strong>Note: </strong>Schools with a STEAM specialization provide whole-school integrated Science, Technology, Engineering, Arts, and Math (STEAM) programming. In STEAM classrooms, students will: actively make sense of and construct solutions to complex questions; productively contribute to the learning community to support a culture of collaboration, risk-taking, and innovation; and regularly reflect on and communicate their understanding of disciplinary ideas. STEAM programs additionally incorporate arts education into the STEM curriculum. </li></ul>"
610532,HERNANDEZ,Irene C. Hernandez Middle School for the Advancement of Science,MS,https://www.cps.edu/schools/profiles/school-overview/HERNANDEZ,https://hernanms.enschool.org/splash/,41.793479,-87.71137,HERNANDEZ-STEM,<ul><li>GPA: N/A</li></ul>,"<ul><li><strong>Selection Type: </strong>Applicants are selected by random computerized lottery. If the program has priority groups, students in those groups are selected in the order listed.</li><li><strong>Priority: </strong>Sibling Preference,Staff Priority,General</li><li><strong>Note: </strong>Schools with a STEM specialization provide whole-school integrated Science, Technology, Engineering, and Math (STEM) programming. In STEM classrooms, students will: actively make sense of and construct solutions to complex questions; productively contribute to the learning community to support a culture of collaboration, risk-taking, and innovation; and regularly reflect on and communicate their understanding of disciplinary ideas. </li></ul>"
610559,SHIELDS MIDDLE,James Shields Middle School,MS,https://www.cps.edu/schools/profiles/school-overview/SHIELDS-MIDDLE,http://shieldsmiddle.cps.edu/,41.806491,-87.68978,SHIELDS MIDDLE-Open Enrollment,<ul><li>GPA: N/A</li></ul>,"<ul><li><strong>Selection Type: </strong>Applicants are selected by random computerized lottery. If the program has priority groups, students in those groups are selected in the order listed.</li><li><strong>Priority: </strong>Sibling Preference,Staff Priority,General</li><li><strong>Note: </strong>Open enrollment programs offer a well-rounded general education curriculum, focusing on core subjects like math, science, reading, and social studies. These programs serve a broad range of students without admissions screening or specialized academic focus. </li></ul>"
610212,ALBANY PARK,Albany Park Multicultural Academy,MS,https://www.cps.edu/schools/profiles/school-overview/ALBANY-PARK,https://albanypark.cps.edu,41.971504,-87.710609,ALBANY PARK-Open Enrollment,<ul><li>GPA: N/A</li></ul>,"<ul><li><strong>Selection Type: </strong>Applicants are selected by random computerized lottery. If the program has priority groups, students in those groups are selected in the order listed.</li><li><strong>Priority: </strong>Sibling Preference,Staff Priority,General</li><li><strong>Note: </strong>Open enrollment programs offer a well-rounded general education curriculum, focusing on core subjects like math, science, reading, and social studies. These programs serve a broad range of students without admissions screening or specialized academic focus. </li></ul>"
610215,MADERO,Francisco I Madero Middle School,MS,https://www.cps.edu/schools/profiles/school-overview/MADERO,https://madero.cps.edu,41.840957,-87.705064,MADERO-IB Middle Years Programme,<ul><li>GPA: N/A</li></ul>,"<ul><li><strong>Selection Type: </strong>Applicants are selected by random computerized lottery. If the program has priority groups, students in those groups are selected in the order listed.</li><li><strong>Priority: </strong>Sibling Preference,Staff Priority,General</li><li><strong>Note: </strong>International Baccalaureate (IB) programmes are designed to develop well-rounded individuals who can respond to today's challenges with optimism and an open mind. The Middle Years Programme (MYP) is a rigorous and highly flexible framework that encourages students to make practical connections between their studies and the real world, preparing them for success in further study and in life. </li></ul>"
610051,NORTHWEST,Northwest Middle School,MS,https://www.cps.edu/schools/profiles/school-overview/NORTHWEST,https://northwest.cps.edu,41.920555,-87.757854,NORTHWEST-Open Enrollment,<ul><li>GPA: N/A</li></ul>,"<ul><li><strong>Selection Type: </strong>Applicants are selected by random computerized lottery. If the program has priority groups, students in those groups are selected in the order listed.</li><li><strong>Priority: </strong>Sibling Preference,Staff Priority,General</li><li><strong>Note: </strong>Open enrollment programs offer a well-rounded general education curriculum, focusing on core subjects like math, science, reading, and social studies. These programs serve a broad range of students without admissions screening or specialized academic focus. </li></ul>"
609837,CARNEGIE,Andrew Carnegie Elementary School,ES,https://www.cps.edu/schools/profiles/school-overview/CARNEGIE,https://carnegie.cps.edu,41.783368,-87.590795,CARNEGIE-Regional Gifted Center (1-4),<ul><li>GPA: N/A</li></ul>,"<ul><li><strong>Priority: </strong>General</li><li><strong>Note: </strong>Regional Gifted Centers provide an accelerated instructional program that places an emphasis on thinking, reasoning, problem-solving, and creativity. Students in Gifted programs typically receive instruction that is one to two grades above grade level. </li></ul>"
609837,CARNEGIE,Andrew Carnegie Elementary School,ES,https://www.cps.edu/schools/profiles/school-overview/CARNEGIE,https://carnegie.cps.edu,41.783368,-87.590795,CARNEGIE-Regional Gifted Center (5),<ul><li>GPA: 3.00</li></ul>,"<ul><li><strong>Priority: </strong>General</li><li><strong>Note: </strong>Regional Gifted Centers provide an accelerated instructional program that places an emphasis on thinking, reasoning, problem-solving, and creativity. Students in Gifted programs typically receive instruction that is one to two grades above grade level. </li></ul>"
609837,CARNEGIE,Andrew Carnegie Elementary School,ES,https://www.cps.edu/schools/profiles/school-overview/CARNEGIE,https://carnegie.cps.edu,41.783368,-87.590795,CARNEGIE-Regional Gifted Center (K),<ul><li>GPA: N/A</li></ul>,"<ul><li><strong>Priority: </strong>Rank,Tier</li><li><strong>Note: </strong>Regional Gifted Centers provide an accelerated instructional program that places an emphasis on thinking, reasoning, problem-solving, and creativity. Students in Gifted programs typically receive instruction that is one to two grades above grade level. </li></ul>"
609837,CARNEGIE,Andrew Carnegie Elementary School,ES,https://www.cps.edu/schools/profiles/school-overview/CARNEGIE,https://carnegie.cps.edu,41.783368,-87.590795,CARNEGIE-Open Enrollment,<ul><li>GPA: N/A</li></ul>,"<ul><li><strong>Selection Type: </strong>Applicants are selected by random computerized lottery. If the program has priority groups, students in those groups are selected in the order listed.</li><li><strong>Priority: </strong>Sibling Preference,Staff Priority,General</li><li><strong>Note: </strong>Open enrollment programs offer a well-rounded general education curriculum, focusing on core subjects like math, science, reading, and social studies. These programs serve a broad range of students without admissions screening or specialized academic focus. </li></ul>"
609837,CARNEGIE,Andrew Carnegie Elementary School,ES,https://www.cps.edu/schools/profiles/school-overview/CARNEGIE,https://carnegie.cps.edu,41.783368,-87.590795,CARNEGIE-IB Middle Years Programme,<ul><li>GPA: N/A</li></ul>,"<ul><li><strong>Selection Type: </strong>Applicants are selected by random computerized lottery. If the program has priority groups, students in those groups are selected in the order listed.</li><li><strong>Priority: </strong>Sibling Preference,General</li><li><strong>Note: </strong>International Baccalaureate (IB) programmes are designed to develop well-rounded individuals who can respond to today's challenges with optimism and an open mind. The Middle Years Programme (MYP) is a rigorous and highly flexible framework that encourages students to make practical connections between their studies and the real world, preparing them for success in further study and in life. </li></ul>"
610084,KELLER,Annie Keller Regional Gifted Center,ES,https://www.cps.edu/schools/profiles/school-overview/KELLER,https://keller.cps.edu,41.69717,-87.697278,KELLER-Regional Gifted Center (1-4),<ul><li>GPA: N/A</li></ul>,"<ul><li><strong>Priority: </strong>Rank,Tier</li><li><strong>Note: </strong>Regional Gifted Centers provide an accelerated instructional program that places an emphasis on thinking, reasoning, problem-solving, and creativity. Students in Gifted programs typically receive instruction that is one to two grades above grade level. </li></ul>"
610084,KELLER,Annie Keller Regional Gifted Center,ES,https://www.cps.edu/schools/profiles/school-overview/KELLER,https://keller.cps.edu,41.69717,-87.697278,KELLER-Regional Gifted Center (5-8),<ul><li>GPA: 3.00</li></ul>,"<ul><li><strong>Priority: </strong>General</li><li><strong>Note: </strong>Regional Gifted Centers provide an accelerated instructional program that places an emphasis on thinking, reasoning, problem-solving, and creativity. Students in Gifted programs typically receive instruction that is one to two grades above grade level. </li></ul>"
610229,PRITZKER,A.N. Pritzker School,ES,https://www.cps.edu/schools/profiles/school-overview/PRITZKER,http://www.pritzkerschool.org,41.907053,-87.677761,PRITZKER-Fine & Performing Arts,<ul><li>GPA: N/A</li></ul>,"<ul><li><strong>Selection Type: </strong>Applicants are selected by random computerized lottery. If the program has priority groups, students in those groups are selected in the order listed.</li><li><strong>Priority: </strong>Sibling Preference,Staff Priority,Pre-K Preference,General</li><li><strong>Note: </strong>This program provides a comprehensive general education curriculum across all core academic subjects, with a focus on Fine & Performing Arts as an enriching complement to the standard coursework. Arts teachers in Fine & Performing Arts schools work with students and other classroom teachers to provide intensive and integrated instruction in the arts. Students are exposed to various arts opportunities and environments, and have the opportunity to learn and grow in multiple art forms: dance, drama, media arts, music, and/or visual arts. </li></ul>"
610229,PRITZKER,A.N. Pritzker School,ES,https://www.cps.edu/schools/profiles/school-overview/PRITZKER,http://www.pritzkerschool.org,41.907053,-87.677761,PRITZKER-Regional Gifted Center (1-4),<ul><li>GPA: N/A</li></ul>,"<ul><li><strong>Priority: </strong>General</li><li><strong>Note: </strong>Regional Gifted Centers provide an accelerated instructional program that places an emphasis on thinking, reasoning, problem-solving, and creativity. Students in Gifted programs typically receive instruction that is one to two grades above grade level. </li></ul>"
610229,PRITZKER,A.N. Pritzker School,ES,https://www.cps.edu/schools/profiles/school-overview/PRITZKER,http://www.pritzkerschool.org,41.907053,-87.677761,PRITZKER-Regional Gifted Center (5-8),<ul><li>GPA: 3.00</li></ul>,"<ul><li><strong>Priority: </strong>General</li><li><strong>Note: </strong>Regional Gifted Centers provide an accelerated instructional program that places an emphasis on thinking, reasoning, problem-solving, and creativity. Students in Gifted programs typically receive instruction that is one to two grades above grade level. </li></ul>"
610229,PRITZKER,A.N. Pritzker School,ES,https://www.cps.edu/schools/profiles/school-overview/PRITZKER,http://www.pritzkerschool.org,41.907053,-87.677761,PRITZKER-Regional Gifted Center (K),<ul><li>GPA: N/A</li></ul>,"<ul><li><strong>Priority: </strong>Rank,Tier</li><li><strong>Note: </strong>Regional Gifted Centers provide an accelerated instructional program that places an emphasis on thinking, reasoning, problem-solving, and creativity. Students in Gifted programs typically receive instruction that is one to two grades above grade level. </li></ul>"
610246,BEASLEY,Edward Beasley Elementary Magnet Academic Center,ES,https://www.cps.edu/schools/profiles/school-overview/BEASLEY,https://beasleyac.org/,41.798465,-87.625692,BEASLEY-Magnet - Scholastic Academy,<ul><li>GPA: N/A</li></ul>,"<ul><li><strong>Selection Type: </strong>Applicants are selected by random computerized lottery. If the program has priority groups, students in those groups are selected in the order listed.</li><li><strong>Priority: </strong>Sibling Preference,Staff Priority,Pre-K Preference,Proximity Preference,Tier,General</li><li><strong>Note: </strong>Scholastic Academies are schools that place strong emphasis on language arts and mathematics, and offer an enriched curriculum in a selected area of art, music, science, world language, or language arts. </li></ul>"
610246,BEASLEY,Edward Beasley Elementary Magnet Academic Center,ES,https://www.cps.edu/schools/profiles/school-overview/BEASLEY,https://beasleyac.org/,41.798465,-87.625692,BEASLEY-Regional Gifted Center (1-4),<ul><li>GPA: N/A</li></ul>,"<ul><li><strong>Priority: </strong>General</li><li><strong>Note: </strong>Regional Gifted Centers provide an accelerated instructional program that places an emphasis on thinking, reasoning, problem-solving, and creativity. Students in Gifted programs typically receive instruction that is one to two grades above grade level. </li></ul>"
610246,BEASLEY,Edward Beasley Elementary Magnet Academic Center,ES,https://www.cps.edu/schools/profiles/school-overview/BEASLEY,https://beasleyac.org/,41.798465,-87.625692,BEASLEY-Regional Gifted Center (5-8),<ul><li>GPA: 3.00</li></ul>,"<ul><li><strong>Priority: </strong>General</li><li><strong>Note: </strong>Regional Gifted Centers provide an accelerated instructional program that places an emphasis on thinking, reasoning, problem-solving, and creativity. Students in Gifted programs typically receive instruction that is one to two grades above grade level. </li></ul>"
610246,BEASLEY,Edward Beasley Elementary Magnet Academic Center,ES,https://www.cps.edu/schools/profiles/school-overview/BEASLEY,https://beasleyac.org/,41.798465,-87.625692,BEASLEY-Regional Gifted Center (K),<ul><li>GPA: N/A</li></ul>,"<ul><li><strong>Priority: </strong>Rank,Tier</li><li><strong>Note: </strong>Regional Gifted Centers provide an accelerated instructional program that places an emphasis on thinking, reasoning, problem-solving, and creativity. Students in Gifted programs typically receive instruction that is one to two grades above grade level. </li></ul>"
610298,LENART,Lenart Elementary Regional Gifted Center,ES,https://www.cps.edu/schools/profiles/school-overview/LENART,https://lenart.cps.edu,41.747186,-87.62804,LENART-Regional Gifted Center (1-4),<ul><li>GPA: N/A</li></ul>,"<ul><li><strong>Priority: </strong>General</li><li><strong>Note: </strong>Regional Gifted Centers provide an accelerated instructional program that places an emphasis on thinking, reasoning, problem-solving, and creativity. Students in Gifted programs typically receive instruction that is one to two grades above grade level. </li></ul>"
610298,LENART,Lenart Elementary Regional Gifted Center,ES,https://www.cps.edu/schools/profiles/school-overview/LENART,https://lenart.cps.edu,41.747186,-87.62804,LENART-Regional Gifted Center (5-8),<ul><li>GPA: 3.00</li></ul>,"<ul><li><strong>Priority: </strong>General</li><li><strong>Note: </strong>Regional Gifted Centers provide an accelerated instructional program that places an emphasis on thinking, reasoning, problem-solving, and creativity. Students in Gifted programs typically receive instruction that is one to two grades above grade level. </li></ul>"
610298,LENART,Lenart Elementary Regional Gifted Center,ES,https://www.cps.edu/schools/profiles/school-overview/LENART,https://lenart.cps.edu,41.747186,-87.62804,LENART-Regional Gifted Center (K),<ul><li>GPA: N/A</li></ul>,"<ul><li><strong>Priority: </strong>Rank,Tier</li><li><strong>Note: </strong>Regional Gifted Centers provide an accelerated instructional program that places an emphasis on thinking, reasoning, problem-solving, and creativity. Students in Gifted programs typically receive instruction that is one to two grades above grade level. </li></ul>"
609866,COONLEY,John C Coonley Elementary School,ES,https://www.cps.edu/schools/profiles/school-overview/COONLEY,http://coonley.cps.edu,41.955553,-87.683765,COONLEY-Open Enrollment,<ul><li>GPA: N/A</li></ul>,"<ul><li><strong>Selection Type: </strong>Applicants are selected by random computerized lottery. If the program has priority groups, students in those groups are selected in the order listed.</li><li><strong>Priority: </strong>Sibling Preference,Staff Priority,General</li><li><strong>Note: </strong>Open enrollment programs offer a well-rounded general education curriculum, focusing on core subjects like math, science, reading, and social studies. These programs serve a broad range of students without admissions screening or specialized academic focus. </li></ul>"
609990,SOUTH LOOP,South Loop Elementary School,ES,https://www.cps.edu/schools/profiles/school-overview/SOUTH-LOOP,https://southloopschool.org,41.859741,-87.628349,SOUTH LOOP-Fine & Performing Arts,<ul><li>GPA: N/A</li></ul>,"<ul><li><strong>Selection Type: </strong>Applicants are selected by random computerized lottery. If the program has priority groups, students in those groups are selected in the order listed.</li><li><strong>Priority: </strong>Sibling Preference,Staff Priority,Pre-K Preference,General</li><li><strong>Note: </strong>This program provides a comprehensive general education curriculum across all core academic subjects, with a focus on Fine & Performing Arts as an enriching complement to the standard coursework. Arts teachers in Fine & Performing Arts schools work with students and other classroom teachers to provide intensive and integrated instruction in the arts. Students are exposed to various arts opportunities and environments, and have the opportunity to learn and grow in multiple art forms: dance, drama, media arts, music, and/or visual arts. </li></ul>"
609799,BELL,Alexander Graham Bell Elementary School,ES,https://www.cps.edu/schools/profiles/school-overview/BELL,http://bell.cps.edu,41.94953,-87.686018,BELL-Open Enrollment,<ul><li>GPA: N/A</li></ul>,"<ul><li><strong>Selection Type: </strong>Applicants are selected by random computerized lottery. If the program has priority groups, students in those groups are selected in the order listed.</li><li><strong>Priority: </strong>Sibling Preference,Staff Priority,General</li><li><strong>Note: </strong>Open enrollment programs offer a well-rounded general education curriculum, focusing on core subjects like math, science, reading, and social studies. These programs serve a broad range of students without admissions screening or specialized academic focus. </li></ul>"
609799,BELL,Alexander Graham Bell Elementary School,ES,https://www.cps.edu/schools/profiles/school-overview/BELL,http://bell.cps.edu,41.94953,-87.686018,BELL-Regional Gifted Center (1-4),<ul><li>GPA: N/A</li></ul>,"<ul><li><strong>Priority: </strong>General</li><li><strong>Note: </strong>Regional Gifted Centers provide an accelerated instructional program that places an emphasis on thinking, reasoning, problem-solving, and creativity. Students in Gifted programs typically receive instruction that is one to two grades above grade level. </li></ul>"
609799,BELL,Alexander Graham Bell Elementary School,ES,https://www.cps.edu/schools/profiles/school-overview/BELL,http://bell.cps.edu,41.94953,-87.686018,BELL-Regional Gifted Center (5-8),<ul><li>GPA: 3.00</li></ul>,"<ul><li><strong>Priority: </strong>General</li><li><strong>Note: </strong>Regional Gifted Centers provide an accelerated instructional program that places an emphasis on thinking, reasoning, problem-solving, and creativity. Students in Gifted programs typically receive instruction that is one to two grades above grade level. </li></ul>"
609799,BELL,Alexander Graham Bell Elementary School,ES,https://www.cps.edu/schools/profiles/school-overview/BELL,http://bell.cps.edu,41.94953,-87.686018,BELL-Regional Gifted Center (K),<ul><li>GPA: N/A</li></ul>,"<ul><li><strong>Priority: </strong>Rank,Tier</li><li><strong>Note: </strong>Regional Gifted Centers provide an accelerated instructional program that places an emphasis on thinking, reasoning, problem-solving, and creativity. Students in Gifted programs typically receive instruction that is one to two grades above grade level. </li></ul>"
609796,BEAUBIEN,Jean Baptiste Beaubien Elementary School,ES,https://www.cps.edu/schools/profiles/school-overview/BEAUBIEN,http://www.beaubienelementary.org,41.972394,-87.757565,BEAUBIEN-Open Enrollment,<ul><li>GPA: N/A</li></ul>,"<ul><li><strong>Selection Type: </strong>Applicants are selected by random computerized lottery. If the program has priority groups, students in those groups are selected in the order listed.</li><li><strong>Priority: </strong>Sibling Preference,Staff Priority,Pre-K Preference,General</li><li><strong>Note: </strong>Open enrollment programs offer a well-rounded general education curriculum, focusing on core subjects like math, science, reading, and social studies. These programs serve a broad range of students without admissions screening or specialized academic focus. </li></ul>"
609796,BEAUBIEN,Jean Baptiste Beaubien Elementary School,ES,https://www.cps.edu/schools/profiles/school-overview/BEAUBIEN,http://www.beaubienelementary.org,41.972394,-87.757565,BEAUBIEN-Regional Gifted Center (1-4),<ul><li>GPA: N/A</li></ul>,"<ul><li><strong>Priority: </strong>Rank,Tier</li><li><strong>Note: </strong>Regional Gifted Centers provide an accelerated instructional program that places an emphasis on thinking, reasoning, problem-solving, and creativity. Students in Gifted programs typically receive instruction that is one to two grades above grade level. </li></ul>"
609796,BEAUBIEN,Jean Baptiste Beaubien Elementary School,ES,https://www.cps.edu/schools/profiles/school-overview/BEAUBIEN,http://www.beaubienelementary.org,41.972394,-87.757565,BEAUBIEN-Regional Gifted Center (5-8),<ul><li>GPA: 3.00</li></ul>,"<ul><li><strong>Priority: </strong>General</li><li><strong>Note: </strong>Regional Gifted Centers provide an accelerated instructional program that places an emphasis on thinking, reasoning, problem-solving, and creativity. Students in Gifted programs typically receive instruction that is one to two grades above grade level. </li></ul>"
609794,EDISON,Thomas A Edison Regional Gifted Center ES,ES,https://www.cps.edu/schools/profiles/school-overview/EDISON,https://edisongifted.com,41.971506,-87.709304,EDISON-Regional Gifted Center (1-4),<ul><li>GPA: N/A</li></ul>,"<ul><li><strong>Priority: </strong>General</li><li><strong>Note: </strong>Regional Gifted Centers provide an accelerated instructional program that places an emphasis on thinking, reasoning, problem-solving, and creativity. Students in Gifted programs typically receive instruction that is one to two grades above grade level. </li></ul>"
609794,EDISON,Thomas A Edison Regional Gifted Center ES,ES,https://www.cps.edu/schools/profiles/school-overview/EDISON,https://edisongifted.com,41.971506,-87.709304,EDISON-Regional Gifted Center (5-8),<ul><li>GPA: 3.00</li></ul>,"<ul><li><strong>Priority: </strong>General</li><li><strong>Note: </strong>Regional Gifted Centers provide an accelerated instructional program that places an emphasis on thinking, reasoning, problem-solving, and creativity. Students in Gifted programs typically receive instruction that is one to two grades above grade level. </li></ul>"
609794,EDISON,Thomas A Edison Regional Gifted Center ES,ES,https://www.cps.edu/schools/profiles/school-overview/EDISON,https://edisongifted.com,41.971506,-87.709304,EDISON-Regional Gifted Center (K),<ul><li>GPA: N/A</li></ul>,"<ul><li><strong>Priority: </strong>Rank,Tier</li><li><strong>Note: </strong>Regional Gifted Centers provide an accelerated instructional program that places an emphasis on thinking, reasoning, problem-solving, and creativity. Students in Gifted programs typically receive instruction that is one to two grades above grade level. </li></ul>"
609749,NORTHSIDE PREP HS,Northside College Preparatory High School,HS,https://www.cps.edu/schools/profiles/school-overview/NORTHSIDE-PREP-HS,https://northsideprep.org,41.981315,-87.708708,NORTHSIDE PREP HS-Significantly Modified Curriculum w/Intensive Supports,<ul><li>GPA: N/A</li></ul>,"<ul><li><strong>Selection Type: </strong>Applicants are selected by random computerized lottery. If the program has priority groups, students in those groups are selected in the order listed.</li><li><strong>Priority: </strong>Proximity Preference,General</li></ul>"
609749,NORTHSIDE PREP HS,Northside College Preparatory High School,HS,https://www.cps.edu/schools/profiles/school-overview/NORTHSIDE-PREP-HS,https://northsideprep.org,41.981315,-87.708708,NORTHSIDE PREP HS-Selective Enrollment High School,<ul><li>Application Requirements: High School Admissions Test (HSAT) Scores Required.</li><li>GPA: N/A</li></ul>,"<ul><li><strong>Selection Type: </strong>All students applying to this program must take the CPS High School Admission Test (HSAT). Students are selected in descending total points out of 900. Point totals are made up of 450 points from the HSAT and 450 points from the final 7th grade grades.</li><li><strong>Priority: </strong>Rank,Tier</li><li><strong>Note: </strong>Selective Enrollment High Schools provide academically advanced high school students with a challenging and enriched college preparatory experience. Each of the Selective Enrollment High Schools offers a rigorous curriculum with mainly honors and Advanced Placement (AP) courses. All students applying to this program must take the CPS HSAT. Students are selected in descending total points out of 900-450 points from the HSAT and 450 points from the final 7th grade grades. </li></ul>"
609751,KING HS,Dr. Martin Luther King Jr. College Prep HS,HS,https://www.cps.edu/schools/profiles/school-overview/KING-HS,https://kcp.cps.edu,41.813675,-87.603874,KING HS-Pre-Engineering,<ul><li>Application Requirements: High School Admissions Test (HSAT) Scores Required.</li><li>GPA: N/A</li></ul>,<ul><li><strong>Priority: </strong>General</li></ul>
609751,KING HS,Dr. Martin Luther King Jr. College Prep HS,HS,https://www.cps.edu/schools/profiles/school-overview/KING-HS,https://kcp.cps.edu,41.813675,-87.603874,KING HS-Digital Media,<ul><li>Application Requirements: High School Admissions Test (HSAT) Scores Required.</li><li>GPA: N/A</li></ul>,"<ul><li><strong>Selection Type: </strong>Students are selected by lottery within groups with preferences for students who have combined HSAT scores above the 58/48th percentile and who live within the attendance area of the school.</li><li><strong>Priority: </strong>Proximity Preference,General</li></ul>"
609751,KING HS,Dr. Martin Luther King Jr. College Prep HS,HS,https://www.cps.edu/schools/profiles/school-overview/KING-HS,https://kcp.cps.edu,41.813675,-87.603874,KING HS-Significantly Modified Curriculum w/ Intensive Supports,<ul><li>GPA: N/A</li></ul>,"<ul><li><strong>Selection Type: </strong>Applicants are selected by random computerized lottery. If the program has priority groups, students in those groups are selected in the order listed.</li><li><strong>Priority: </strong>Proximity Preference,General</li></ul>"
609751,KING HS,Dr. Martin Luther King Jr. College Prep HS,HS,https://www.cps.edu/schools/profiles/school-overview/KING-HS,https://kcp.cps.edu,41.813675,-87.603874,KING HS-Significantly Modified Curriculum w/ Moderate Supports,<ul><li>GPA: N/A</li></ul>,"<ul><li><strong>Selection Type: </strong>Applicants are selected by random computerized lottery. If the program has priority groups, students in those groups are selected in the order listed.</li><li><strong>Priority: </strong>Proximity Preference,General</li></ul>"
609751,KING HS,Dr. Martin Luther King Jr. College Prep HS,HS,https://www.cps.edu/schools/profiles/school-overview/KING-HS,https://kcp.cps.edu,41.813675,-87.603874,KING HS-Selective Enrollment High School,<ul><li>Application Requirements: High School Admissions Test (HSAT) Scores Required.</li><li>GPA: N/A</li></ul>,"<ul><li><strong>Selection Type: </strong>All students applying to this program must take the CPS High School Admission Test (HSAT). Students are selected in descending total points out of 900. Point totals are made up of 450 points from the HSAT and 450 points from the final 7th grade grades.</li><li><strong>Priority: </strong>Rank,Tier</li><li><strong>Note: </strong>Selective Enrollment High Schools provide academically advanced high school students with a challenging and enriched college preparatory experience. Each of the Selective Enrollment High Schools offers a rigorous curriculum with mainly honors and Advanced Placement (AP) courses. All students applying to this program must take the CPS HSAT. Students are selected in descending total points out of 900-450 points from the HSAT and 450 points from the final 7th grade grades. </li></ul>"
609720,LANE TECH HS,Albert G Lane Technical High School,HS,https://www.cps.edu/schools/profiles/school-overview/LANE-TECH-HS,https://lanetech.org,41.946645,-87.691013,LANE TECH HS-Academic Center,<ul><li>GPA: 2.50</li></ul>,"<ul><li><strong>Selection Type: </strong>All selective enrollment programs use a points-based selection process. For this program, an applicant's final grades from the previous school year and composite score on the Regional Gifted exam are converted to points using a rubric. Students are selected in descending total point order, with top scorers chosen first. For entry-level (7th grade) selections only, a student's socioeconomic tier will be considered in the selection process (see the Preferences & Priorities section below for more details).</li><li><strong>Priority: </strong>Rank,Tier</li><li><strong>Note: </strong>Academic Centers, housed in high schools, offer high-achieving students the opportunity to take advanced classes. Students attending Academic Centers can continue at their current school when they enter 9th grade without needing to reapply. </li></ul>"
609720,LANE TECH HS,Albert G Lane Technical High School,HS,https://www.cps.edu/schools/profiles/school-overview/LANE-TECH-HS,https://lanetech.org,41.946645,-87.691013,LANE TECH HS-Significantly Modified Curriculum w/ Intensive Supports,<ul><li>GPA: N/A</li></ul>,"<ul><li><strong>Selection Type: </strong>Applicants are selected by random computerized lottery. If the program has priority groups, students in those groups are selected in the order listed.</li><li><strong>Priority: </strong>Proximity Preference,General</li></ul>"
609720,LANE TECH HS,Albert G Lane Technical High School,HS,https://www.cps.edu/schools/profiles/school-overview/LANE-TECH-HS,https://lanetech.org,41.946645,-87.691013,LANE TECH HS-Significantly Modified Curriculum w/ Moderate Supports,<ul><li>GPA: N/A</li></ul>,"<ul><li><strong>Selection Type: </strong>Applicants are selected by random computerized lottery. If the program has priority groups, students in those groups are selected in the order listed.</li><li><strong>Priority: </strong>Proximity Preference,General</li></ul>"
609720,LANE TECH HS,Albert G Lane Technical High School,HS,https://www.cps.edu/schools/profiles/school-overview/LANE-TECH-HS,https://lanetech.org,41.946645,-87.691013,LANE TECH HS-Selective Enrollment High School,<ul><li>Application Requirements: High School Admissions Test (HSAT) Scores Required.</li><li>GPA: N/A</li></ul>,"<ul><li><strong>Selection Type: </strong>All students applying to this program must take the CPS High School Admission Test (HSAT). Students are selected in descending total points out of 900. Point totals are made up of 450 points from the HSAT and 450 points from the final 7th grade grades.</li><li><strong>Priority: </strong>Rank,Tier</li><li><strong>Note: </strong>Selective Enrollment High Schools provide academically advanced high school students with a challenging and enriched college preparatory experience. Each of the Selective Enrollment High Schools offers a rigorous curriculum with mainly honors and Advanced Placement (AP) courses. All students applying to this program must take the CPS HSAT. Students are selected in descending total points out of 900-450 points from the HSAT and 450 points from the final 7th grade grades. </li></ul>"
609694,HANCOCK HS,John Hancock College Preparatory High School,HS,https://www.cps.edu/schools/profiles/school-overview/HANCOCK-HS,http://www.hancockhs.org,41.791464,-87.72447,HANCOCK HS-Significantly Modified Curriculum w/ Moderate Supports,<ul><li>GPA: N/A</li></ul>,"<ul><li><strong>Selection Type: </strong>Applicants are selected by random computerized lottery. If the program has priority groups, students in those groups are selected in the order listed.</li><li><strong>Priority: </strong>Proximity Preference,General</li></ul>"
609694,HANCOCK HS,John Hancock College Preparatory High School,HS,https://www.cps.edu/schools/profiles/school-overview/HANCOCK-HS,http://www.hancockhs.org,41.791464,-87.72447,HANCOCK HS-Pre-Engineering,<ul><li>Application Requirements: High School Admissions Test (HSAT) Scores Required.</li><li>GPA: N/A</li></ul>,"<ul><li><strong>Priority: </strong>Overlay Preference,General</li></ul>"
609694,HANCOCK HS,John Hancock College Preparatory High School,HS,https://www.cps.edu/schools/profiles/school-overview/HANCOCK-HS,http://www.hancockhs.org,41.791464,-87.72447,HANCOCK HS-Pre-Law,<ul><li>Application Requirements: High School Admissions Test (HSAT) Scores Required.</li><li>GPA: N/A</li></ul>,"<ul><li><strong>Priority: </strong>Overlay Preference,General</li></ul>"
609694,HANCOCK HS,John Hancock College Preparatory High School,HS,https://www.cps.edu/schools/profiles/school-overview/HANCOCK-HS,http://www.hancockhs.org,41.791464,-87.72447,HANCOCK HS-Selective Enrollment High School,<ul><li>Application Requirements: High School Admissions Test (HSAT) Scores Required.</li><li>GPA: N/A</li></ul>,"<ul><li><strong>Selection Type: </strong>All students applying to this program must take the CPS High School Admission Test (HSAT). Students are selected in descending total points out of 900. Point totals are made up of 450 points from the HSAT and 450 points from the final 7th grade grades.</li><li><strong>Priority: </strong>Rank,Tier</li><li><strong>Note: </strong>Selective Enrollment High Schools provide academically advanced high school students with a challenging and enriched college preparatory experience. Each of the Selective Enrollment High Schools offers a rigorous curriculum with mainly honors and Advanced Placement (AP) courses. All students applying to this program must take the CPS HSAT. Students are selected in descending total points out of 900-450 points from the HSAT and 450 points from the final 7th grade grades. </li></ul>"
609693,WESTINGHOUSE HS,George Westinghouse College Prep,HS,https://www.cps.edu/schools/profiles/school-overview/WESTINGHOUSE-HS,https://newwestinghouse.org,41.889977,-87.707332,WESTINGHOUSE HS-Career Academy,<ul><li>Application Requirements: High School Admissions Test (HSAT) Scores Required.</li><li>GPA: 3.00</li></ul>,"<ul><li><strong>Selection Type: </strong>Applicants are selected by random computerized lottery. If the program has priority groups, students in those groups are selected in the order listed.</li><li><strong>Priority: </strong>Sibling Preference,Staff Priority,Proximity Preference,General</li><li><strong>Note: </strong>General Education and Students with 504 plans must have an HSAT minimum combo score of 58% to be considered for the lottery. Students with IEPs and English Language Learners must have an HSAT&nbsp;minimum combo score of 48% to be considered for the lottery. </li></ul>"
609693,WESTINGHOUSE HS,George Westinghouse College Prep,HS,https://www.cps.edu/schools/profiles/school-overview/WESTINGHOUSE-HS,https://newwestinghouse.org,41.889977,-87.707332,WESTINGHOUSE HS-Significantly Modified Curriculum w/ Intensive Supports,<ul><li>GPA: N/A</li></ul>,"<ul><li><strong>Selection Type: </strong>Applicants are selected by random computerized lottery. If the program has priority groups, students in those groups are selected in the order listed.</li><li><strong>Priority: </strong>Proximity Preference,General</li></ul>"
609693,WESTINGHOUSE HS,George Westinghouse College Prep,HS,https://www.cps.edu/schools/profiles/school-overview/WESTINGHOUSE-HS,https://newwestinghouse.org,41.889977,-87.707332,WESTINGHOUSE HS-Significantly Modified Curriculum w/ Moderate Supports,<ul><li>GPA: N/A</li></ul>,"<ul><li><strong>Selection Type: </strong>Applicants are selected by random computerized lottery. If the program has priority groups, students in those groups are selected in the order listed.</li><li><strong>Priority: </strong>Proximity Preference,General</li></ul>"
609693,WESTINGHOUSE HS,George Westinghouse College Prep,HS,https://www.cps.edu/schools/profiles/school-overview/WESTINGHOUSE-HS,https://newwestinghouse.org,41.889977,-87.707332,WESTINGHOUSE HS-Selective Enrollment High School,<ul><li>Application Requirements: High School Admissions Test (HSAT) Scores Required.</li><li>GPA: N/A</li></ul>,"<ul><li><strong>Selection Type: </strong>All students applying to this program must take the CPS High School Admission Test (HSAT). Students are selected in descending total points out of 900. Point totals are made up of 450 points from the HSAT and 450 points from the final 7th grade grades.</li><li><strong>Priority: </strong>Rank,Tier</li><li><strong>Note: </strong>Selective Enrollment High Schools provide academically advanced high school students with a challenging and enriched college preparatory experience. Each of the Selective Enrollment High Schools offers a rigorous curriculum with mainly honors and Advanced Placement (AP) courses. All students applying to this program must take the CPS HSAT. Students are selected in descending total points out of 900-450 points from the HSAT and 450 points from the final 7th grade grades. </li></ul>"
609755,YOUNG HS,Whitney M Young Magnet High School,HS,https://www.cps.edu/schools/profiles/school-overview/YOUNG-HS,https://wyoung.org,41.878603,-87.664233,YOUNG HS-Academic Center,<ul><li>GPA: 2.50</li></ul>,"<ul><li><strong>Selection Type: </strong>All selective enrollment programs use a points-based selection process. For this program, an applicant's final grades from the previous school year and composite score on the Regional Gifted exam are converted to points using a rubric. Students are selected in descending total point order, with top scorers chosen first. For entry-level (7th grade) selections only, a student's socioeconomic tier will be considered in the selection process (see the Preferences & Priorities section below for more details).</li><li><strong>Priority: </strong>Rank,Tier</li><li><strong>Note: </strong>Academic Centers, housed in high schools, offer high-achieving students the opportunity to take advanced classes. Students attending Academic Centers can continue at their current school when they enter 9th grade without needing to reapply. </li></ul>"
609755,YOUNG HS,Whitney M Young Magnet High School,HS,https://www.cps.edu/schools/profiles/school-overview/YOUNG-HS,https://wyoung.org,41.878603,-87.664233,YOUNG HS-Deaf/Hard of Hearing,<ul><li>GPA: N/A</li></ul>,"<ul><li><strong>Selection Type: </strong>Applicants are selected by random computerized lottery. If the program has priority groups, students in those groups are selected in the order listed.</li><li><strong>Priority: </strong>Proximity Preference,General</li></ul>"
609755,YOUNG HS,Whitney M Young Magnet High School,HS,https://www.cps.edu/schools/profiles/school-overview/YOUNG-HS,https://wyoung.org,41.878603,-87.664233,YOUNG HS-Significantly Modified Curriculum w/ Intensive Supports,<ul><li>GPA: N/A</li></ul>,"<ul><li><strong>Selection Type: </strong>Applicants are selected by random computerized lottery. If the program has priority groups, students in those groups are selected in the order listed.</li><li><strong>Priority: </strong>Proximity Preference,General</li></ul>"
609755,YOUNG HS,Whitney M Young Magnet High School,HS,https://www.cps.edu/schools/profiles/school-overview/YOUNG-HS,https://wyoung.org,41.878603,-87.664233,YOUNG HS-Significantly Modified Curriculum w/ Moderate Supports,<ul><li>GPA: N/A</li></ul>,"<ul><li><strong>Selection Type: </strong>Applicants are selected by random computerized lottery. If the program has priority groups, students in those groups are selected in the order listed.</li><li><strong>Priority: </strong>Proximity Preference,General</li></ul>"
609755,YOUNG HS,Whitney M Young Magnet High School,HS,https://www.cps.edu/schools/profiles/school-overview/YOUNG-HS,https://wyoung.org,41.878603,-87.664233,YOUNG HS-Selective Enrollment High School,<ul><li>Application Requirements: High School Admissions Test (HSAT) Scores Required.</li><li>GPA: N/A</li></ul>,"<ul><li><strong>Selection Type: </strong>All students applying to this program must take the CPS High School Admission Test (HSAT). Students are selected in descending total points out of 900. Point totals are made up of 450 points from the HSAT and 450 points from the final 7th grade grades.</li><li><strong>Priority: </strong>Rank,Tier</li><li><strong>Note: </strong>Selective Enrollment High Schools provide academically advanced high school students with a challenging and enriched college preparatory experience. Each of the Selective Enrollment High Schools offers a rigorous curriculum with mainly honors and Advanced Placement (AP) courses. All students applying to this program must take the CPS HSAT. Students are selected in descending total points out of 900-450 points from the HSAT and 450 points from the final 7th grade grades. </li></ul>"
609726,BROOKS HS,Gwendolyn Brooks College Preparatory Academy HS,HS,https://www.cps.edu/schools/profiles/school-overview/BROOKS-HS,https://www.brookscollegeprep.org,41.692763,-87.616353,BROOKS HS-Academic Center,<ul><li>GPA: 2.50</li></ul>,"<ul><li><strong>Selection Type: </strong>All selective enrollment programs use a points-based selection process. For this program, an applicant's final grades from the previous school year and composite score on the Regional Gifted exam are converted to points using a rubric. Students are selected in descending total point order, with top scorers chosen first. For entry-level (7th grade) selections only, a student's socioeconomic tier will be considered in the selection process (see the Preferences & Priorities section below for more details).</li><li><strong>Priority: </strong>Rank,Tier</li><li><strong>Note: </strong>Academic Centers, housed in high schools, offer high-achieving students the opportunity to take advanced classes. Students attending Academic Centers can continue at their current school when they enter 9th grade without needing to reapply. </li></ul>"
609726,BROOKS HS,Gwendolyn Brooks College Preparatory Academy HS,HS,https://www.cps.edu/schools/profiles/school-overview/BROOKS-HS,https://www.brookscollegeprep.org,41.692763,-87.616353,BROOKS HS-Significantly Modified Curriculum w/ Intensive Supports,<ul><li>GPA: N/A</li></ul>,"<ul><li><strong>Selection Type: </strong>Applicants are selected by random computerized lottery. If the program has priority groups, students in those groups are selected in the order listed.</li><li><strong>Priority: </strong>Proximity Preference,General</li></ul>"
609726,BROOKS HS,Gwendolyn Brooks College Preparatory Academy HS,HS,https://www.cps.edu/schools/profiles/school-overview/BROOKS-HS,https://www.brookscollegeprep.org,41.692763,-87.616353,BROOKS HS-Significantly Modified Curriculum w/ Moderate Supports,<ul><li>GPA: N/A</li></ul>,"<ul><li><strong>Selection Type: </strong>Applicants are selected by random computerized lottery. If the program has priority groups, students in those groups are selected in the order listed.</li><li><strong>Priority: </strong>Proximity Preference,General</li></ul>"
609726,BROOKS HS,Gwendolyn Brooks College Preparatory Academy HS,HS,https://www.cps.edu/schools/profiles/school-overview/BROOKS-HS,https://www.brookscollegeprep.org,41.692763,-87.616353,BROOKS HS-Selective Enrollment High School,<ul><li>Application Requirements: High School Admissions Test (HSAT) Scores Required.</li><li>GPA: N/A</li></ul>,"<ul><li><strong>Selection Type: </strong>All students applying to this program must take the CPS High School Admission Test (HSAT). Students are selected in descending total points out of 900. Point totals are made up of 450 points from the HSAT and 450 points from the final 7th grade grades.</li><li><strong>Priority: </strong>Rank,Tier</li><li><strong>Note: </strong>Selective Enrollment High Schools provide academically advanced high school students with a challenging and enriched college preparatory experience. Each of the Selective Enrollment High Schools offers a rigorous curriculum with mainly honors and Advanced Placement (AP) courses. All students applying to this program must take the CPS HSAT. Students are selected in descending total points out of 900-450 points from the HSAT and 450 points from the final 7th grade grades. </li></ul>"
609680,PAYTON HS,Walter Payton College Preparatory High School,HS,https://www.cps.edu/schools/profiles/school-overview/PAYTON-HS,https://wpcp.org,41.901575,-87.635385,PAYTON HS-Significantly Modified Curriculum w/ Moderate Supports,<ul><li>GPA: N/A</li></ul>,"<ul><li><strong>Selection Type: </strong>Applicants are selected by random computerized lottery. If the program has priority groups, students in those groups are selected in the order listed.</li><li><strong>Priority: </strong>Proximity Preference,General</li></ul>"
609680,PAYTON HS,Walter Payton College Preparatory High School,HS,https://www.cps.edu/schools/profiles/school-overview/PAYTON-HS,https://wpcp.org,41.901575,-87.635385,PAYTON HS-Selective Enrollment High School,<ul><li>Application Requirements: High School Admissions Test (HSAT) Scores Required.</li><li>GPA: N/A</li></ul>,"<ul><li><strong>Selection Type: </strong>All students applying to this program must take the CPS High School Admission Test (HSAT). Students are selected in descending total points out of 900. Point totals are made up of 450 points from the HSAT and 450 points from the final 7th grade grades.</li><li><strong>Priority: </strong>Rank,Tier</li><li><strong>Note: </strong>Selective Enrollment High Schools provide academically advanced high school students with a challenging and enriched college preparatory experience. Each of the Selective Enrollment High Schools offers a rigorous curriculum with mainly honors and Advanced Placement (AP) courses. All students applying to this program must take the CPS HSAT. Students are selected in descending total points out of 900-450 points from the HSAT and 450 points from the final 7th grade grades. </li></ul>"
609680,PAYTON HS,Walter Payton College Preparatory High School,HS,https://www.cps.edu/schools/profiles/school-overview/PAYTON-HS,https://wpcp.org,41.901575,-87.635385,PAYTON HS-Visual Impairment,<ul><li>GPA: N/A</li></ul>,"<ul><li><strong>Selection Type: </strong>Applicants are selected by random computerized lottery. If the program has priority groups, students in those groups are selected in the order listed.</li><li><strong>Priority: </strong>Proximity Preference,General</li></ul>"
609678,JONES HS,William Jones College Preparatory High School,HS,https://www.cps.edu/schools/profiles/school-overview/JONES-HS,https://www.jonescollegeprep.org,41.873066,-87.627675,JONES HS-Significantly Modified Curriculum w/ Intensive Supports,<ul><li>GPA: N/A</li></ul>,"<ul><li><strong>Selection Type: </strong>Applicants are selected by random computerized lottery. If the program has priority groups, students in those groups are selected in the order listed.</li><li><strong>Priority: </strong>Proximity Preference,General</li></ul>"
609678,JONES HS,William Jones College Preparatory High School,HS,https://www.cps.edu/schools/profiles/school-overview/JONES-HS,https://www.jonescollegeprep.org,41.873066,-87.627675,JONES HS-Significantly Modified Curriculum w/ Moderate Supports,<ul><li>GPA: N/A</li></ul>,"<ul><li><strong>Selection Type: </strong>Applicants are selected by random computerized lottery. If the program has priority groups, students in those groups are selected in the order listed.</li><li><strong>Priority: </strong>Proximity Preference,General</li></ul>"
609678,JONES HS,William Jones College Preparatory High School,HS,https://www.cps.edu/schools/profiles/school-overview/JONES-HS,https://www.jonescollegeprep.org,41.873066,-87.627675,JONES HS-Pre-Engineering,<ul><li>Application Requirements: High School Admissions Test (HSAT) Scores Required.</li><li>GPA: N/A</li></ul>,"<ul><li><strong>Priority: </strong>Overlay Preference,General</li></ul>"
609678,JONES HS,William Jones College Preparatory High School,HS,https://www.cps.edu/schools/profiles/school-overview/JONES-HS,https://www.jonescollegeprep.org,41.873066,-87.627675,JONES HS-Pre-Law,<ul><li>Application Requirements: High School Admissions Test (HSAT) Scores Required.</li><li>GPA: N/A</li></ul>,"<ul><li><strong>Priority: </strong>Overlay Preference,General</li></ul>"
609678,JONES HS,William Jones College Preparatory High School,HS,https://www.cps.edu/schools/profiles/school-overview/JONES-HS,https://www.jonescollegeprep.org,41.873066,-87.627675,JONES HS-Selective Enrollment High School,<ul><li>Application Requirements: High School Admissions Test (HSAT) Scores Required.</li><li>GPA: N/A</li></ul>,"<ul><li><strong>Selection Type: </strong>All students applying to this program must take the CPS High School Admission Test (HSAT). Students are selected in descending total points out of 900. Point totals are made up of 450 points from the HSAT and 450 points from the final 7th grade grades.</li><li><strong>Priority: </strong>Rank,Tier</li><li><strong>Note: </strong>Selective Enrollment High Schools provide academically advanced high school students with a challenging and enriched college preparatory experience. Each of the Selective Enrollment High Schools offers a rigorous curriculum with mainly honors and Advanced Placement (AP) courses. All students applying to this program must take the CPS HSAT. Students are selected in descending total points out of 900-450 points from the HSAT and 450 points from the final 7th grade grades. </li></ul>"
610391,LINDBLOM HS,Robert Lindblom Math & Science Academy HS,HS,https://www.cps.edu/schools/profiles/school-overview/LINDBLOM-HS,https://lindblomeagles.org,41.782041,-87.671662,LINDBLOM HS-Academic Center,<ul><li>GPA: 2.50</li></ul>,"<ul><li><strong>Selection Type: </strong>All selective enrollment programs use a points-based selection process. For this program, an applicant's final grades from the previous school year and composite score on the Regional Gifted exam are converted to points using a rubric. Students are selected in descending total point order, with top scorers chosen first. For entry-level (7th grade) selections only, a student's socioeconomic tier will be considered in the selection process (see the Preferences & Priorities section below for more details).</li><li><strong>Priority: </strong>Rank,Tier</li><li><strong>Note: </strong>Academic Centers, housed in high schools, offer high-achieving students the opportunity to take advanced classes. Students attending Academic Centers can continue at their current school when they enter 9th grade without needing to reapply. </li></ul>"
610391,LINDBLOM HS,Robert Lindblom Math & Science Academy HS,HS,https://www.cps.edu/schools/profiles/school-overview/LINDBLOM-HS,https://lindblomeagles.org,41.782041,-87.671662,LINDBLOM HS-Significantly Modified Curriculum w/ Intensive Supports,<ul><li>GPA: N/A</li></ul>,"<ul><li><strong>Selection Type: </strong>Applicants are selected by random computerized lottery. If the program has priority groups, students in those groups are selected in the order listed.</li><li><strong>Priority: </strong>Proximity Preference,General</li></ul>"
610391,LINDBLOM HS,Robert Lindblom Math & Science Academy HS,HS,https://www.cps.edu/schools/profiles/school-overview/LINDBLOM-HS,https://lindblomeagles.org,41.782041,-87.671662,LINDBLOM HS-Significantly Modified Curriculum w/ Moderate Supports,<ul><li>GPA: N/A</li></ul>,"<ul><li><strong>Selection Type: </strong>Applicants are selected by random computerized lottery. If the program has priority groups, students in those groups are selected in the order listed.</li><li><strong>Priority: </strong>Proximity Preference,General</li></ul>"
610391,LINDBLOM HS,Robert Lindblom Math & Science Academy HS,HS,https://www.cps.edu/schools/profiles/school-overview/LINDBLOM-HS,https://lindblomeagles.org,41.782041,-87.671662,LINDBLOM HS-Selective Enrollment High School,<ul><li>Application Requirements: High School Admissions Test (HSAT) Scores Required.</li><li>GPA: N/A</li></ul>,"<ul><li><strong>Selection Type: </strong>All students applying to this program must take the CPS High School Admission Test (HSAT). Students are selected in descending total points out of 900. Point totals are made up of 450 points from the HSAT and 450 points from the final 7th grade grades.</li><li><strong>Priority: </strong>Rank,Tier</li><li><strong>Note: </strong>Selective Enrollment High Schools provide academically advanced high school students with a challenging and enriched college preparatory experience. Each of the Selective Enrollment High Schools offers a rigorous curriculum with mainly honors and Advanced Placement (AP) courses. All students applying to this program must take the CPS HSAT. Students are selected in descending total points out of 900-450 points from the HSAT and 450 points from the final 7th grade grades. </li></ul>"
610547,SOUTH SHORE INTL HS,South Shore Intl College Prep High School,HS,https://www.cps.edu/schools/profiles/school-overview/SOUTH-SHORE-INTL-HS,https://ssicp.org,41.758792,-87.576353,SOUTH SHORE INTL HS-Health Science,<ul><li>Application Requirements: High School Admissions Test (HSAT) Scores Required.</li><li>GPA: N/A</li></ul>,<ul><li><strong>Priority: </strong>General</li></ul>
610547,SOUTH SHORE INTL HS,South Shore Intl College Prep High School,HS,https://www.cps.edu/schools/profiles/school-overview/SOUTH-SHORE-INTL-HS,https://ssicp.org,41.758792,-87.576353,SOUTH SHORE INTL HS-Significantly Modified Curriculum w/ Moderate Supports,<ul><li>GPA: N/A</li></ul>,"<ul><li><strong>Selection Type: </strong>Applicants are selected by random computerized lottery. If the program has priority groups, students in those groups are selected in the order listed.</li><li><strong>Priority: </strong>Proximity Preference,General</li></ul>"
610547,SOUTH SHORE INTL HS,South Shore Intl College Prep High School,HS,https://www.cps.edu/schools/profiles/school-overview/SOUTH-SHORE-INTL-HS,https://ssicp.org,41.758792,-87.576353,SOUTH SHORE INTL HS-Selective Enrollment High School,<ul><li>Application Requirements: High School Admissions Test (HSAT) Scores Required.</li><li>GPA: N/A</li></ul>,"<ul><li><strong>Selection Type: </strong>All students applying to this program must take the CPS High School Admission Test (HSAT). Students are selected in descending total points out of 900. Point totals are made up of 450 points from the HSAT and 450 points from the final 7th grade grades.</li><li><strong>Priority: </strong>Rank,Tier</li><li><strong>Note: </strong>Selective Enrollment High Schools provide academically advanced high school students with a challenging and enriched college preparatory experience. Each of the Selective Enrollment High Schools offers a rigorous curriculum with mainly honors and Advanced Placement (AP) courses. All students applying to this program must take the CPS HSAT. Students are selected in descending total points out of 900-450 points from the HSAT and 450 points from the final 7th grade grades. </li></ul>"
610530,SOUTH SHORE ES,South Shore Fine Arts Academy,ES,https://www.cps.edu/schools/profiles/school-overview/SOUTH-SHORE-ES,https://southshorefinearts.org,41.767755,-87.590396,SOUTH SHORE ES-Fine & Performing Arts,<ul><li>GPA: N/A</li></ul>,"<ul><li><strong>Selection Type: </strong>Applicants are selected by random computerized lottery. If the program has priority groups, students in those groups are selected in the order listed.</li><li><strong>Priority: </strong>Sibling Preference,Staff Priority,Pre-K Preference,General</li><li><strong>Note: </strong>This program provides a comprehensive general education curriculum across all core academic subjects, with a focus on Fine & Performing Arts as an enriching complement to the standard coursework. Arts teachers in Fine & Performing Arts schools work with students and other classroom teachers to provide intensive and integrated instruction in the arts. Students are exposed to various arts opportunities and environments, and have the opportunity to learn and grow in multiple art forms: dance, drama, media arts, music, and/or visual arts. </li></ul>"
610355,COURTENAY,Mary E Courtenay Elementary Language Arts Center,ES,https://www.cps.edu/schools/profiles/school-overview/COURTENAY,http://courtenay.cps.edu,41.962308,-87.663853,COURTENAY-Open Enrollment,<ul><li>GPA: N/A</li></ul>,"<ul><li><strong>Selection Type: </strong>Applicants are selected by random computerized lottery. If the program has priority groups, students in those groups are selected in the order listed.</li><li><strong>Priority: </strong>Sibling Preference,Staff Priority,Pre-K Preference,General</li><li><strong>Note: </strong>Open enrollment programs offer a well-rounded general education curriculum, focusing on core subjects like math, science, reading, and social studies. These programs serve a broad range of students without admissions screening or specialized academic focus. </li></ul>"
610353,CALMECA,Calmeca Academy of Fine Arts and Dual Language,ES,https://www.cps.edu/schools/profiles/school-overview/CALMECA,https://www.calmecaacademy.com,41.824377,-87.711654,CALMECA-Open Enrollment,<ul><li>GPA: N/A</li></ul>,"<ul><li><strong>Selection Type: </strong>Applicants are selected by random computerized lottery. If the program has priority groups, students in those groups are selected in the order listed.</li><li><strong>Priority: </strong>Sibling Preference,Staff Priority,Pre-K Preference,General</li><li><strong>Note: </strong>Open enrollment programs offer a well-rounded general education curriculum, focusing on core subjects like math, science, reading, and social studies. These programs serve a broad range of students without admissions screening or specialized academic focus. </li></ul>"
610353,CALMECA,Calmeca Academy of Fine Arts and Dual Language,ES,https://www.cps.edu/schools/profiles/school-overview/CALMECA,https://www.calmecaacademy.com,41.824377,-87.711654,CALMECA-Dual Language,<ul><li>GPA: N/A</li></ul>,"<ul><li><strong>Selection Type: </strong>Applicants are selected by random computerized lottery. If the program has priority groups, students in those groups are selected in the order listed.</li><li><strong>Priority: </strong>Sibling Preference,Staff Priority,General,Pre-K Preference,General</li><li><strong>Note: </strong>One-way dual language programs provide instruction in two languages and are primarily intended to serve English Learners (ELs), former ELs, and heritage language learners. Students receive core instruction (language arts, math, science, social science) through a second language with the goal of all students becoming bilingual and biliterate in both languages. At this time, the instructional languages of all CPS dual language programs are Spanish and English. </li></ul>"
610354,NORTH RIVER,North River Elementary School,ES,https://www.cps.edu/schools/profiles/school-overview/NORTH-RIVER,https://northriveres.org,41.961721,-87.707151,NORTH RIVER-Open Enrollment,<ul><li>GPA: N/A</li></ul>,"<ul><li><strong>Selection Type: </strong>Applicants are selected by random computerized lottery. If the program has priority groups, students in those groups are selected in the order listed.</li><li><strong>Priority: </strong>Sibling Preference,Staff Priority,Pre-K Preference,General</li><li><strong>Note: </strong>Open enrollment programs offer a well-rounded general education curriculum, focusing on core subjects like math, science, reading, and social studies. These programs serve a broad range of students without admissions screening or specialized academic focus. </li></ul>"
610248,CHICAGO ACADEMY ES,Chicago Academy Elementary School,ES,https://www.cps.edu/schools/profiles/school-overview/CHICAGO-ACADEMY-ES,http://www.chicagoacademy.org,41.943056,-87.778187,CHICAGO ACADEMY ES-Open Enrollment,<ul><li>GPA: N/A</li></ul>,"<ul><li><strong>Selection Type: </strong>Applicants are selected by random computerized lottery. If the program has priority groups, students in those groups are selected in the order listed.</li><li><strong>Priority: </strong>Sibling Preference,Staff Priority,Pre-K Preference,General</li><li><strong>Note: </strong>Open enrollment programs offer a well-rounded general education curriculum, focusing on core subjects like math, science, reading, and social studies. These programs serve a broad range of students without admissions screening or specialized academic focus. </li></ul>"
610250,SALAZAR,Ruben Salazar Elementary Bilingual Center,ES,https://www.cps.edu/schools/profiles/school-overview/SALAZAR,https://salazar.cps.edu,41.901417,-87.633632,SALAZAR-Open Enrollment,<ul><li>GPA: N/A</li></ul>,"<ul><li><strong>Selection Type: </strong>Applicants are selected by random computerized lottery. If the program has priority groups, students in those groups are selected in the order listed.</li><li><strong>Priority: </strong>Sibling Preference,Staff Priority,Pre-K Preference,General</li><li><strong>Note: </strong>Open enrollment programs offer a well-rounded general education curriculum, focusing on core subjects like math, science, reading, and social studies. These programs serve a broad range of students without admissions screening or specialized academic focus. </li></ul>"
610250,SALAZAR,Ruben Salazar Elementary Bilingual Center,ES,https://www.cps.edu/schools/profiles/school-overview/SALAZAR,https://salazar.cps.edu,41.901417,-87.633632,SALAZAR-Dual Language,<ul><li>GPA: N/A</li></ul>,"<ul><li><strong>Selection Type: </strong>Applicants are selected by random computerized lottery. If the program has priority groups, students in those groups are selected in the order listed.</li><li><strong>Priority: </strong>Sibling Preference,Staff Priority,General,Pre-K Preference,General</li><li><strong>Note: </strong>One-way dual language programs provide instruction in two languages and are primarily intended to serve English Learners (ELs), former ELs, and heritage language learners. Students receive core instruction (language arts, math, science, social science) through a second language with the goal of all students becoming bilingual and biliterate in both languages. At this time, the instructional languages of all CPS dual language programs are Spanish and English. </li></ul>"
610287,ASHBURN,Ashburn Community Elementary School,ES,https://www.cps.edu/schools/profiles/school-overview/ASHBURN,https://ashburnschool.com,41.742351,-87.70961,ASHBURN-Personalized Learning,<ul><li>GPA: N/A</li></ul>,"<ul><li><strong>Selection Type: </strong>Applicants are selected by random computerized lottery. If the program has priority groups, students in those groups are selected in the order listed.</li><li><strong>Priority: </strong>Sibling Preference,Staff Priority,Pre-K Preference,General</li><li><strong>Note: </strong>Personalized learning is a learner-driven instructional model that fosters 21st century skills by empowering every student to actively co-design their learning path, pace, and environment according to their individual needs, strengths, and interests. Simply put, at the core of personalized learning is learner agency. </li></ul>"
610110,WELLS ES,Ida B Wells Preparatory Elementary Academy,ES,https://www.cps.edu/schools/profiles/school-overview/WELLS-ES,http://wellsprepelementary.com,41.827355,-87.61978,WELLS ES-Open Enrollment,<ul><li>GPA: N/A</li></ul>,"<ul><li><strong>Selection Type: </strong>Applicants are selected by random computerized lottery. If the program has priority groups, students in those groups are selected in the order listed.</li><li><strong>Priority: </strong>Sibling Preference,Staff Priority,Pre-K Preference,General</li><li><strong>Note: </strong>Open enrollment programs offer a well-rounded general education curriculum, focusing on core subjects like math, science, reading, and social studies. These programs serve a broad range of students without admissions screening or specialized academic focus. </li></ul>"
610110,WELLS ES,Ida B Wells Preparatory Elementary Academy,ES,https://www.cps.edu/schools/profiles/school-overview/WELLS-ES,http://wellsprepelementary.com,41.827355,-87.61978,WELLS ES-IB Middle Years Programme,<ul><li>GPA: N/A</li></ul>,"<ul><li><strong>Selection Type: </strong>Applicants are selected by random computerized lottery. If the program has priority groups, students in those groups are selected in the order listed.</li><li><strong>Priority: </strong>Sibling Preference,General</li><li><strong>Note: </strong>International Baccalaureate (IB) programmes are designed to develop well-rounded individuals who can respond to today's challenges with optimism and an open mind. The Middle Years Programme (MYP) is a rigorous and highly flexible framework that encourages students to make practical connections between their studies and the real world, preparing them for success in further study and in life. </li></ul>"
610056,MASON,Roswell B Mason Elementary School,ES,https://www.cps.edu/schools/profiles/school-overview/MASON,https://www.masonelementary.org,41.856864,-87.731672,MASON-Open Enrollment,<ul><li>GPA: N/A</li></ul>,"<ul><li><strong>Selection Type: </strong>Applicants are selected by random computerized lottery. If the program has priority groups, students in those groups are selected in the order listed.</li><li><strong>Priority: </strong>Sibling Preference,Staff Priority,Pre-K Preference,General</li><li><strong>Note: </strong>Open enrollment programs offer a well-rounded general education curriculum, focusing on core subjects like math, science, reading, and social studies. These programs serve a broad range of students without admissions screening or specialized academic focus. </li></ul>"
609977,WOODLAWN,Woodlawn Community Elementary School,ES,https://www.cps.edu/schools/profiles/school-overview/WOODLAWN,https://woodlawn.cps.edu,41.773366,-87.594392,WOODLAWN-Open Enrollment,<ul><li>GPA: N/A</li></ul>,"<ul><li><strong>Selection Type: </strong>Applicants are selected by random computerized lottery. If the program has priority groups, students in those groups are selected in the order listed.</li><li><strong>Priority: </strong>Sibling Preference,Staff Priority,Pre-K Preference,General</li><li><strong>Note: </strong>Open enrollment programs offer a well-rounded general education curriculum, focusing on core subjects like math, science, reading, and social studies. These programs serve a broad range of students without admissions screening or specialized academic focus. </li></ul>"
609922,BELMONT-CRAGIN,Belmont-Cragin Elementary School,ES,https://www.cps.edu/schools/profiles/school-overview/BELMONT-CRAGIN,https://belmontcragin.cps.edu,41.92095,-87.757343,BELMONT-CRAGIN-Fine & Performing Arts,<ul><li>GPA: N/A</li></ul>,"<ul><li><strong>Selection Type: </strong>Applicants are selected by random computerized lottery. If the program has priority groups, students in those groups are selected in the order listed.</li><li><strong>Priority: </strong>Sibling Preference,Staff Priority,Pre-K Preference,General</li><li><strong>Note: </strong>This program provides a comprehensive general education curriculum across all core academic subjects, with a focus on Fine & Performing Arts as an enriching complement to the standard coursework. Arts teachers in Fine & Performing Arts schools work with students and other classroom teachers to provide intensive and integrated instruction in the arts. Students are exposed to various arts opportunities and environments, and have the opportunity to learn and grow in multiple art forms: dance, drama, media arts, music, and/or visual arts. </li></ul>"
609922,BELMONT-CRAGIN,Belmont-Cragin Elementary School,ES,https://www.cps.edu/schools/profiles/school-overview/BELMONT-CRAGIN,https://belmontcragin.cps.edu,41.92095,-87.757343,BELMONT-CRAGIN-Dual Language,<ul><li>GPA: N/A</li></ul>,"<ul><li><strong>Selection Type: </strong>Applicants are selected by random computerized lottery. If the program has priority groups, students in those groups are selected in the order listed.</li><li><strong>Priority: </strong>Sibling Preference,Staff Priority,General,Pre-K Preference,General</li><li><strong>Note: </strong>One-way dual language programs provide instruction in two languages and are primarily intended to serve English Learners (ELs), former ELs, and heritage language learners. Students receive core instruction (language arts, math, science, social science) through a second language with the goal of all students becoming bilingual and biliterate in both languages. At this time, the instructional languages of all CPS dual language programs are Spanish and English. </li></ul>"
609951,ARIEL,Ariel Elementary Community Academy,ES,https://www.cps.edu/schools/profiles/school-overview/ARIEL,https://arielcommunityacademy.cps.edu,41.811173,-87.597503,ARIEL-Open Enrollment,<ul><li>GPA: N/A</li></ul>,"<ul><li><strong>Selection Type: </strong>Applicants are selected by random computerized lottery. If the program has priority groups, students in those groups are selected in the order listed.</li><li><strong>Priority: </strong>Sibling Preference,Staff Priority,Pre-K Preference,General</li><li><strong>Note: </strong>Open enrollment programs offer a well-rounded general education curriculum, focusing on core subjects like math, science, reading, and social studies. These programs serve a broad range of students without admissions screening or specialized academic focus. </li></ul>"
610323,BOWEN HS,Bowen High School,HS,https://www.cps.edu/schools/profiles/school-overview/BOWEN-HS,https://bowen.cps.edu,41.734627,-87.55755,BOWEN HS-General Education,<ul><li>GPA: N/A</li></ul>,"<ul><li><strong>Selection Type: </strong>Applicants are selected by random computerized lottery. If the program has priority groups, students in those groups are selected in the order listed.</li><li><strong>Priority: </strong>Sibling Preference,Staff Priority,General</li></ul>"
610323,BOWEN HS,Bowen High School,HS,https://www.cps.edu/schools/profiles/school-overview/BOWEN-HS,https://bowen.cps.edu,41.734627,-87.55755,BOWEN HS-Significantly Modified Curriculum w/ Moderate Supports,<ul><li>GPA: N/A</li></ul>,"<ul><li><strong>Selection Type: </strong>Applicants are selected by random computerized lottery. If the program has priority groups, students in those groups are selected in the order listed.</li><li><strong>Priority: </strong>Proximity Preference,General</li></ul>"
610323,BOWEN HS,Bowen High School,HS,https://www.cps.edu/schools/profiles/school-overview/BOWEN-HS,https://bowen.cps.edu,41.734627,-87.55755,BOWEN HS-Machine Technology,<ul><li>Application Requirements: High School Admissions Test (HSAT) Scores Required.</li><li>GPA: N/A</li></ul>,"<ul><li><strong>Selection Type: </strong>Students are selected by lottery within groups with preferences for students who have combined HSAT scores above the 58/48th percentile and who live within the attendance area of the school.</li><li><strong>Priority: </strong>Proximity Preference,General</li></ul>"
610323,BOWEN HS,Bowen High School,HS,https://www.cps.edu/schools/profiles/school-overview/BOWEN-HS,https://bowen.cps.edu,41.734627,-87.55755,BOWEN HS-Pre-Engineering,<ul><li>Application Requirements: High School Admissions Test (HSAT) Scores Required.</li><li>GPA: N/A</li></ul>,<ul><li><strong>Priority: </strong>General</li></ul>
610334,RABY HS,Al Raby High School,HS,https://www.cps.edu/schools/profiles/school-overview/RABY-HS,https://www.alraby.org,41.88621,-87.715423,RABY HS-Broadcast,<ul><li>Application Requirements: High School Admissions Test (HSAT) Scores Required.</li><li>GPA: N/A</li></ul>,"<ul><li><strong>Selection Type: </strong>Students are selected by lottery within groups with preferences for students who have combined HSAT scores above the 58/48th percentile and who live within the attendance area of the school.</li><li><strong>Priority: </strong>Proximity Preference,General</li></ul>"
610334,RABY HS,Al Raby High School,HS,https://www.cps.edu/schools/profiles/school-overview/RABY-HS,https://www.alraby.org,41.88621,-87.715423,RABY HS-Culinary & Hospitality Management,<ul><li>Application Requirements: High School Admissions Test (HSAT) Scores Required.</li><li>GPA: N/A</li></ul>,"<ul><li><strong>Selection Type: </strong>Students are selected by lottery within groups with preferences for students who have combined HSAT scores above the 58/48th percentile and who live within the attendance area of the school.</li><li><strong>Priority: </strong>Proximity Preference,General</li></ul>"
610334,RABY HS,Al Raby High School,HS,https://www.cps.edu/schools/profiles/school-overview/RABY-HS,https://www.alraby.org,41.88621,-87.715423,RABY HS-Significantly Modified Curriculum w/ Moderate Supports,<ul><li>GPA: N/A</li></ul>,"<ul><li><strong>Selection Type: </strong>Applicants are selected by random computerized lottery. If the program has priority groups, students in those groups are selected in the order listed.</li><li><strong>Priority: </strong>Proximity Preference,General</li></ul>"
610340,CHICAGO ACADEMY HS,Chicago Academy High School,HS,https://www.cps.edu/schools/profiles/school-overview/CHICAGO-ACADEMY-HS,https://chicagoacademyhs.org,41.943054,-87.776847,CHICAGO ACADEMY HS-General Education,<ul><li>GPA: N/A</li></ul>,"<ul><li><strong>Selection Type: </strong>Applicants are selected by random computerized lottery. If the program has priority groups, students in those groups are selected in the order listed.</li><li><strong>Priority: </strong>Sibling Preference,Staff Priority,Proximity Preference,General</li></ul>"
610340,CHICAGO ACADEMY HS,Chicago Academy High School,HS,https://www.cps.edu/schools/profiles/school-overview/CHICAGO-ACADEMY-HS,https://chicagoacademyhs.org,41.943054,-87.776847,CHICAGO ACADEMY HS-Scholars,<ul><li>Application Requirements: High School Admissions Test (HSAT) Scores Required.</li><li>GPA: 3.00</li></ul>,"<ul><li><strong>Selection Type: </strong>Applicants are selected by random computerized lottery. If the program has priority groups, students in those groups are selected in the order listed.</li><li><strong>Priority: </strong>Sibling Preference,Elementary Preference,Proximity Preference,General</li><li><strong>Note: </strong>General Education and Students with 504 plans must have an HSAT minimum combo score of 120% to be considered for the lottery. Students with IEPs and English Language Learners must have an HSAT&nbsp;minimum combo score of 110% to be considered for the lottery.&nbsp; Elementary Preference School(s): CHICAGO ACADEMY ES</li></ul>"
610392,WORLD LANGUAGE HS,World Language Academy High School,HS,https://www.cps.edu/schools/profiles/school-overview/WORLD-LANGUAGE-HS,https://wl.lvlhs.org,41.834397,-87.735292,WORLD LANGUAGE HS-Health Science,<ul><li>Application Requirements: High School Admissions Test (HSAT) Scores Required.</li><li>GPA: N/A</li></ul>,<ul><li><strong>Priority: </strong>General</li></ul>
610392,WORLD LANGUAGE HS,World Language Academy High School,HS,https://www.cps.edu/schools/profiles/school-overview/WORLD-LANGUAGE-HS,https://wl.lvlhs.org,41.834397,-87.735292,WORLD LANGUAGE HS-General Education,<ul><li>GPA: N/A</li></ul>,"<ul><li><strong>Selection Type: </strong>Applicants are selected by random computerized lottery. If the program has priority groups, students in those groups are selected in the order listed.</li><li><strong>Priority: </strong>Sibling Preference,Staff Priority,Attendance Area,General</li><li><strong>Note: </strong>All students living <strong>outside </strong>the attendance area for this program must submit an application. Applicants are selected by random computerized lottery.

All students living <strong>inside </strong>the attendance area for this program will receive a Guaranteed Offer to the Little Village Lawndale Campus <em>(comprised of&nbsp;Infinity HS, Multicultural HS,&nbsp;Social Justice HS, and&nbsp;World Language HS) </em>and do not need to apply to General Education @ World Language HS within their Choice application.&nbsp; </li></ul>"
610380,WILLIAMS HS,Daniel Hale Williams Prep School of Medicine,HS,https://www.cps.edu/schools/profiles/school-overview/WILLIAMS-HS,https://dhwprepmed.org,41.806118,-87.62503,WILLIAMS HS-General Education,<ul><li>Application Requirements: High School Admissions Test (HSAT) Scores Required.</li><li>GPA: N/A</li></ul>,"<ul><li><strong>Selection Type: </strong>Applicants are selected by random computerized lottery. If the program has priority groups, students in those groups are selected in the order listed.</li><li><strong>Priority: </strong>Sibling Preference,Staff Priority,Proximity Preference,General</li><li><strong>Note: </strong>General Education and Students with 504 plans must have an HSAT minimum combo score of 58% to be considered for the lottery. Students with IEPs and English Language Learners must have an HSAT&nbsp;minimum combo score of 48% to be considered for the lottery. </li></ul>"
610380,WILLIAMS HS,Daniel Hale Williams Prep School of Medicine,HS,https://www.cps.edu/schools/profiles/school-overview/WILLIAMS-HS,https://dhwprepmed.org,41.806118,-87.62503,WILLIAMS HS-Health Science,<ul><li>Application Requirements: High School Admissions Test (HSAT) Scores Required.</li><li>GPA: N/A</li></ul>,<ul><li><strong>Priority: </strong>General</li></ul>
610384,INFINITY HS,Infinity Math Science and Technology High School,HS,https://www.cps.edu/schools/profiles/school-overview/INFINITY-HS,https://www.infinityhs.org,41.836169,-87.735278,INFINITY HS-STEM,<ul><li>Application Requirements: High School Admissions Test (HSAT) Scores Required.</li><li>GPA: 2.00</li></ul>,"<ul><li><strong>Selection Type: </strong>Students are selected by lottery within groups with preferences for students who have combined HSAT scores above the 58/48th percentile and who live within the attendance area of the school.</li><li><strong>Priority: </strong>Sibling Preference,Staff Priority,Attendance Area,General</li><li><strong>Note: </strong>General Education and Students with 504 plans must have an HSAT minimum combo score of 120% to be considered for the lottery. Students with IEPs and English Language Learners must have an HSAT&nbsp;minimum combo score of 110% to be considered for the lottery.&nbsp; </li></ul>"
610385,MULTICULTURAL ARTS HS,Multicultural Arts High School,HS,https://www.cps.edu/schools/profiles/school-overview/MULTICULTURAL-ARTS-HS,https://multiculturalartshs.org/,41.835282,-87.735283,MULTICULTURAL ARTS HS-Fine & Performing Arts,<ul><li>GPA: N/A</li></ul>,"<ul><li><strong>Selection Type: </strong>Applicants are selected by random computerized lottery. If the program has priority groups, students in those groups are selected in the order listed.</li><li><strong>Priority: </strong>Sibling Preference,Staff Priority,Attendance Area,General</li></ul>"
610385,MULTICULTURAL ARTS HS,Multicultural Arts High School,HS,https://www.cps.edu/schools/profiles/school-overview/MULTICULTURAL-ARTS-HS,https://multiculturalartshs.org/,41.835282,-87.735283,MULTICULTURAL ARTS HS-Health Science,<ul><li>Application Requirements: High School Admissions Test (HSAT) Scores Required.</li><li>GPA: N/A</li></ul>,<ul><li><strong>Priority: </strong>General</li></ul>
610383,SOCIAL JUSTICE HS,Greater Lawndale High School For Social Justice,HS,https://www.cps.edu/schools/profiles/school-overview/SOCIAL-JUSTICE-HS,https://socialjusticehighschool.org/,41.833507,-87.735299,SOCIAL JUSTICE HS-General Education,<ul><li>GPA: N/A</li></ul>,"<ul><li><strong>Selection Type: </strong>Applicants are selected by random computerized lottery. If the program has priority groups, students in those groups are selected in the order listed.</li><li><strong>Priority: </strong>Sibling Preference,Staff Priority,Attendance Area,General</li></ul>"
610383,SOCIAL JUSTICE HS,Greater Lawndale High School For Social Justice,HS,https://www.cps.edu/schools/profiles/school-overview/SOCIAL-JUSTICE-HS,https://socialjusticehighschool.org/,41.833507,-87.735299,SOCIAL JUSTICE HS-Health Science,<ul><li>Application Requirements: High School Admissions Test (HSAT) Scores Required.</li><li>GPA: N/A</li></ul>,<ul><li><strong>Priority: </strong>General</li></ul>
610381,BRONZEVILLE HS,Bronzeville Scholastic Academy High School,HS,https://www.cps.edu/schools/profiles/school-overview/BRONZEVILLE-HS,https://bronzevillescholastic.org,41.805204,-87.625004,BRONZEVILLE HS-General Education,<ul><li>GPA: N/A</li></ul>,"<ul><li><strong>Selection Type: </strong>Applicants are selected by random computerized lottery. If the program has priority groups, students in those groups are selected in the order listed.</li><li><strong>Priority: </strong>General</li></ul>"
610381,BRONZEVILLE HS,Bronzeville Scholastic Academy High School,HS,https://www.cps.edu/schools/profiles/school-overview/BRONZEVILLE-HS,https://bronzevillescholastic.org,41.805204,-87.625004,BRONZEVILLE HS-International Baccalaureate (IB),<ul><li>Application Requirements: High School Admissions Test (HSAT) Scores Required.</li><li>GPA: N/A</li></ul>,"<ul><li><strong>Priority: </strong>General</li><li><strong>Note: </strong>International Baccalaureate (IB) is an inquiry-based, concept-driven framework that aims to develop self-directed thinkers and reflective problem solvers. Students enrolled in the IB Program may receive college credit for their high school courses. All students applying to this program must take the CPS HSAT. </li></ul>"
610381,BRONZEVILLE HS,Bronzeville Scholastic Academy High School,HS,https://www.cps.edu/schools/profiles/school-overview/BRONZEVILLE-HS,https://bronzevillescholastic.org,41.805204,-87.625004,BRONZEVILLE HS-Significantly Modified Curriculum w/ Moderate Supports,<ul><li>GPA: N/A</li></ul>,"<ul><li><strong>Selection Type: </strong>Applicants are selected by random computerized lottery. If the program has priority groups, students in those groups are selected in the order listed.</li><li><strong>Priority: </strong>Proximity Preference,General</li></ul>"
610524,ALCOTT HS,Louisa May Alcott College Preparatory HS,HS,https://www.cps.edu/schools/profiles/school-overview/ALCOTT-HS,https://www.alcottcollegeprep.org/,41.935795,-87.680562,ALCOTT HS-General Education,<ul><li>GPA: N/A</li></ul>,"<ul><li><strong>Selection Type: </strong>Applicants are selected by random computerized lottery. If the program has priority groups, students in those groups are selected in the order listed.</li><li><strong>Priority: </strong>Sibling Preference,Staff Priority,Overlay Preference,General</li></ul>"
610524,ALCOTT HS,Louisa May Alcott College Preparatory HS,HS,https://www.cps.edu/schools/profiles/school-overview/ALCOTT-HS,https://www.alcottcollegeprep.org/,41.935795,-87.680562,ALCOTT HS-Pre-Engineering,<ul><li>Application Requirements: High School Admissions Test (HSAT) Scores Required.</li><li>GPA: N/A</li></ul>,<ul><li><strong>Priority: </strong>General</li></ul>
610394,UPLIFT HS,Uplift Community High School,HS,https://www.cps.edu/schools/profiles/school-overview/UPLIFT-HS,https://uplifths.cps.edu,41.965547,-87.652473,UPLIFT HS-Teaching Academy,<ul><li>Application Requirements: High School Admissions Test (HSAT) Scores Required.</li><li>GPA: N/A</li></ul>,"<ul><li><strong>Selection Type: </strong>Students are selected by lottery within groups with preferences for students who have combined HSAT scores above the 58/48th percentile and who live within the attendance area of the school.</li><li><strong>Priority: </strong>Proximity Preference,General</li></ul>"
610394,UPLIFT HS,Uplift Community High School,HS,https://www.cps.edu/schools/profiles/school-overview/UPLIFT-HS,https://uplifths.cps.edu,41.965547,-87.652473,UPLIFT HS-Early College STEAM,<ul><li>GPA: N/A</li></ul>,"<ul><li><strong>Selection Type: </strong>Applicants are selected by random computerized lottery. If the program has priority groups, students in those groups are selected in the order listed.</li><li><strong>Priority: </strong>Sibling Preference,Staff Priority,Elementary Preference,General</li><li><strong>Note: </strong>Elementary Preference School(s): BRENNEMANN, COURTENAY, DISNEY, GOUDY, GREELEY, MCCUTCHEON, RAVENSWOOD</li></ul>"
610394,UPLIFT HS,Uplift Community High School,HS,https://www.cps.edu/schools/profiles/school-overview/UPLIFT-HS,https://uplifths.cps.edu,41.965547,-87.652473,UPLIFT HS-Significantly Modified Curriculum w/ Intensive Supports,<ul><li>GPA: N/A</li></ul>,"<ul><li><strong>Selection Type: </strong>Applicants are selected by random computerized lottery. If the program has priority groups, students in those groups are selected in the order listed.</li><li><strong>Priority: </strong>Proximity Preference,General</li></ul>"
610394,UPLIFT HS,Uplift Community High School,HS,https://www.cps.edu/schools/profiles/school-overview/UPLIFT-HS,https://uplifths.cps.edu,41.965547,-87.652473,UPLIFT HS-Significantly Modified Curriculum w/ Moderate Supports,<ul><li>GPA: N/A</li></ul>,"<ul><li><strong>Selection Type: </strong>Applicants are selected by random computerized lottery. If the program has priority groups, students in those groups are selected in the order listed.</li><li><strong>Priority: </strong>Proximity Preference,General</li></ul>"
610499,COLLINS STEAM HS,Collins Academy STEAM High School,HS,https://www.cps.edu/schools/profiles/school-overview/COLLINS-STEAM-HS,https://collinsacademy.org,41.864149,-87.702042,COLLINS STEAM HS-Fine & Performing Arts,<ul><li>GPA: N/A</li></ul>,"<ul><li><strong>Selection Type: </strong>Applicants are selected by random computerized lottery. If the program has priority groups, students in those groups are selected in the order listed.</li><li><strong>Priority: </strong>Proximity Preference,General</li></ul>"
610499,COLLINS STEAM HS,Collins Academy STEAM High School,HS,https://www.cps.edu/schools/profiles/school-overview/COLLINS-STEAM-HS,https://collinsacademy.org,41.864149,-87.702042,COLLINS STEAM HS-General Education,<ul><li>GPA: N/A</li></ul>,"<ul><li><strong>Selection Type: </strong>Applicants are selected by random computerized lottery. If the program has priority groups, students in those groups are selected in the order listed.</li><li><strong>Priority: </strong>Sibling Preference,Staff Priority,General</li></ul>"
610499,COLLINS STEAM HS,Collins Academy STEAM High School,HS,https://www.cps.edu/schools/profiles/school-overview/COLLINS-STEAM-HS,https://collinsacademy.org,41.864149,-87.702042,COLLINS STEAM HS-Computer Networking,<ul><li>Application Requirements: High School Admissions Test (HSAT) Scores Required.</li><li>GPA: N/A</li></ul>,"<ul><li><strong>Selection Type: </strong>Students are selected by lottery within groups with preferences for students who have combined HSAT scores above the 58/48th percentile and who live within the attendance area of the school.</li><li><strong>Priority: </strong>Proximity Preference,General</li></ul>"
610499,COLLINS STEAM HS,Collins Academy STEAM High School,HS,https://www.cps.edu/schools/profiles/school-overview/COLLINS-STEAM-HS,https://collinsacademy.org,41.864149,-87.702042,COLLINS STEAM HS-Scholars,<ul><li>Application Requirements: High School Admissions Test (HSAT) Scores Required.</li><li>GPA: 3.00</li></ul>,"<ul><li><strong>Selection Type: </strong>Applicants are selected by random computerized lottery. If the program has priority groups, students in those groups are selected in the order listed.</li><li><strong>Priority: </strong>Sibling Preference,General</li><li><strong>Note: </strong>General Education and Students with 504 plans must have an HSAT minimum combo score of 120% to be considered for the lottery. Students with IEPs and English Language Learners must have an HSAT&nbsp;minimum combo score of 110% to be considered for the lottery.&nbsp; </li></ul>"
610499,COLLINS STEAM HS,Collins Academy STEAM High School,HS,https://www.cps.edu/schools/profiles/school-overview/COLLINS-STEAM-HS,https://collinsacademy.org,41.864149,-87.702042,COLLINS STEAM HS-STEAM,<ul><li>GPA: N/A</li></ul>,"<ul><li><strong>Selection Type: </strong>Applicants are selected by random computerized lottery. If the program has priority groups, students in those groups are selected in the order listed.</li><li><strong>Priority: </strong>Sibling Preference,Staff Priority,General</li></ul>"
610518,AUSTIN CCA HS,Austin College and Career Academy High School,HS,https://www.cps.edu/schools/profiles/school-overview/AUSTIN-CCA-HS,https://accachicago.cps.edu,41.885993,-87.761916,AUSTIN CCA HS-General Education,<ul><li>GPA: N/A</li></ul>,"<ul><li><strong>Selection Type: </strong>Applicants are selected by random computerized lottery. If the program has priority groups, students in those groups are selected in the order listed.</li><li><strong>Priority: </strong>Sibling Preference,Staff Priority,General</li></ul>"
609744,NORTHSIDE LEARNING HS,Northside Learning Center High School,HS,https://www.cps.edu/schools/profiles/school-overview/NORTHSIDE-LEARNING-HS,https://www.northsidelearningcenter.org,41.982973,-87.722386,NORTHSIDE LEARNING HS-Significantly Modified Curriculum w/ Moderate Supports,<ul><li>GPA: N/A</li></ul>,"<ul><li><strong>Selection Type: </strong>Applicants are selected by random computerized lottery. If the program has priority groups, students in those groups are selected in the order listed.</li><li><strong>Priority: </strong>Proximity Preference,General</li><li><strong>Note: </strong>Students who require this program are selected through OSD School Assignment Placement. Selections for this program require an IEP team determination for a placement in this specialty high school. Applications that do not meet this criteria will be withdrawn. </li></ul>"
609766,VAUGHN HS,Jacqueline B Vaughn Occupational High School,HS,https://www.cps.edu/schools/profiles/school-overview/VAUGHN-HS,https://vaughnhs.org,41.960364,-87.764663,VAUGHN HS-Significantly Modified Curriculum w/ Moderate Supports,<ul><li>GPA: N/A</li></ul>,"<ul><li><strong>Selection Type: </strong>Applicants are selected by random computerized lottery. If the program has priority groups, students in those groups are selected in the order listed.</li><li><strong>Priority: </strong>Proximity Preference,General</li><li><strong>Note: </strong>Students who require this program are selected through OSD School Assignment Placement. Selections for this program require an IEP team determination for a placement in this specialty high school. Applications that do not meet this criteria will be withdrawn. </li></ul>"
