School_ID,Short_Name,Long_Name,Primary_Category,CPS_School_Profile,Website,School_Latitude,School_Longitude,Program_Type,Application_Requirements,Program_Selections
609674,CHICAGO VOCATIONAL HS,Chicago Vocational Career Academy High School,HS,https://www.cps.edu/schools/profiles/school-overview/CHICAGO-VOCATIONAL-HS,https://chicagovocational.org,41.737174,-87.573268,CHICAGO VOCATIONAL HS-Career & Technical Education (CTE)-Agriculture & Horticulture,None,"<ul><li><strong>Selection Type: </strong>Random Computerized Lottery</li>                                                        <li><strong>GPA: </strong>N/A</li><li><strong>HS Admissions Exam Minimum for ELA/Math: </strong></li>                                                        <ul><li>General Education and 504 Plan Students:  / </li><li>IEP and EL Students:  / </li></ul>                                                        <li><strong>Priority: </strong>Attendance Area,General</li></ul>"
609674,CHICAGO VOCATIONAL HS,Chicago Vocational Career Academy High School,HS,https://www.cps.edu/schools/profiles/school-overview/CHICAGO-VOCATIONAL-HS,https://chicagovocational.org,41.737174,-87.573268,CHICAGO VOCATIONAL HS-Career & Technical Education (CTE)-Construction & Architecture- Carpentry,None,"<ul><li><strong>Selection Type: </strong>Random Computerized Lottery</li>                                                        <li><strong>GPA: </strong>N/A</li><li><strong>HS Admissions Exam Minimum for ELA/Math: </strong></li>                                                        <ul><li>General Education and 504 Plan Students:  / </li><li>IEP and EL Students:  / </li></ul>                                                        <li><strong>Priority: </strong>Attendance Area,General</li></ul>"
609674,CHICAGO VOCATIONAL HS,Chicago Vocational Career Academy High School,HS,https://www.cps.edu/schools/profiles/school-overview/CHICAGO-VOCATIONAL-HS,https://chicagovocational.org,41.737174,-87.573268,CHICAGO VOCATIONAL HS-Career & Technical Education (CTE) - Personal Care Services - Cosmetology,None,"<ul><li><strong>Selection Type: </strong>Random Computerized Lottery</li>                                                        <li><strong>GPA: </strong>N/A</li><li><strong>HS Admissions Exam Minimum for ELA/Math: </strong></li>                                                        <ul><li>General Education and 504 Plan Students:  / </li><li>IEP and EL Students:  / </li></ul>                                                        <li><strong>Priority: </strong>Attendance Area,General</li></ul>"
609674,CHICAGO VOCATIONAL HS,Chicago Vocational Career Academy High School,HS,https://www.cps.edu/schools/profiles/school-overview/CHICAGO-VOCATIONAL-HS,https://chicagovocational.org,41.737174,-87.573268,CHICAGO VOCATIONAL HS-Career & Technical Education (CTE)-Culinary & Hospitality Management,None,"<ul><li><strong>Selection Type: </strong>Random Computerized Lottery</li>                                                        <li><strong>GPA: </strong>N/A</li><li><strong>HS Admissions Exam Minimum for ELA/Math: </strong></li>                                                        <ul><li>General Education and 504 Plan Students:  / </li><li>IEP and EL Students:  / </li></ul>                                                        <li><strong>Priority: </strong>Attendance Area,General</li></ul>"
609674,CHICAGO VOCATIONAL HS,Chicago Vocational Career Academy High School,HS,https://www.cps.edu/schools/profiles/school-overview/CHICAGO-VOCATIONAL-HS,https://chicagovocational.org,41.737174,-87.573268,CHICAGO VOCATIONAL HS-Special Education-Deaf/Hard of Hearing,Cluster and Review,"<ul><li><strong>Selection Type: </strong>Random Computerized Lottery</li>                                                        <li><strong>GPA: </strong>N/A</li><li><strong>HS Admissions Exam Minimum for ELA/Math: </strong></li>                                                        <ul><li>General Education and 504 Plan Students:  / </li><li>IEP and EL Students:  / </li></ul>                                                        <li><strong>Priority: </strong>Proximity,General</li></ul>"
609674,CHICAGO VOCATIONAL HS,Chicago Vocational Career Academy High School,HS,https://www.cps.edu/schools/profiles/school-overview/CHICAGO-VOCATIONAL-HS,https://chicagovocational.org,41.737174,-87.573268,CHICAGO VOCATIONAL HS-Career & Technical Education (CTE)-Transportation-Diesel Technology,None,"<ul><li><strong>Selection Type: </strong>Random Computerized Lottery</li>                                                        <li><strong>GPA: </strong>N/A</li><li><strong>HS Admissions Exam Minimum for ELA/Math: </strong></li>                                                        <ul><li>General Education and 504 Plan Students:  / </li><li>IEP and EL Students:  / </li></ul>                                                        <li><strong>Priority: </strong>Attendance Area,General</li></ul>"
609674,CHICAGO VOCATIONAL HS,Chicago Vocational Career Academy High School,HS,https://www.cps.edu/schools/profiles/school-overview/CHICAGO-VOCATIONAL-HS,https://chicagovocational.org,41.737174,-87.573268,CHICAGO VOCATIONAL HS-General Education,None,"<ul><li><strong>Selection Type: </strong>Random Computerized Lottery</li>                                                        <li><strong>GPA: </strong>N/A</li><li><strong>HS Admissions Exam Minimum for ELA/Math: </strong></li>                                                        <ul><li>General Education and 504 Plan Students:  / </li><li>IEP and EL Students:  / </li></ul>                                                        <li><strong>Priority: </strong>Sibling Preference,Staff Preference,Attendance Area,General</li><li><strong>Note: </strong>Staff Preference applies at the entry level grade only. A maximum of 2 seats can be filled through Staff Preference.</li></ul>"
609674,CHICAGO VOCATIONAL HS,Chicago Vocational Career Academy High School,HS,https://www.cps.edu/schools/profiles/school-overview/CHICAGO-VOCATIONAL-HS,https://chicagovocational.org,41.737174,-87.573268,CHICAGO VOCATIONAL HS-Career & Technical Education (CTE)-Health Science,None,<ul><li><strong>Selection Type: </strong>Descending Point Score based on Academic Criteria</li>                                                        <li><strong>GPA: </strong>N/A</li><li><strong>HS Admissions Exam Minimum for ELA/Math: </strong></li>                                                        <ul><li>General Education and 504 Plan Students:  / </li><li>IEP and EL Students:  / </li></ul>                                                        <li><strong>Priority: </strong>General</li></ul>
609674,CHICAGO VOCATIONAL HS,Chicago Vocational Career Academy High School,HS,https://www.cps.edu/schools/profiles/school-overview/CHICAGO-VOCATIONAL-HS,https://chicagovocational.org,41.737174,-87.573268,CHICAGO VOCATIONAL HS-Special Education-Significantly Modified Curriculum w/ Intensive Supports,Cluster and Review,"<ul><li><strong>Selection Type: </strong>Random Computerized Lottery</li>                                                        <li><strong>GPA: </strong>N/A</li><li><strong>HS Admissions Exam Minimum for ELA/Math: </strong></li>                                                        <ul><li>General Education and 504 Plan Students:  / </li><li>IEP and EL Students:  / </li></ul>                                                        <li><strong>Priority: </strong>Proximity,General</li></ul>"
609674,CHICAGO VOCATIONAL HS,Chicago Vocational Career Academy High School,HS,https://www.cps.edu/schools/profiles/school-overview/CHICAGO-VOCATIONAL-HS,https://chicagovocational.org,41.737174,-87.573268,CHICAGO VOCATIONAL HS-Special Education-Significantly Modified Curriculum w/ Moderate Supports,Cluster and Review,"<ul><li><strong>Selection Type: </strong>Random Computerized Lottery</li>                                                        <li><strong>GPA: </strong>N/A</li><li><strong>HS Admissions Exam Minimum for ELA/Math: </strong></li>                                                        <ul><li>General Education and 504 Plan Students:  / </li><li>IEP and EL Students:  / </li></ul>                                                        <li><strong>Priority: </strong>Proximity,General</li></ul>"
609674,CHICAGO VOCATIONAL HS,Chicago Vocational Career Academy High School,HS,https://www.cps.edu/schools/profiles/school-overview/CHICAGO-VOCATIONAL-HS,https://chicagovocational.org,41.737174,-87.573268,CHICAGO VOCATIONAL HS-Career & Technical Education (CTE)-Early College STEM,None,"<ul><li><strong>Selection Type: </strong>Random Computerized Lottery</li>                                                        <li><strong>GPA: </strong>N/A</li><li><strong>HS Admissions Exam Minimum for ELA/Math: </strong></li>                                                        <ul><li>General Education and 504 Plan Students:  / </li><li>IEP and EL Students:  / </li></ul>                                                        <li><strong>Priority: </strong>Attendance Area,General</li></ul>"
609676,DUNBAR HS,Paul Laurence Dunbar Career Academy High School,HS,https://www.cps.edu/schools/profiles/school-overview/DUNBAR-HS,https://dvca-cps.org,41.840226,-87.617637,DUNBAR HS-Special Education-Significantly Modified Curriculum w/ Moderate Supports,Cluster and Review,"<ul><li><strong>Selection Type: </strong>Random Computerized Lottery</li>                                                        <li><strong>GPA: </strong>N/A</li><li><strong>HS Admissions Exam Minimum for ELA/Math: </strong></li>                                                        <ul><li>General Education and 504 Plan Students:  / </li><li>IEP and EL Students:  / </li></ul>                                                        <li><strong>Priority: </strong>Proximity,General</li></ul>"
609679,PROSSER HS,Charles Allen Prosser Career Academy High School,HS,https://www.cps.edu/schools/profiles/school-overview/PROSSER-HS,https://prosseracademy.org,41.920059,-87.761048,PROSSER HS-Career & Technical Education (CTE)-Career Academy,None,"<ul><li><strong>Selection Type: </strong>Random Computerized Lottery</li>                                                        <li><strong>GPA: </strong>2.5</li><li><strong>HS Admissions Exam Minimum for ELA/Math: </strong></li>                                                        <ul><li>General Education and 504 Plan Students:  / </li><li>IEP and EL Students:  / </li></ul>                                                        <li><strong>Priority: </strong>Sibling Preference,Staff Preference,Proximity,General</li><li><strong>Note: </strong>Staff Preference applies at the entry level grade only. A maximum of 2 seats can be filled through Staff Preference.</li></ul>"
609679,PROSSER HS,Charles Allen Prosser Career Academy High School,HS,https://www.cps.edu/schools/profiles/school-overview/PROSSER-HS,https://prosseracademy.org,41.920059,-87.761048,PROSSER HS-Special Education-Deaf/Hard of Hearing,Cluster and Review,"<ul><li><strong>Selection Type: </strong>Random Computerized Lottery</li>                                                        <li><strong>GPA: </strong>N/A</li><li><strong>HS Admissions Exam Minimum for ELA/Math: </strong></li>                                                        <ul><li>General Education and 504 Plan Students:  / </li><li>IEP and EL Students:  / </li></ul>                                                        <li><strong>Priority: </strong>Proximity,General</li></ul>"
609679,PROSSER HS,Charles Allen Prosser Career Academy High School,HS,https://www.cps.edu/schools/profiles/school-overview/PROSSER-HS,https://prosseracademy.org,41.920059,-87.761048,PROSSER HS-International Baccalaureate (IB),None,<ul><li><strong>Selection Type: </strong>Descending Point Score based on Academic Criteria</li>                                                        <li><strong>GPA: </strong>N/A</li><li><strong>HS Admissions Exam Minimum for ELA/Math: </strong></li>                                                        <ul><li>General Education and 504 Plan Students:  / </li><li>IEP and EL Students:  / </li></ul>                                                        <li><strong>Priority: </strong>General</li><li><strong>Note: </strong>50 bonus points for students who live within 2.5 miles of the school.</li></ul>
609679,PROSSER HS,Charles Allen Prosser Career Academy High School,HS,https://www.cps.edu/schools/profiles/school-overview/PROSSER-HS,https://prosseracademy.org,41.920059,-87.761048,PROSSER HS-Special Education-Significantly Modified Curriculum w/ Moderate Supports,Cluster and Review,"<ul><li><strong>Selection Type: </strong>Random Computerized Lottery</li>                                                        <li><strong>GPA: </strong>N/A</li><li><strong>HS Admissions Exam Minimum for ELA/Math: </strong></li>                                                        <ul><li>General Education and 504 Plan Students:  / </li><li>IEP and EL Students:  / </li></ul>                                                        <li><strong>Priority: </strong>Proximity,General</li></ul>"
609692,SIMEON HS,Neal F Simeon Career Academy High School,HS,https://www.cps.edu/schools/profiles/school-overview/SIMEON-HS,https://simeonca.org,41.745781,-87.63541,SIMEON HS-Career & Technical Education (CTE)-Career Academy,,<ul><li><strong>Selection Type: </strong>Random Computerized Lottery</li>                                                        <li><strong>GPA: </strong>2.0</li><li><strong>HS Admissions Exam Minimum for ELA/Math: </strong></li>                                                        <ul><li>General Education and 504 Plan Students:  / </li><li>IEP and EL Students:  / </li></ul>                                                        <li><strong>Priority: </strong>General</li></ul>
609692,SIMEON HS,Neal F Simeon Career Academy High School,HS,https://www.cps.edu/schools/profiles/school-overview/SIMEON-HS,https://simeonca.org,41.745781,-87.63541,SIMEON HS-Special Education-Significantly Modified Curriculum w/ Intensive Supports,Cluster and Review,"<ul><li><strong>Selection Type: </strong>Random Computerized Lottery</li>                                                        <li><strong>GPA: </strong>N/A</li><li><strong>HS Admissions Exam Minimum for ELA/Math: </strong></li>                                                        <ul><li>General Education and 504 Plan Students:  / </li><li>IEP and EL Students:  / </li></ul>                                                        <li><strong>Priority: </strong>Proximity,General</li></ul>"
609692,SIMEON HS,Neal F Simeon Career Academy High School,HS,https://www.cps.edu/schools/profiles/school-overview/SIMEON-HS,https://simeonca.org,41.745781,-87.63541,SIMEON HS-Special Education-Significantly Modified Curriculum w/ Moderate Supports,Cluster and Review,"<ul><li><strong>Selection Type: </strong>Random Computerized Lottery</li>                                                        <li><strong>GPA: </strong>N/A</li><li><strong>HS Admissions Exam Minimum for ELA/Math: </strong></li>                                                        <ul><li>General Education and 504 Plan Students:  / </li><li>IEP and EL Students:  / </li></ul>                                                        <li><strong>Priority: </strong>Proximity,General</li></ul>"
400029,CICS - WASHINGTON PARK,CICS - Washington Park,ES,https://www.cps.edu/schools/profiles/school-overview/CICS---WASHINGTON-PARK,https://regenerationschools.org/cics-washington-park,41.783617,-87.622068,CICS - WASHINGTON PARK - Current Students,,<ul><li><strong>Selection Type: </strong></li>                                                        <li><strong>GPA: </strong>N/A</li><li><strong>HS Admissions Exam Minimum for ELA/Math: </strong></li>                                                        <ul><li>General Education and 504 Plan Students:  / </li><li>IEP and EL Students:  / </li></ul>                                                        <li><strong>Priority: </strong></li></ul>
400030,CICS - WEST BELDEN,CICS - West Belden,ES,https://www.cps.edu/schools/profiles/school-overview/CICS---WEST-BELDEN,https://www.cicswestbelden.org,41.921687,-87.776749,CICS - WEST BELDEN - Current Students,,<ul><li><strong>Selection Type: </strong></li>                                                        <li><strong>GPA: </strong>N/A</li><li><strong>HS Admissions Exam Minimum for ELA/Math: </strong></li>                                                        <ul><li>General Education and 504 Plan Students:  / </li><li>IEP and EL Students:  / </li></ul>                                                        <li><strong>Priority: </strong></li></ul>
400025,CICS - BUCKTOWN,CICS - Bucktown,ES,https://www.cps.edu/schools/profiles/school-overview/CICS---BUCKTOWN,https://www.cicsbucktown.org,41.922415,-87.681358,CICS - BUCKTOWN - Current Students,,<ul><li><strong>Selection Type: </strong></li>                                                        <li><strong>GPA: </strong>N/A</li><li><strong>HS Admissions Exam Minimum for ELA/Math: </strong></li>                                                        <ul><li>General Education and 504 Plan Students:  / </li><li>IEP and EL Students:  / </li></ul>                                                        <li><strong>Priority: </strong></li></ul>
400026,CICS - LOOMIS,CICS - Loomis Primary,ES,https://www.cps.edu/schools/profiles/school-overview/CICS---LOOMIS,https://www.cicsloomislongwood.org,41.720246,-87.657561,CICS - LOOMIS - Current Students,,<ul><li><strong>Selection Type: </strong></li>                                                        <li><strong>GPA: </strong>N/A</li><li><strong>HS Admissions Exam Minimum for ELA/Math: </strong></li>                                                        <ul><li>General Education and 504 Plan Students:  / </li><li>IEP and EL Students:  / </li></ul>                                                        <li><strong>Priority: </strong></li></ul>
400028,CICS - PRAIRIE,CICS - Prairie,ES,https://www.cps.edu/schools/profiles/school-overview/CICS---PRAIRIE,https://www.cicsprairie.org,41.684433,-87.616888,CICS - PRAIRIE - Current Students,,<ul><li><strong>Selection Type: </strong></li>                                                        <li><strong>GPA: </strong>N/A</li><li><strong>HS Admissions Exam Minimum for ELA/Math: </strong></li>                                                        <ul><li>General Education and 504 Plan Students:  / </li><li>IEP and EL Students:  / </li></ul>                                                        <li><strong>Priority: </strong></li></ul>
400031,CICS - WRIGHTWOOD,CICS - Wrightwood,ES,https://www.cps.edu/schools/profiles/school-overview/CICS---WRIGHTWOOD,https://cicswrightwood.org,41.745365,-87.692614,CICS - WRIGHTWOOD - Current Students,,<ul><li><strong>Selection Type: </strong></li>                                                        <li><strong>GPA: </strong>N/A</li><li><strong>HS Admissions Exam Minimum for ELA/Math: </strong></li>                                                        <ul><li>General Education and 504 Plan Students:  / </li><li>IEP and EL Students:  / </li></ul>                                                        <li><strong>Priority: </strong></li></ul>
400027,CICS - IRVING PARK,CICS - Irving Park,ES,https://www.cps.edu/schools/profiles/school-overview/CICS---IRVING-PARK,https://www.cicsirvingpark.org,41.950891,-87.710492,CICS - IRVING PARK - Current Students,,<ul><li><strong>Selection Type: </strong></li>                                                        <li><strong>GPA: </strong>N/A</li><li><strong>HS Admissions Exam Minimum for ELA/Math: </strong></li>                                                        <ul><li>General Education and 504 Plan Students:  / </li><li>IEP and EL Students:  / </li></ul>                                                        <li><strong>Priority: </strong></li></ul>
400023,CICS - AVALON/SOUTH SHORE,CICS - Avalon/South Shore,ES,https://www.cps.edu/schools/profiles/school-overview/CICS---AVALON/SOUTH-SHORE,https://www.regenerationschools.org/cics-avalon,41.743179,-87.587928,CICS - AVALON/SOUTH SHORE - Current Students,,<ul><li><strong>Selection Type: </strong></li>                                                        <li><strong>GPA: </strong>N/A</li><li><strong>HS Admissions Exam Minimum for ELA/Math: </strong></li>                                                        <ul><li>General Education and 504 Plan Students:  / </li><li>IEP and EL Students:  / </li></ul>                                                        <li><strong>Priority: </strong></li></ul>
400024,CICS - BASIL,CICS - Basil,ES,https://www.cps.edu/schools/profiles/school-overview/CICS---BASIL,http://www.regenerationschools.org/cics-basil/,41.794043,-87.670243,CICS - BASIL - Current Students,,<ul><li><strong>Selection Type: </strong></li>                                                        <li><strong>GPA: </strong>N/A</li><li><strong>HS Admissions Exam Minimum for ELA/Math: </strong></li>                                                        <ul><li>General Education and 504 Plan Students:  / </li><li>IEP and EL Students:  / </li></ul>                                                        <li><strong>Priority: </strong></li></ul>
400092,CICS - BOND,CICS - Lloyd Bond,ES,https://www.cps.edu/schools/profiles/school-overview/CICS---BOND,https://cicslloydbond.org,41.653663,-87.605039,CICS - BOND - Current Students,,<ul><li><strong>Selection Type: </strong></li>                                                        <li><strong>GPA: </strong>N/A</li><li><strong>HS Admissions Exam Minimum for ELA/Math: </strong></li>                                                        <ul><li>General Education and 504 Plan Students:  / </li><li>IEP and EL Students:  / </li></ul>                                                        <li><strong>Priority: </strong></li></ul>
400121,ACERO - DE LA CRUZ,Acero Charter Schools - Sor Juana Inés de la Cruz,ES,https://www.cps.edu/schools/profiles/school-overview/ACERO---DE-LA-CRUZ,http://jc.aceroschools.org,42.016476,-87.684406,ACERO - DE LA CRUZ-Charter-Fine & Performing Arts,None,"<ul><li><strong>Selection Type: </strong>Random Computerized Lottery</li>                                                        <li><strong>GPA: </strong>N/A</li><li><strong>HS Admissions Exam Minimum for ELA/Math: </strong></li>                                                        <ul><li>General Education and 504 Plan Students:  / </li><li>IEP and EL Students:  / </li></ul>                                                        <li><strong>Priority: </strong>Sibling Preference,Continuing Enrollment,Elementary Preference,General</li><li><strong>Note: </strong>Elementary preferences: ACERO - BRIGHTON PARK, ACERO - CISNEROS, ACERO - CLEMENTE,  ACERO - DE LA CRUZ, ACERO - DE LAS CASAS,  ACERO - FUENTES, ACERO - IDAR, ACERO - MARQUEZ, ACERO - PAZ, ACERO - SANTIAGO, ACERO - TAMAYO,  ACERO - TORRES, ACERO - ZIZUMBO""</li></ul>"
400167,HORIZON - SOUTHWEST,Horizon Science Academy Southwest Chicago Charter,ES,https://www.cps.edu/schools/profiles/school-overview/HORIZON---SOUTHWEST,https://www.hsaswchicago.org,41.795201,-87.683963,HORIZON - SOUTHWEST-Charter-General Education,None,"<ul><li><strong>Selection Type: </strong>Random Computerized Lottery</li>                                                        <li><strong>GPA: </strong>N/A</li><li><strong>HS Admissions Exam Minimum for ELA/Math: </strong></li>                                                        <ul><li>General Education and 504 Plan Students:  / </li><li>IEP and EL Students:  / </li></ul>                                                        <li><strong>Priority: </strong>Continuing Enrollment,Sibling Preference,General</li></ul>"
400169,NOBLE - ITW SPEER HS,Noble - ITW David Speer Academy,HS,https://www.cps.edu/schools/profiles/school-overview/NOBLE---ITW-SPEER-HS,https://nobleschools.org/speer,41.92563,-87.769808,NOBLE-ITW SPEER HS-Charter-STEM,None,"<ul><li><strong>Selection Type: </strong>Random Computerized Lottery</li>                                                        <li><strong>GPA: </strong>N/A</li><li><strong>HS Admissions Exam Minimum for ELA/Math: </strong></li>                                                        <ul><li>General Education and 504 Plan Students:  / </li><li>IEP and EL Students:  / </li></ul>                                                        <li><strong>Priority: </strong>Sibling Preference,Overlay,General</li></ul>"
400170,NOBLE - ACADEMY HS,Noble - The Noble Academy,HS,https://www.cps.edu/schools/profiles/school-overview/NOBLE---ACADEMY-HS,https://nobleschools.org/nobleacademy,41.906879,-87.645577,NOBLE-ACADEMY HS-Charter-General Education,None,"<ul><li><strong>Selection Type: </strong>Random Computerized Lottery</li>                                                        <li><strong>GPA: </strong>N/A</li><li><strong>HS Admissions Exam Minimum for ELA/Math: </strong></li>                                                        <ul><li>General Education and 504 Plan Students:  / </li><li>IEP and EL Students:  / </li></ul>                                                        <li><strong>Priority: </strong>Sibling Preference,General</li></ul>"
400172,ASPIRA - BUSINESS & FINANCE HS,ASPIRA Business and Finance,HS,https://www.cps.edu/schools/profiles/school-overview/ASPIRA---BUSINESS-&-FINANCE-HS,https://abfhs.aspirail.org,41.935726,-87.718204,ASPIRA - BUSINESS & FINANCE HS - Charter - General Education,None,"<ul><li><strong>Selection Type: </strong>Random Computerized Lottery</li>                                                        <li><strong>GPA: </strong>N/A</li><li><strong>HS Admissions Exam Minimum for ELA/Math: </strong></li>                                                        <ul><li>General Education and 504 Plan Students:  / </li><li>IEP and EL Students:  / </li></ul>                                                        <li><strong>Priority: </strong>Sibling Preference,Elementary Preference,General</li><li><strong>Note: </strong>Elementary preference:  Aspira Haugan Middle</li></ul>"
400156,NOBLE - BUTLER HS,Noble - Butler College Prep,HS,https://www.cps.edu/schools/profiles/school-overview/NOBLE---BUTLER-HS,https://nobleschools.org/butler,41.706667,-87.602573,NOBLE-BUTLER HS-Charter-General Education,None,"<ul><li><strong>Selection Type: </strong>Random Computerized Lottery</li>                                                        <li><strong>GPA: </strong>N/A</li><li><strong>HS Admissions Exam Minimum for ELA/Math: </strong></li>                                                        <ul><li>General Education and 504 Plan Students:  / </li><li>IEP and EL Students:  / </li></ul>                                                        <li><strong>Priority: </strong>Sibling Preference,General</li></ul>"
400157,NOBLE - BAKER HS,Noble - Baker College Prep,HS,https://www.cps.edu/schools/profiles/school-overview/NOBLE---BAKER-HS,https://nobleschools.org/baker,41.734622,-87.556201,NOBLE-BAKER HS-Charter-General Education,None,"<ul><li><strong>Selection Type: </strong>Random Computerized Lottery</li>                                                        <li><strong>GPA: </strong>N/A</li><li><strong>HS Admissions Exam Minimum for ELA/Math: </strong></li>                                                        <ul><li>General Education and 504 Plan Students:  / </li><li>IEP and EL Students:  / </li></ul>                                                        <li><strong>Priority: </strong>Sibling Preference,General</li></ul>"
400149,ACERO - SOTO HS,Acero Charter Schools - Victoria Soto,HS,https://www.cps.edu/schools/profiles/school-overview/ACERO---SOTO-HS,http://vs.aceroschools.org,41.801762,-87.711025,ACERO - SOTO HS-Charter-General Education,None,"<ul><li><strong>Selection Type: </strong>Random Computerized Lottery</li>                                                        <li><strong>GPA: </strong>N/A</li><li><strong>HS Admissions Exam Minimum for ELA/Math: </strong></li>                                                        <ul><li>General Education and 504 Plan Students:  / </li><li>IEP and EL Students:  / </li></ul>                                                        <li><strong>Priority: </strong>Sibling Preference,Elementary Preference,General</li><li><strong>Note: </strong>Elementary preferences: ACERO - BRIGHTON PARK, ACERO - CISNEROS, ACERO - CLEMENTE,  ACERO - DE LA CRUZ, ACERO - DE LAS CASAS,  ACERO - FUENTES, ACERO - IDAR, ACERO - MARQUEZ, ACERO - PAZ, ACERO - SANTIAGO, ACERO - TAMAYO,  ACERO - TORRES, ACERO - ZIZUMBO""</li></ul>"
400117,NOBLE - HANSBERRY HS,Noble - Hansberry College Prep,HS,https://www.cps.edu/schools/profiles/school-overview/NOBLE---HANSBERRY-HS,https://nobleschools.org/hansberry,41.734442,-87.650987,NOBLE-HANSBERRY HS-Charter-International Baccalaureate (IB),None,"<ul><li><strong>Selection Type: </strong>Random Computerized Lottery</li>                                                        <li><strong>GPA: </strong>N/A</li><li><strong>HS Admissions Exam Minimum for ELA/Math: </strong></li>                                                        <ul><li>General Education and 504 Plan Students:  / </li><li>IEP and EL Students:  / </li></ul>                                                        <li><strong>Priority: </strong>Sibling Preference,General</li></ul>"
400118,NOBLE - DRW HS,Noble - DRW College Prep,HS,https://www.cps.edu/schools/profiles/school-overview/NOBLE---DRW-HS,https://nobleschools.org/drw,41.869328,-87.711654,NOBLE-DRW HS-Charter-General Education,None,"<ul><li><strong>Selection Type: </strong>Random Computerized Lottery</li>                                                        <li><strong>GPA: </strong>N/A</li><li><strong>HS Admissions Exam Minimum for ELA/Math: </strong></li>                                                        <ul><li>General Education and 504 Plan Students:  / </li><li>IEP and EL Students:  / </li></ul>                                                        <li><strong>Priority: </strong>Sibling Preference,General</li></ul>"
400119,LEGAL PREP HS,Legal Prep Charter Academy,HS,https://www.cps.edu/schools/profiles/school-overview/LEGAL-PREP-HS,https://www.legalprep.org,41.881733,-87.733778,LEGAL PREP HS-Charter-Law & Public Safety,None,"<ul><li><strong>Selection Type: </strong>Random Computerized Lottery</li>                                                        <li><strong>GPA: </strong>N/A</li><li><strong>HS Admissions Exam Minimum for ELA/Math: </strong></li>                                                        <ul><li>General Education and 504 Plan Students:  / </li><li>IEP and EL Students:  / </li></ul>                                                        <li><strong>Priority: </strong>Sibling Preference,General</li></ul>"
400085,ACERO - GARCIA HS,Acero Charter Schools - Major Hector P. Garcia MD,HS,https://www.cps.edu/schools/profiles/school-overview/ACERO---GARCIA-HS,http://hg.aceroschools.org,41.809171,-87.730467,ACERO - GARCIA HS-STEM,None,"<ul><li><strong>Selection Type: </strong>Random Computerized Lottery</li>                                                        <li><strong>GPA: </strong>N/A</li><li><strong>HS Admissions Exam Minimum for ELA/Math: </strong></li>                                                        <ul><li>General Education and 504 Plan Students:  / </li><li>IEP and EL Students:  / </li></ul>                                                        <li><strong>Priority: </strong>Sibling Preference,Elementary Preference,General</li><li><strong>Note: </strong>Elementary preferences: ACERO - BRIGHTON PARK, ACERO - CISNEROS, ACERO - CLEMENTE,  ACERO - DE LA CRUZ, ACERO - DE LAS CASAS,  ACERO - FUENTES, ACERO - IDAR, ACERO - MARQUEZ, ACERO - PAZ, ACERO - SANTIAGO, ACERO - TAMAYO,  ACERO - TORRES, ACERO - ZIZUMBO""</li></ul>"
400086,URBAN PREP - ENGLEWOOD HS,Urban Prep Academy for Young Men - Englewood,HS,https://www.cps.edu/schools/profiles/school-overview/URBAN-PREP---ENGLEWOOD-HS,https://urbanprep.org,41.781498,-87.634357,Urban Prep Academy for Young Men HS - Englewood-Charter-General Education,None,"<ul><li><strong>Selection Type: </strong>Random Computerized Lottery</li>                                                        <li><strong>GPA: </strong>N/A</li><li><strong>HS Admissions Exam Minimum for ELA/Math: </strong></li>                                                        <ul><li>General Education and 504 Plan Students:  / </li><li>IEP and EL Students:  / </li></ul>                                                        <li><strong>Priority: </strong>Sibling Preference,General</li></ul>"
400077,U OF C - WOODLAWN HS,University of Chicago - Woodlawn,HS,https://www.cps.edu/schools/profiles/school-overview/U-OF-C---WOODLAWN-HS,https://www.uchicagocharter.org,41.77813,-87.598114,U OF C - WOODLAWN HS-Charter-General Education,None,"<ul><li><strong>Selection Type: </strong>Random Computerized Lottery</li>                                                        <li><strong>GPA: </strong>N/A</li><li><strong>HS Admissions Exam Minimum for ELA/Math: </strong></li>                                                        <ul><li>General Education and 504 Plan Students:  / </li><li>IEP and EL Students:  / </li></ul>                                                        <li><strong>Priority: </strong>Sibling Preference,Continuing Enrollment,Overlay,General</li><li><strong>Note: </strong>Elementary preference: U of C Woodlawn</li></ul>"
400066,PERSPECTIVES - MATH & SCI HS,Perspectives - Math and Science Academy,HS,https://www.cps.edu/schools/profiles/school-overview/PERSPECTIVES---MATH-&-SCI-HS,https://www.pcsedu.org,41.827784,-87.624788,PERSPECTIVES-MATH & SCI HS-Charter-STEM,None,"<ul><li><strong>Selection Type: </strong>Random Computerized Lottery</li>                                                        <li><strong>GPA: </strong>N/A</li><li><strong>HS Admissions Exam Minimum for ELA/Math: </strong></li>                                                        <ul><li>General Education and 504 Plan Students:  / </li><li>IEP and EL Students:  / </li></ul>                                                        <li><strong>Priority: </strong>Continuing Enrollment,Sibling Preference,General</li></ul>"
400061,PERSPECTIVES - LEADERSHIP HS,Perspectives - Leadership Academy,HS,https://www.cps.edu/schools/profiles/school-overview/PERSPECTIVES---LEADERSHIP-HS,http://www.pcsedu.org,41.745961,-87.652045,PERSPECTIVES-LEADERSHIP HS-Charter-General Education,None,"<ul><li><strong>Selection Type: </strong>Random Computerized Lottery</li>                                                        <li><strong>GPA: </strong>N/A</li><li><strong>HS Admissions Exam Minimum for ELA/Math: </strong></li>                                                        <ul><li>General Education and 504 Plan Students:  / </li><li>IEP and EL Students:  / </li></ul>                                                        <li><strong>Priority: </strong>Continuing Enrollment,Sibling Preference,Elementary Preference,General</li></ul>"
400062,PERSPECTIVES - TECH HS,Perspectives - High School of Technology,HS,https://www.cps.edu/schools/profiles/school-overview/PERSPECTIVES---TECH-HS,https://www.pcsedu.org,41.745949,-87.650657,PERSPECTIVES-TECH HS-Charter-STEM,None,"<ul><li><strong>Selection Type: </strong>Random Computerized Lottery</li>                                                        <li><strong>GPA: </strong>N/A</li><li><strong>HS Admissions Exam Minimum for ELA/Math: </strong></li>                                                        <ul><li>General Education and 504 Plan Students:  / </li><li>IEP and EL Students:  / </li></ul>                                                        <li><strong>Priority: </strong>Sibling Preference,General</li></ul>"
400064,PERSPECTIVES - JOSLIN HS,Perspectives - Rodney D. Joslin,HS,https://www.cps.edu/schools/profiles/school-overview/PERSPECTIVES---JOSLIN-HS,http://www.pcsedu.org,41.855999,-87.628531,PERSPECTIVES-JOSLIN HS-Charter-General Education,None,"<ul><li><strong>Selection Type: </strong>Random Computerized Lottery</li>                                                        <li><strong>GPA: </strong>N/A</li><li><strong>HS Admissions Exam Minimum for ELA/Math: </strong></li>                                                        <ul><li>General Education and 504 Plan Students:  / </li><li>IEP and EL Students:  / </li></ul>                                                        <li><strong>Priority: </strong>Continuing Enrollment,Sibling Preference,General</li></ul>"
400033,CICS - LONGWOOD,CICS - Longwood,HS,https://www.cps.edu/schools/profiles/school-overview/CICS---LONGWOOD,https://cicsloomislongwood.org,41.721221,-87.655768,CICS - LONGWOOD-Charter-General Education,None,"<ul><li><strong>Selection Type: </strong>Random Computerized Lottery</li>                                                        <li><strong>GPA: </strong>N/A</li><li><strong>HS Admissions Exam Minimum for ELA/Math: </strong></li>                                                        <ul><li>General Education and 504 Plan Students:  / </li><li>IEP and EL Students:  / </li></ul>                                                        <li><strong>Priority: </strong>Continuing Enrollment,Sibling Preference,Elementary Preference,General</li><li><strong>Note: </strong>Elementary preferences: CICS - AVALON/SOUTH SHORE, CICS - BASIL, CICS - BUCKTOWN, CICS - IRVING PARK, CICS - LONGWOOD, CICS - PRAIRIE, CICS - WASHINGTON PARK, CICS - WEST BELDEN, CICS - WRIGHTWOOD</li></ul>"
400034,CICS - NORTHTOWN HS,CICS - Northtown,HS,https://www.cps.edu/schools/profiles/school-overview/CICS---NORTHTOWN-HS,https://cicsnorthtown.org,41.990245,-87.726504,CICS - NORTHTOWN HS-Charter-General Education,None,"<ul><li><strong>Selection Type: </strong>Random Computerized Lottery</li>                                                        <li><strong>GPA: </strong>N/A</li><li><strong>HS Admissions Exam Minimum for ELA/Math: </strong></li>                                                        <ul><li>General Education and 504 Plan Students:  / </li><li>IEP and EL Students:  / </li></ul>                                                        <li><strong>Priority: </strong>Sibling Preference,Elementary Preference,Overlay,General</li><li><strong>Note: </strong>Elementary preferences: CICS - AVALON/SOUTH SHORE, CICS - BASIL, CICS - BUCKTOWN, CICS - IRVING PARK, CICS - LONGWOOD, CICS - PRAIRIE, CICS - WASHINGTON PARK, CICS - WEST BELDEN, CICS - WRIGHTWOOD</li></ul>"
400035,CHICAGO MATH & SCIENCE HS,Chicago Math and Science Academy Charter School,HS,https://www.cps.edu/schools/profiles/school-overview/CHICAGO-MATH-&-SCIENCE-HS,https://www.cmsaonline.net,42.013031,-87.674818,CHICAGO MATH & SCIENCE ACADEMY HS-Charter-General Education,None,"<ul><li><strong>Selection Type: </strong>Random Computerized Lottery</li>                                                        <li><strong>GPA: </strong>N/A</li><li><strong>HS Admissions Exam Minimum for ELA/Math: </strong></li>                                                        <ul><li>General Education and 504 Plan Students:  / </li><li>IEP and EL Students:  / </li></ul>                                                        <li><strong>Priority: </strong>Continuing Enrollment,Sibling Preference,General</li></ul>"
400051,NOBLE - NOBLE HS,Noble - Noble College Prep,HS,https://www.cps.edu/schools/profiles/school-overview/NOBLE---NOBLE-HS,https://nobleschools.org/noblestreet,41.900191,-87.662628,NOBLE-NOBLE HS-Charter-General Education,None,"<ul><li><strong>Selection Type: </strong>Random Computerized Lottery</li>                                                        <li><strong>GPA: </strong>N/A</li><li><strong>HS Admissions Exam Minimum for ELA/Math: </strong></li>                                                        <ul><li>General Education and 504 Plan Students:  / </li><li>IEP and EL Students:  / </li></ul>                                                        <li><strong>Priority: </strong>Sibling Preference,General</li></ul>"
400052,NOBLE - COMER,Noble - Gary Comer College Prep,HS,https://www.cps.edu/schools/profiles/school-overview/NOBLE---COMER,https://nobleschools.org/comer,41.764083,-87.601974,NOBLE-COMER-Charter-General Education,None,"<ul><li><strong>Selection Type: </strong>Random Computerized Lottery</li>                                                        <li><strong>GPA: </strong>N/A</li><li><strong>HS Admissions Exam Minimum for ELA/Math: </strong></li>                                                        <ul><li>General Education and 504 Plan Students:  / </li><li>IEP and EL Students:  / </li></ul>                                                        <li><strong>Priority: </strong>Continuing Enrollment,Sibling Preference,Overlay,General</li></ul>"
400053,NOBLE - GOLDER HS,Noble - Golder College Prep,HS,https://www.cps.edu/schools/profiles/school-overview/NOBLE---GOLDER-HS,https://nobleschools.org/golder,41.895282,-87.664483,NOBLE-GOLDER HS-Charter-General Education,None,"<ul><li><strong>Selection Type: </strong>Random Computerized Lottery</li>                                                        <li><strong>GPA: </strong>N/A</li><li><strong>HS Admissions Exam Minimum for ELA/Math: </strong></li>                                                        <ul><li>General Education and 504 Plan Students:  / </li><li>IEP and EL Students:  / </li></ul>                                                        <li><strong>Priority: </strong>Sibling Preference,General</li></ul>"
400054,NOBLE - PRITZKER HS,Noble - Pritzker College Prep,HS,https://www.cps.edu/schools/profiles/school-overview/NOBLE---PRITZKER-HS,https://nobleschools.org/pritzker,41.915214,-87.730127,NOBLE-PRITZKER HS-Charter-General Education,None,"<ul><li><strong>Selection Type: </strong>Random Computerized Lottery</li>                                                        <li><strong>GPA: </strong>N/A</li><li><strong>HS Admissions Exam Minimum for ELA/Math: </strong></li>                                                        <ul><li>General Education and 504 Plan Students:  / </li><li>IEP and EL Students:  / </li></ul>                                                        <li><strong>Priority: </strong>Sibling Preference,General</li></ul>"
400055,NOBLE - RAUNER HS,Noble - Rauner College Prep,HS,https://www.cps.edu/schools/profiles/school-overview/NOBLE---RAUNER-HS,https://nobleschools.org/rauner,41.892425,-87.660859,NOBLE-RAUNER HS-Charter-General Education,None,"<ul><li><strong>Selection Type: </strong>Random Computerized Lottery</li>                                                        <li><strong>GPA: </strong>N/A</li><li><strong>HS Admissions Exam Minimum for ELA/Math: </strong></li>                                                        <ul><li>General Education and 504 Plan Students:  / </li><li>IEP and EL Students:  / </li></ul>                                                        <li><strong>Priority: </strong>Sibling Preference,General</li></ul>"
400056,NOBLE - ROWE CLARK HS,Noble - Rowe-Clark Math and Science Academy,HS,https://www.cps.edu/schools/profiles/school-overview/NOBLE---ROWE-CLARK-HS,https://nobleschools.org/rowe-clark,41.895362,-87.718047,NOBLE-ROWE CLARK HS -Charter-STEM,None,"<ul><li><strong>Selection Type: </strong>Random Computerized Lottery</li>                                                        <li><strong>GPA: </strong>N/A</li><li><strong>HS Admissions Exam Minimum for ELA/Math: </strong></li>                                                        <ul><li>General Education and 504 Plan Students:  / </li><li>IEP and EL Students:  / </li></ul>                                                        <li><strong>Priority: </strong>Sibling Preference,General</li></ul>"
400057,NOBLE - UIC HS,Noble - UIC College Prep,HS,https://www.cps.edu/schools/profiles/school-overview/NOBLE---UIC-HS,https://nobleschools.org/uic,41.865817,-87.676111,NOBLE-UIC HS-Charter-General Education,None,"<ul><li><strong>Selection Type: </strong>Random Computerized Lottery</li>                                                        <li><strong>GPA: </strong>N/A</li><li><strong>HS Admissions Exam Minimum for ELA/Math: </strong></li>                                                        <ul><li>General Education and 504 Plan Students:  / </li><li>IEP and EL Students:  / </li></ul>                                                        <li><strong>Priority: </strong>Sibling Preference,Overlay,General</li></ul>"
400058,NLCP - CHRISTIANA HS,North Lawndale College Prep - Christiana,HS,https://www.cps.edu/schools/profiles/school-overview/NLCP---CHRISTIANA-HS,https://www.nlcphs.org,41.858564,-87.708987,NORTH LAWNDALE-CHRISTIANA HS-Charter-General Education,None,"<ul><li><strong>Selection Type: </strong>Random Computerized Lottery</li>                                                        <li><strong>GPA: </strong>N/A</li><li><strong>HS Admissions Exam Minimum for ELA/Math: </strong></li>                                                        <ul><li>General Education and 504 Plan Students:  / </li><li>IEP and EL Students:  / </li></ul>                                                        <li><strong>Priority: </strong>Sibling Preference,General</li></ul>"
400059,NLCP - COLLINS HS,North Lawndale College Prep - Collins,HS,https://www.cps.edu/schools/profiles/school-overview/NLCP---COLLINS-HS,https://www.nlcphs.org,41.864146,-87.700681,NORTH LAWNDALE-COLLINS HS-Charter-General Education,None,"<ul><li><strong>Selection Type: </strong>Random Computerized Lottery</li>                                                        <li><strong>GPA: </strong>N/A</li><li><strong>HS Admissions Exam Minimum for ELA/Math: </strong></li>                                                        <ul><li>General Education and 504 Plan Students:  / </li><li>IEP and EL Students:  / </li></ul>                                                        <li><strong>Priority: </strong>Sibling Preference,General</li></ul>"
400097,NOBLE - BULLS HS,Noble - Chicago Bulls College Prep,HS,https://www.cps.edu/schools/profiles/school-overview/NOBLE---BULLS-HS,https://nobleschools.org/bulls,41.878809,-87.678195,NOBLE-BULLS HS-Charter-General Education,None,"<ul><li><strong>Selection Type: </strong>Random Computerized Lottery</li>                                                        <li><strong>GPA: </strong>N/A</li><li><strong>HS Admissions Exam Minimum for ELA/Math: </strong></li>                                                        <ul><li>General Education and 504 Plan Students:  / </li><li>IEP and EL Students:  / </li></ul>                                                        <li><strong>Priority: </strong>Sibling Preference,Overlay,General</li></ul>"
400104,INSTITUTO - HEALTH,Instituto Health Sciences Career Academy,HS,https://www.cps.edu/schools/profiles/school-overview/INSTITUTO---HEALTH,https://www.ihsca.org/,41.845967,-87.68724,INSTITUTO - HEALTH-Charter-Health Sciences,None,"<ul><li><strong>Selection Type: </strong>Random Computerized Lottery</li>                                                        <li><strong>GPA: </strong>N/A</li><li><strong>HS Admissions Exam Minimum for ELA/Math: </strong></li>                                                        <ul><li>General Education and 504 Plan Students:  / </li><li>IEP and EL Students:  / </li></ul>                                                        <li><strong>Priority: </strong>Sibling Preference,General</li></ul>"
400104,INSTITUTO - HEALTH,Instituto Health Sciences Career Academy,HS,https://www.cps.edu/schools/profiles/school-overview/INSTITUTO---HEALTH,https://www.ihsca.org/,41.845967,-87.68724,INSTITUTO - HEALTH-Charter-General Education,None,"<ul><li><strong>Selection Type: </strong>Random Computerized Lottery</li>                                                        <li><strong>GPA: </strong>N/A</li><li><strong>HS Admissions Exam Minimum for ELA/Math: </strong></li>                                                        <ul><li>General Education and 504 Plan Students:  / </li><li>IEP and EL Students:  / </li></ul>                                                        <li><strong>Priority: </strong>Sibling Preference,General</li></ul>"
400032,CICS - ELLISON HS,CICS - Ralph Ellison,HS,https://www.cps.edu/schools/profiles/school-overview/CICS---ELLISON-HS,https://cicsellison.org,41.748382,-87.66898,CICS - ELLISON HS-Charter-General Education,None,"<ul><li><strong>Selection Type: </strong>Random Computerized Lottery</li>                                                        <li><strong>GPA: </strong>N/A</li><li><strong>HS Admissions Exam Minimum for ELA/Math: </strong></li>                                                        <ul><li>General Education and 504 Plan Students:  / </li><li>IEP and EL Students:  / </li></ul>                                                        <li><strong>Priority: </strong>Sibling Preference,Elementary Preference,Overlay,General</li><li><strong>Note: </strong>Elementary preferences: CICS - AVALON/SOUTH SHORE, CICS - BASIL, CICS - BUCKTOWN, CICS - IRVING PARK, CICS - LONGWOOD, CICS - PRAIRIE, CICS - WASHINGTON PARK, CICS - WEST BELDEN, CICS - WRIGHTWOOD</li></ul>"
400094,EPIC HS,EPIC Academy Charter High School,HS,https://www.cps.edu/schools/profiles/school-overview/EPIC-HS,http://www.epicacademy.org,41.744849,-87.550222,EPIC HS-Charter-General Education,None,"<ul><li><strong>Selection Type: </strong>Random Computerized Lottery</li>                                                        <li><strong>GPA: </strong>N/A</li><li><strong>HS Admissions Exam Minimum for ELA/Math: </strong></li>                                                        <ul><li>General Education and 504 Plan Students:  / </li><li>IEP and EL Students:  / </li></ul>                                                        <li><strong>Priority: </strong>Sibling Preference,General</li></ul>"
400013,ASPIRA - EARLY COLLEGE HS,ASPIRA Charter School - Early College High School,HS,https://www.cps.edu/schools/profiles/school-overview/ASPIRA---EARLY-COLLEGE-HS,https://aec.aspirail.org,41.937298,-87.727096,ASPIRA - EARLY COLLEGE HS - Charter - General Education,None,"<ul><li><strong>Selection Type: </strong>Random Computerized Lottery</li>                                                        <li><strong>GPA: </strong>N/A</li><li><strong>HS Admissions Exam Minimum for ELA/Math: </strong></li>                                                        <ul><li>General Education and 504 Plan Students:  / </li><li>IEP and EL Students:  / </li></ul>                                                        <li><strong>Priority: </strong>Sibling Preference,Elementary Preference,General</li><li><strong>Note: </strong>Elementary preference: Aspira Haugan Middle</li></ul>"
400098,NOBLE - MUCHIN HS,Noble - Muchin College Prep,HS,https://www.cps.edu/schools/profiles/school-overview/NOBLE---MUCHIN-HS,https://nobleschools.org/muchin,41.88274,-87.626338,NOBLE-MUCHIN HS-Charter-General Education,None,"<ul><li><strong>Selection Type: </strong>Random Computerized Lottery</li>                                                        <li><strong>GPA: </strong>N/A</li><li><strong>HS Admissions Exam Minimum for ELA/Math: </strong></li>                                                        <ul><li>General Education and 504 Plan Students:  / </li><li>IEP and EL Students:  / </li></ul>                                                        <li><strong>Priority: </strong>Sibling Preference,General</li></ul>"
400105,URBAN PREP - BRONZEVILLE HS,Urban Prep Academy for Young Men - Bronzeville,HS,https://www.cps.edu/schools/profiles/school-overview/URBAN-PREP---BRONZEVILLE-HS,https://urbanprep.org,41.831118,-87.613629,Urban Prep Academy For Young Men HS - Bronzeville-Charter-General Education,None,"<ul><li><strong>Selection Type: </strong>Random Computerized Lottery</li>                                                        <li><strong>GPA: </strong>N/A</li><li><strong>HS Admissions Exam Minimum for ELA/Math: </strong></li>                                                        <ul><li>General Education and 504 Plan Students:  / </li><li>IEP and EL Students:  / </li></ul>                                                        <li><strong>Priority: </strong>Sibling Preference,General</li></ul>"
400106,NOBLE - JOHNSON HS,Noble - John and Eunice Johnson College Prep,HS,https://www.cps.edu/schools/profiles/school-overview/NOBLE---JOHNSON-HS,https://nobleschools.org/johnson,41.778369,-87.635117,NOBLE-JOHNSON HS-Charter-General Education,None,"<ul><li><strong>Selection Type: </strong>Random Computerized Lottery</li>                                                        <li><strong>GPA: </strong>N/A</li><li><strong>HS Admissions Exam Minimum for ELA/Math: </strong></li>                                                        <ul><li>General Education and 504 Plan Students:  / </li><li>IEP and EL Students:  / </li></ul>                                                        <li><strong>Priority: </strong>Sibling Preference,General</li></ul>"
400181,ART IN MOTION,Art in Motion Charter School,HS,https://www.cps.edu/schools/profiles/school-overview/ART-IN-MOTION,https://www.aimchicago.org,41.760034,-87.583328,ART in MOTION HS - Charter - Fine & Performing Arts,None,"<ul><li><strong>Selection Type: </strong>Random Computerized Lottery</li>                                                        <li><strong>GPA: </strong>N/A</li><li><strong>HS Admissions Exam Minimum for ELA/Math: </strong></li>                                                        <ul><li>General Education and 504 Plan Students:  / </li><li>IEP and EL Students:  / </li></ul>                                                        <li><strong>Priority: </strong>Continuing Enrollment,Sibling Preference,General</li></ul>"
400179,NOBLE - MANSUETO HS,Noble Mansueto High School,HS,https://www.cps.edu/schools/profiles/school-overview/NOBLE---MANSUETO-HS,https://nobleschools.org/mansueto,41.800136,-87.728003,NOBLE-MANSUETO HS-Charter-General Education,None,"<ul><li><strong>Selection Type: </strong>Random Computerized Lottery</li>                                                        <li><strong>GPA: </strong>N/A</li><li><strong>HS Admissions Exam Minimum for ELA/Math: </strong></li>                                                        <ul><li>General Education and 504 Plan Students:  / </li><li>IEP and EL Students:  / </li></ul>                                                        <li><strong>Priority: </strong>Sibling Preference,General</li></ul>"
400161,CHICAGO COLLEGIATE,Chicago Collegiate Charter School,HS,https://www.cps.edu/schools/profiles/school-overview/CHICAGO-COLLEGIATE,https://chicagocollegiate.org,41.679318,-87.617968,CHICAGO COLLEGIATE-Charter-General Education,None,"<ul><li><strong>Selection Type: </strong>Random Computerized Lottery</li>                                                        <li><strong>GPA: </strong>N/A</li><li><strong>HS Admissions Exam Minimum for ELA/Math: </strong></li>                                                        <ul><li>General Education and 504 Plan Students:  / </li><li>IEP and EL Students:  / </li></ul>                                                        <li><strong>Priority: </strong>Continuing Enrollment,Sibling Preference,General</li></ul>"
400162,INTRINSIC HS,Intrinsic Charter School,HS,https://www.cps.edu/schools/profiles/school-overview/INTRINSIC-HS,https://intrinsicschools.org,41.938988,-87.741129,INTRINSIC HS-Charter-General Education,None,"<ul><li><strong>Selection Type: </strong>Random Computerized Lottery</li>                                                        <li><strong>GPA: </strong>N/A</li><li><strong>HS Admissions Exam Minimum for ELA/Math: </strong></li>                                                        <ul><li>General Education and 504 Plan Students:  / </li><li>IEP and EL Students:  / </li></ul>                                                        <li><strong>Priority: </strong>Continuing Enrollment,Sibling Preference,General</li></ul>"
610558,GOODE HS,Sarah E. Goode STEM Academy,HS,https://www.cps.edu/schools/profiles/school-overview/GOODE-HS,https://GoodeSTEMAcademy.org,41.75375,-87.707345,GOODE HS-Special Education-Significantly Modified Curriculum w/ Intensive Supports,Cluster and Review,"<ul><li><strong>Selection Type: </strong>Random Computerized Lottery</li>                                                        <li><strong>GPA: </strong>N/A</li><li><strong>HS Admissions Exam Minimum for ELA/Math: </strong></li>                                                        <ul><li>General Education and 504 Plan Students:  / </li><li>IEP and EL Students:  / </li></ul>                                                        <li><strong>Priority: </strong>Proximity,General</li></ul>"
610558,GOODE HS,Sarah E. Goode STEM Academy,HS,https://www.cps.edu/schools/profiles/school-overview/GOODE-HS,https://GoodeSTEMAcademy.org,41.75375,-87.707345,GOODE HS-STEM-Early College STEM,None,"<ul><li><strong>Selection Type: </strong>Random Computerized Lottery</li>                                                        <li><strong>GPA: </strong>N/A</li><li><strong>HS Admissions Exam Minimum for ELA/Math: </strong></li>                                                        <ul><li>General Education and 504 Plan Students:  / </li><li>IEP and EL Students:  / </li></ul>                                                        <li><strong>Priority: </strong>Sibling Preference,Staff Preference,Overlay,General</li><li><strong>Note: </strong>Staff Preference applies at the entry level grade only. A maximum of 2 seats can be filled through Staff Preference.</li></ul>"
610590,BRONZEVILLE CLASSICAL,Bronzeville Classical Elementary School,ES,https://www.cps.edu/schools/profiles/school-overview/BRONZEVILLE-CLASSICAL,https://bronzevilleclassical.cps.edu,41.819249,-87.626621,BRONZEVILLE CLASSICAL - Selective Enrollment - Classical,Admissions Exam,"<ul><li><strong>Selection Type: </strong>Descending Point Score based on Academic Criteria</li>                                                        <li><strong>GPA: </strong>N/A</li><li><strong>HS Admissions Exam Minimum for ELA/Math: </strong></li>                                                        <ul><li>General Education and 504 Plan Students:  / </li><li>IEP and EL Students:  / </li></ul>                                                        <li><strong>Priority: </strong>General</li><li><strong>Note: </strong>Students are selected by exam score, with top scorers chosen first. Scores below 75 points (or the 50th percentile) in either Reading OR Math are ineligible for selection.</li></ul>"
610590,BRONZEVILLE CLASSICAL,Bronzeville Classical Elementary School,ES,https://www.cps.edu/schools/profiles/school-overview/BRONZEVILLE-CLASSICAL,https://bronzevilleclassical.cps.edu,41.819249,-87.626621,BRONZEVILLE CLASSICAL - Selective Enrollment - Classical,Admissions Exam,"<ul><li><strong>Selection Type: </strong>Descending Point Score based on Academic Criteria</li>                                                        <li><strong>GPA: </strong>3.0</li><li><strong>HS Admissions Exam Minimum for ELA/Math: </strong></li>                                                        <ul><li>General Education and 504 Plan Students:  / </li><li>IEP and EL Students:  / </li></ul>                                                        <li><strong>Priority: </strong>General</li><li><strong>Note: </strong>Students are selected by exam score, with top scorers chosen first. Scores below 75 points (or the 50th percentile) in either Reading OR Math are ineligible for selection.</li></ul>"
609880,DECATUR,Stephen Decatur Classical Elementary School,ES,https://www.cps.edu/schools/profiles/school-overview/DECATUR,https://www.decaturclassical.org,42.009289,-87.704619,DECATUR - Selective Enrollment - Classical,Admissions Exam,"<ul><li><strong>Selection Type: </strong>Descending Point Score based on Academic Criteria</li>                                                        <li><strong>GPA: </strong>N/A</li><li><strong>HS Admissions Exam Minimum for ELA/Math: </strong></li>                                                        <ul><li>General Education and 504 Plan Students:  / </li><li>IEP and EL Students:  / </li></ul>                                                        <li><strong>Priority: </strong>General</li><li><strong>Note: </strong>Students are selected by exam score, with top scorers chosen first. Scores below 75 points (or the 50th percentile) in either Reading OR Math are ineligible for selection.</li></ul>"
609880,DECATUR,Stephen Decatur Classical Elementary School,ES,https://www.cps.edu/schools/profiles/school-overview/DECATUR,https://www.decaturclassical.org,42.009289,-87.704619,DECATUR - Selective Enrollment - Classical,Admissions Exam,"<ul><li><strong>Selection Type: </strong>Descending Point Score based on Academic Criteria</li>                                                        <li><strong>GPA: </strong>3.0</li><li><strong>HS Admissions Exam Minimum for ELA/Math: </strong></li>                                                        <ul><li>General Education and 504 Plan Students:  / </li><li>IEP and EL Students:  / </li></ul>                                                        <li><strong>Priority: </strong>General</li><li><strong>Note: </strong>Students are selected by exam score, with top scorers chosen first. Scores below 75 points (or the 50th percentile) in either Reading OR Math are ineligible for selection.</li></ul>"
609880,DECATUR,Stephen Decatur Classical Elementary School,ES,https://www.cps.edu/schools/profiles/school-overview/DECATUR,https://www.decaturclassical.org,42.009289,-87.704619,DECATUR - Selective Enrollment - Classical,Admissions Exam,"<ul><li><strong>Selection Type: </strong>Descending Point Score based on Academic Criteria</li>                                                        <li><strong>GPA: </strong>N/A</li><li><strong>HS Admissions Exam Minimum for ELA/Math: </strong></li>                                                        <ul><li>General Education and 504 Plan Students:  / </li><li>IEP and EL Students:  / </li></ul>                                                        <li><strong>Priority: </strong>General,Tier</li><li><strong>Note: </strong>Tier is only considered in the selection of kindergarten applicants. 30% of seats are filled based on test scores alone. The remaining seats are evenly divided among applicants from each of the four socio-economic tiers.</li></ul>"
610534,SKINNER NORTH,Skinner North,ES,https://www.cps.edu/schools/profiles/school-overview/SKINNER-NORTH,https://www.skinnernorth.org,41.905109,-87.644841,SKINNER NORTH - Selective Enrollment - Classical,Admissions Exam,"<ul><li><strong>Selection Type: </strong>Descending Point Score based on Academic Criteria</li>                                                        <li><strong>GPA: </strong>N/A</li><li><strong>HS Admissions Exam Minimum for ELA/Math: </strong></li>                                                        <ul><li>General Education and 504 Plan Students:  / </li><li>IEP and EL Students:  / </li></ul>                                                        <li><strong>Priority: </strong>General</li><li><strong>Note: </strong>Students are selected by exam score, with top scorers chosen first. Scores below 75 points (or the 50th percentile) in either Reading OR Math are ineligible for selection.</li></ul>"
610534,SKINNER NORTH,Skinner North,ES,https://www.cps.edu/schools/profiles/school-overview/SKINNER-NORTH,https://www.skinnernorth.org,41.905109,-87.644841,SKINNER NORTH - Selective Enrollment - Classical,Admissions Exam,"<ul><li><strong>Selection Type: </strong>Descending Point Score based on Academic Criteria</li>                                                        <li><strong>GPA: </strong>3.0</li><li><strong>HS Admissions Exam Minimum for ELA/Math: </strong></li>                                                        <ul><li>General Education and 504 Plan Students:  / </li><li>IEP and EL Students:  / </li></ul>                                                        <li><strong>Priority: </strong>General</li><li><strong>Note: </strong>Students are selected by exam score, with top scorers chosen first. Scores below 75 points (or the 50th percentile) in either Reading OR Math are ineligible for selection.</li></ul>"
610534,SKINNER NORTH,Skinner North,ES,https://www.cps.edu/schools/profiles/school-overview/SKINNER-NORTH,https://www.skinnernorth.org,41.905109,-87.644841,SKINNER NORTH - Selective Enrollment - Classical,Admissions Exam,"<ul><li><strong>Selection Type: </strong>Descending Point Score based on Academic Criteria</li>                                                        <li><strong>GPA: </strong>N/A</li><li><strong>HS Admissions Exam Minimum for ELA/Math: </strong></li>                                                        <ul><li>General Education and 504 Plan Students:  / </li><li>IEP and EL Students:  / </li></ul>                                                        <li><strong>Priority: </strong>General,Tier</li><li><strong>Note: </strong>Tier is only considered in the selection of kindergarten applicants. 30% of seats are filled based on test scores alone. The remaining seats are evenly divided among applicants from each of the four socio-economic tiers.</li></ul>"
610066,MCDADE,James E McDade Elementary Classical School,ES,https://www.cps.edu/schools/profiles/school-overview/MCDADE,https://mcdadeclassical.org,41.73455,-87.619214,MCDADE - Selective Enrollment - Classical,Admissions Exam,"<ul><li><strong>Selection Type: </strong>Descending Point Score based on Academic Criteria</li>                                                        <li><strong>GPA: </strong>N/A</li><li><strong>HS Admissions Exam Minimum for ELA/Math: </strong></li>                                                        <ul><li>General Education and 504 Plan Students:  / </li><li>IEP and EL Students:  / </li></ul>                                                        <li><strong>Priority: </strong>General</li><li><strong>Note: </strong>Students are selected by exam score, with top scorers chosen first. Scores below 75 points (or the 50th percentile) in either Reading OR Math are ineligible for selection.</li></ul>"
610066,MCDADE,James E McDade Elementary Classical School,ES,https://www.cps.edu/schools/profiles/school-overview/MCDADE,https://mcdadeclassical.org,41.73455,-87.619214,MCDADE - Selective Enrollment - Classical,Admissions Exam,"<ul><li><strong>Selection Type: </strong>Descending Point Score based on Academic Criteria</li>                                                        <li><strong>GPA: </strong>3.0</li><li><strong>HS Admissions Exam Minimum for ELA/Math: </strong></li>                                                        <ul><li>General Education and 504 Plan Students:  / </li><li>IEP and EL Students:  / </li></ul>                                                        <li><strong>Priority: </strong>General</li><li><strong>Note: </strong>Students are selected by exam score, with top scorers chosen first. Scores below 75 points (or the 50th percentile) in either Reading OR Math are ineligible for selection.</li></ul>"
610066,MCDADE,James E McDade Elementary Classical School,ES,https://www.cps.edu/schools/profiles/school-overview/MCDADE,https://mcdadeclassical.org,41.73455,-87.619214,MCDADE - Selective Enrollment - Classical,Admissions Exam,"<ul><li><strong>Selection Type: </strong>Descending Point Score based on Academic Criteria</li>                                                        <li><strong>GPA: </strong>N/A</li><li><strong>HS Admissions Exam Minimum for ELA/Math: </strong></li>                                                        <ul><li>General Education and 504 Plan Students:  / </li><li>IEP and EL Students:  / </li></ul>                                                        <li><strong>Priority: </strong>General,Tier</li><li><strong>Note: </strong>Tier is only considered in the selection of kindergarten applicants. 30% of seats are filled based on test scores alone. The remaining seats are evenly divided among applicants from each of the four socio-economic tiers.</li></ul>"
610132,POE,Edgar Allan Poe Elementary Classical School,ES,https://www.cps.edu/schools/profiles/school-overview/POE,https://poe.cps.edu,41.70263,-87.606419,POE - Selective Enrollment - Classical,Admissions Exam,"<ul><li><strong>Selection Type: </strong>Descending Point Score based on Academic Criteria</li>                                                        <li><strong>GPA: </strong>N/A</li><li><strong>HS Admissions Exam Minimum for ELA/Math: </strong></li>                                                        <ul><li>General Education and 504 Plan Students:  / </li><li>IEP and EL Students:  / </li></ul>                                                        <li><strong>Priority: </strong>General</li><li><strong>Note: </strong>Students are selected by exam score, with top scorers chosen first. Scores below 75 points (or the 50th percentile) in either Reading OR Math are ineligible for selection.</li></ul>"
610132,POE,Edgar Allan Poe Elementary Classical School,ES,https://www.cps.edu/schools/profiles/school-overview/POE,https://poe.cps.edu,41.70263,-87.606419,POE - Selective Enrollment - Classical,Admissions Exam,"<ul><li><strong>Selection Type: </strong>Descending Point Score based on Academic Criteria</li>                                                        <li><strong>GPA: </strong>3.0</li><li><strong>HS Admissions Exam Minimum for ELA/Math: </strong></li>                                                        <ul><li>General Education and 504 Plan Students:  / </li><li>IEP and EL Students:  / </li></ul>                                                        <li><strong>Priority: </strong>General</li><li><strong>Note: </strong>Students are selected by exam score, with top scorers chosen first. Scores below 75 points (or the 50th percentile) in either Reading OR Math are ineligible for selection.</li></ul>"
610132,POE,Edgar Allan Poe Elementary Classical School,ES,https://www.cps.edu/schools/profiles/school-overview/POE,https://poe.cps.edu,41.70263,-87.606419,POE - Selective Enrollment - Classical,Admissions Exam,"<ul><li><strong>Selection Type: </strong>Descending Point Score based on Academic Criteria</li>                                                        <li><strong>GPA: </strong>N/A</li><li><strong>HS Admissions Exam Minimum for ELA/Math: </strong></li>                                                        <ul><li>General Education and 504 Plan Students:  / </li><li>IEP and EL Students:  / </li></ul>                                                        <li><strong>Priority: </strong>General,Tier</li><li><strong>Note: </strong>Tier is only considered in the selection of kindergarten applicants. 30% of seats are filled based on test scores alone. The remaining seats are evenly divided among applicants from each of the four socio-economic tiers.</li></ul>"
610177,SKINNER,Mark Skinner Elementary School,ES,https://www.cps.edu/schools/profiles/school-overview/SKINNER,https://www.skinnerwest.cps.edu,41.879103,-87.659419,SKINNER - Selective Enrollment - Classical,Admissions Exam,"<ul><li><strong>Selection Type: </strong>Descending Point Score based on Academic Criteria</li>                                                        <li><strong>GPA: </strong>N/A</li><li><strong>HS Admissions Exam Minimum for ELA/Math: </strong></li>                                                        <ul><li>General Education and 504 Plan Students:  / </li><li>IEP and EL Students:  / </li></ul>                                                        <li><strong>Priority: </strong>General</li><li><strong>Note: </strong>Students are selected by exam score, with top scorers chosen first. Scores below 75 points (or the 50th percentile) in either Reading OR Math are ineligible for selection.</li></ul>"
610177,SKINNER,Mark Skinner Elementary School,ES,https://www.cps.edu/schools/profiles/school-overview/SKINNER,https://www.skinnerwest.cps.edu,41.879103,-87.659419,SKINNER - Selective Enrollment - Classical,Admissions Exam,"<ul><li><strong>Selection Type: </strong>Descending Point Score based on Academic Criteria</li>                                                        <li><strong>GPA: </strong>3.0</li><li><strong>HS Admissions Exam Minimum for ELA/Math: </strong></li>                                                        <ul><li>General Education and 504 Plan Students:  / </li><li>IEP and EL Students:  / </li></ul>                                                        <li><strong>Priority: </strong>General</li><li><strong>Note: </strong>Students are selected by exam score, with top scorers chosen first. Scores below 75 points (or the 50th percentile) in either Reading OR Math are ineligible for selection.</li></ul>"
610177,SKINNER,Mark Skinner Elementary School,ES,https://www.cps.edu/schools/profiles/school-overview/SKINNER,https://www.skinnerwest.cps.edu,41.879103,-87.659419,SKINNER - Selective Enrollment - Classical,Admissions Exam,"<ul><li><strong>Selection Type: </strong>Descending Point Score based on Academic Criteria</li>                                                        <li><strong>GPA: </strong>N/A</li><li><strong>HS Admissions Exam Minimum for ELA/Math: </strong></li>                                                        <ul><li>General Education and 504 Plan Students:  / </li><li>IEP and EL Students:  / </li></ul>                                                        <li><strong>Priority: </strong>General,Tier</li><li><strong>Note: </strong>Tier is only considered in the selection of kindergarten applicants. 30% of seats are filled based on test scores alone. The remaining seats are evenly divided among applicants from each of the four socio-economic tiers.</li></ul>"
610177,SKINNER,Mark Skinner Elementary School,ES,https://www.cps.edu/schools/profiles/school-overview/SKINNER,https://www.skinnerwest.cps.edu,41.879103,-87.659419,"SKINNER-Magnet Cluster-Fine & Performing Arts,Technology",None,"<ul><li><strong>Selection Type: </strong>Random Computerized Lottery</li>                                                        <li><strong>GPA: </strong>N/A</li><li><strong>HS Admissions Exam Minimum for ELA/Math: </strong></li>                                                        <ul><li>General Education and 504 Plan Students:  / </li><li>IEP and EL Students:  / </li></ul>                                                        <li><strong>Priority: </strong>Sibling Preference,Staff Preference,General</li><li><strong>Note: </strong>Staff Preference applies at the entry level grade only. A maximum of 2 seats can be filled through Staff Preference.</li></ul>"
400091,CHICAGO TECH HS,Chicago Technology Academy High School,HS,https://www.cps.edu/schools/profiles/school-overview/CHICAGO-TECH-HS,https://chitech.org,41.863301,-87.659095,CHICAGO TECH HS-Career & Technical Education (CTE)-Information Technology-Game Programming,None,"<ul><li><strong>Selection Type: </strong>Random Computerized Lottery</li>                                                        <li><strong>GPA: </strong>N/A</li><li><strong>HS Admissions Exam Minimum for ELA/Math: </strong></li>                                                        <ul><li>General Education and 504 Plan Students:  / </li><li>IEP and EL Students:  / </li></ul>                                                        <li><strong>Priority: </strong>Proximity,General</li></ul>"
400091,CHICAGO TECH HS,Chicago Technology Academy High School,HS,https://www.cps.edu/schools/profiles/school-overview/CHICAGO-TECH-HS,https://chitech.org,41.863301,-87.659095,CHICAGO TECH HS-STEM,None,"<ul><li><strong>Selection Type: </strong>Random Computerized Lottery</li>                                                        <li><strong>GPA: </strong>N/A</li><li><strong>HS Admissions Exam Minimum for ELA/Math: </strong></li>                                                        <ul><li>General Education and 504 Plan Students:  / </li><li>IEP and EL Students:  / </li></ul>                                                        <li><strong>Priority: </strong>Sibling Preference,General</li></ul>"
400022,CHIARTS HS,Chicago High School for the Arts (ChiArts),HS,https://www.cps.edu/schools/profiles/school-overview/CHIARTS-HS,https://chiarts.org,41.899377,-87.694945,CHIARTS HS -Fine & Performing Arts- Instrumental Music Brass & Woodwinds,Audition,<ul><li><strong>Selection Type: </strong>Descending Point Score based on Audition Score</li>                                                        <li><strong>GPA: </strong>N/A</li><li><strong>HS Admissions Exam Minimum for ELA/Math: </strong></li>                                                        <ul><li>General Education and 504 Plan Students:  / </li><li>IEP and EL Students:  / </li></ul>                                                        <li><strong>Priority: </strong>General</li><li><strong>Note: </strong>Schedule your audition in your GoCPS account. For more information visit: Visit https://chiarts.org/prospective-students-parents/apply/audition-requirements/</li></ul>
400022,CHIARTS HS,Chicago High School for the Arts (ChiArts),HS,https://www.cps.edu/schools/profiles/school-overview/CHIARTS-HS,https://chiarts.org,41.899377,-87.694945,CHIARTS HS-Fine & Performing Arts-Creative Writing,Audition,<ul><li><strong>Selection Type: </strong>Descending Point Score based on Audition Score</li>                                                        <li><strong>GPA: </strong>N/A</li><li><strong>HS Admissions Exam Minimum for ELA/Math: </strong></li>                                                        <ul><li>General Education and 504 Plan Students:  / </li><li>IEP and EL Students:  / </li></ul>                                                        <li><strong>Priority: </strong>General</li><li><strong>Note: </strong>Schedule your audition in your GoCPS account. For more information visit: Visit https://chiarts.org/prospective-students-parents/apply/audition-requirements/</li></ul>
400022,CHIARTS HS,Chicago High School for the Arts (ChiArts),HS,https://www.cps.edu/schools/profiles/school-overview/CHIARTS-HS,https://chiarts.org,41.899377,-87.694945,CHIARTS HS-Fine & Performing Arts-Dance,Audition,<ul><li><strong>Selection Type: </strong>Descending Point Score based on Audition Score</li>                                                        <li><strong>GPA: </strong>N/A</li><li><strong>HS Admissions Exam Minimum for ELA/Math: </strong></li>                                                        <ul><li>General Education and 504 Plan Students:  / </li><li>IEP and EL Students:  / </li></ul>                                                        <li><strong>Priority: </strong>General</li><li><strong>Note: </strong>Schedule your audition in your GoCPS account. For more information visit: Visit https://chiarts.org/prospective-students-parents/apply/audition-requirements/</li></ul>
400022,CHIARTS HS,Chicago High School for the Arts (ChiArts),HS,https://www.cps.edu/schools/profiles/school-overview/CHIARTS-HS,https://chiarts.org,41.899377,-87.694945,CHIARTS HS-Fine & Performing Arts-Instrumental Music Guitar,Audition,<ul><li><strong>Selection Type: </strong>Descending Point Score based on Audition Score</li>                                                        <li><strong>GPA: </strong>N/A</li><li><strong>HS Admissions Exam Minimum for ELA/Math: </strong></li>                                                        <ul><li>General Education and 504 Plan Students:  / </li><li>IEP and EL Students:  / </li></ul>                                                        <li><strong>Priority: </strong>General</li><li><strong>Note: </strong>Schedule your audition in your GoCPS account. For more information visit: Visit https://chiarts.org/prospective-students-parents/apply/audition-requirements/</li></ul>
400022,CHIARTS HS,Chicago High School for the Arts (ChiArts),HS,https://www.cps.edu/schools/profiles/school-overview/CHIARTS-HS,https://chiarts.org,41.899377,-87.694945,CHIARTS HS-Fine & Performing Arts-Musical Theatre,Audition,<ul><li><strong>Selection Type: </strong>Descending Point Score based on Audition Score</li>                                                        <li><strong>GPA: </strong>N/A</li><li><strong>HS Admissions Exam Minimum for ELA/Math: </strong></li>                                                        <ul><li>General Education and 504 Plan Students:  / </li><li>IEP and EL Students:  / </li></ul>                                                        <li><strong>Priority: </strong>General</li><li><strong>Note: </strong>Schedule your audition in your GoCPS account. For more information visit: Visit https://chiarts.org/prospective-students-parents/apply/audition-requirements/</li></ul>
400022,CHIARTS HS,Chicago High School for the Arts (ChiArts),HS,https://www.cps.edu/schools/profiles/school-overview/CHIARTS-HS,https://chiarts.org,41.899377,-87.694945,CHIARTS HS- Fine & Performing Arts- Instrumental Music Percussion,Audition,<ul><li><strong>Selection Type: </strong>Descending Point Score based on Audition Score</li>                                                        <li><strong>GPA: </strong>N/A</li><li><strong>HS Admissions Exam Minimum for ELA/Math: </strong></li>                                                        <ul><li>General Education and 504 Plan Students:  / </li><li>IEP and EL Students:  / </li></ul>                                                        <li><strong>Priority: </strong>General</li><li><strong>Note: </strong>Schedule your audition in your GoCPS account. For more information visit: Visit https://chiarts.org/prospective-students-parents/apply/audition-requirements/</li></ul>
400022,CHIARTS HS,Chicago High School for the Arts (ChiArts),HS,https://www.cps.edu/schools/profiles/school-overview/CHIARTS-HS,https://chiarts.org,41.899377,-87.694945,CHIARTS HS-Fine & Performing Arts-Instrumental Music Piano,Audition,<ul><li><strong>Selection Type: </strong>Descending Point Score based on Audition Score</li>                                                        <li><strong>GPA: </strong>N/A</li><li><strong>HS Admissions Exam Minimum for ELA/Math: </strong></li>                                                        <ul><li>General Education and 504 Plan Students:  / </li><li>IEP and EL Students:  / </li></ul>                                                        <li><strong>Priority: </strong>General</li><li><strong>Note: </strong>Schedule your audition in your GoCPS account. For more information visit: Visit https://chiarts.org/prospective-students-parents/apply/audition-requirements/</li></ul>
400022,CHIARTS HS,Chicago High School for the Arts (ChiArts),HS,https://www.cps.edu/schools/profiles/school-overview/CHIARTS-HS,https://chiarts.org,41.899377,-87.694945,CHIARTS HS- Fine & Performing Arts-Instrumental Music Strings,Audition,<ul><li><strong>Selection Type: </strong>Descending Point Score based on Audition Score</li>                                                        <li><strong>GPA: </strong>N/A</li><li><strong>HS Admissions Exam Minimum for ELA/Math: </strong></li>                                                        <ul><li>General Education and 504 Plan Students:  / </li><li>IEP and EL Students:  / </li></ul>                                                        <li><strong>Priority: </strong>General</li><li><strong>Note: </strong>Schedule your audition in your GoCPS account. For more information visit: Visit https://chiarts.org/prospective-students-parents/apply/audition-requirements/</li></ul>
400022,CHIARTS HS,Chicago High School for the Arts (ChiArts),HS,https://www.cps.edu/schools/profiles/school-overview/CHIARTS-HS,https://chiarts.org,41.899377,-87.694945,CHIARTS HS- Fine & Performing Arts- Theatre,Audition,<ul><li><strong>Selection Type: </strong>Descending Point Score based on Audition Score</li>                                                        <li><strong>GPA: </strong>N/A</li><li><strong>HS Admissions Exam Minimum for ELA/Math: </strong></li>                                                        <ul><li>General Education and 504 Plan Students:  / </li><li>IEP and EL Students:  / </li></ul>                                                        <li><strong>Priority: </strong>General</li><li><strong>Note: </strong>Schedule your audition in your GoCPS account. For more information visit: Visit https://chiarts.org/prospective-students-parents/apply/audition-requirements/</li></ul>
400022,CHIARTS HS,Chicago High School for the Arts (ChiArts),HS,https://www.cps.edu/schools/profiles/school-overview/CHIARTS-HS,https://chiarts.org,41.899377,-87.694945,CHIARTS HS-Fine & Performing Arts-Visual Arts,Portfolio Review,<ul><li><strong>Selection Type: </strong>Descending Point Score based on Audition Score</li>                                                        <li><strong>GPA: </strong>N/A</li><li><strong>HS Admissions Exam Minimum for ELA/Math: </strong></li>                                                        <ul><li>General Education and 504 Plan Students:  / </li><li>IEP and EL Students:  / </li></ul>                                                        <li><strong>Priority: </strong>General</li><li><strong>Note: </strong>Schedule your audition in your GoCPS account. For more information visit: Visit https://chiarts.org/prospective-students-parents/apply/audition-requirements/</li></ul>
400022,CHIARTS HS,Chicago High School for the Arts (ChiArts),HS,https://www.cps.edu/schools/profiles/school-overview/CHIARTS-HS,https://chiarts.org,41.899377,-87.694945,CHIARTS HS- Fine & Performing Arts-Vocal Music,Audition,<ul><li><strong>Selection Type: </strong>Descending Point Score based on Audition Score</li>                                                        <li><strong>GPA: </strong>N/A</li><li><strong>HS Admissions Exam Minimum for ELA/Math: </strong></li>                                                        <ul><li>General Education and 504 Plan Students:  / </li><li>IEP and EL Students:  / </li></ul>                                                        <li><strong>Priority: </strong>General</li><li><strong>Note: </strong>Schedule your audition in your GoCPS account. For more information visit: Visit https://chiarts.org/prospective-students-parents/apply/audition-requirements/</li></ul>
610033,LASALLE,LaSalle Elementary Language Academy,ES,https://www.cps.edu/schools/profiles/school-overview/LASALLE,https://www.lasallechicago.com,41.9139,-87.637565,LASALLE-Magnet-World Language,None,"<ul><li><strong>Selection Type: </strong>Random Computerized Lottery</li>                                                        <li><strong>GPA: </strong>N/A</li><li><strong>HS Admissions Exam Minimum for ELA/Math: </strong></li>                                                        <ul><li>General Education and 504 Plan Students:  / </li><li>IEP and EL Students:  / </li></ul>                                                        <li><strong>Priority: </strong>Sibling Preference,Staff Preference,Proximity,Tier,General</li><li><strong>Note: </strong>The distribution of available seats into the 4 socio-economic tiers will only be applicable at the entry-level grade. Staff Preference (and, if applicable, proximity preference) applies at the entry level grade only. A maximum of 2 seats can be filled through Staff Preference.World Languages offered = French, Italian, Mandarin, Spanish</li></ul>"
610009,GALILEO,Galileo Math & Science Scholastic Academy ES,ES,https://www.cps.edu/schools/profiles/school-overview/GALILEO,https://galileoscholasticacademy.org,41.871255,-87.653366,GALILEO-Magnet-Scholastic Academy,None,"<ul><li><strong>Selection Type: </strong>Random Computerized Lottery</li>                                                        <li><strong>GPA: </strong>N/A</li><li><strong>HS Admissions Exam Minimum for ELA/Math: </strong></li>                                                        <ul><li>General Education and 504 Plan Students:  / </li><li>IEP and EL Students:  / </li></ul>                                                        <li><strong>Priority: </strong>Sibling Preference,Staff Preference,Proximity,Tier,General</li><li><strong>Note: </strong>The distribution of available seats into the 4 socio-economic tiers will only be applicable at the entry-level grade. Staff Preference (and, if applicable, proximity preference) applies at the entry level grade only. A maximum of 2 seats can be filled through Staff Preference.</li></ul>"
610078,INTER-AMERICAN,Inter-American Elementary Magnet School,ES,https://www.cps.edu/schools/profiles/school-overview/INTER-AMERICAN,https://iamschicago.com,41.949003,-87.651573,INTER-AMERICAN-Magnet-Dual Language,None,"<ul><li><strong>Selection Type: </strong>Random Computerized Lottery</li>                                                        <li><strong>GPA: </strong>N/A</li><li><strong>HS Admissions Exam Minimum for ELA/Math: </strong></li>                                                        <ul><li>General Education and 504 Plan Students:  / </li><li>IEP and EL Students:  / </li></ul>                                                        <li><strong>Priority: </strong>Sibling Preference,Staff Preference,Proximity,Tier,General</li><li><strong>Note: </strong>The distribution of available seats into the 4 socio-economic tiers will only be applicable at the entry-level grade. Staff Preference (and, if applicable, proximity preference) applies at the entry level grade only. A maximum of 2 seats can be filled through Staff Preference.</li></ul>"
609896,DRUMMOND,Thomas Drummond Elementary School,ES,https://www.cps.edu/schools/profiles/school-overview/DRUMMOND,http://drummondschool.org,41.915914,-87.674495,DRUMMOND-Magnet-Montessori,,"<ul><li><strong>Selection Type: </strong>Random Computerized Lottery</li>                                                        <li><strong>GPA: </strong>N/A</li><li><strong>HS Admissions Exam Minimum for ELA/Math: </strong></li>                                                        <ul><li>General Education and 504 Plan Students:  / </li><li>IEP and EL Students:  / </li></ul>                                                        <li><strong>Priority: </strong>Sibling Preference,Staff Preference,Proximity,Tier,General</li><li><strong>Note: </strong>The distribution of available seats into the 4 socio-economic tiers will only be applicable at the entry-level grade. Staff Preference (and, if applicable, proximity preference) applies at the entry level grade only. A maximum of 2 seats can be filled through Staff Preference.</li></ul>"
609907,ERICSON,Leif Ericson Elementary Scholastic Academy,ES,https://www.cps.edu/schools/profiles/school-overview/ERICSON,http://ericson.cps.edu,41.875744,-87.715804,ERICSON-Magnet-Scholastic Academy,None,"<ul><li><strong>Selection Type: </strong>Random Computerized Lottery</li>                                                        <li><strong>GPA: </strong>N/A</li><li><strong>HS Admissions Exam Minimum for ELA/Math: </strong></li>                                                        <ul><li>General Education and 504 Plan Students:  / </li><li>IEP and EL Students:  / </li></ul>                                                        <li><strong>Priority: </strong>Sibling Preference,Staff Preference,Tier,General</li><li><strong>Note: </strong>The distribution of available seats into the 4 socio-economic tiers will only be applicable at the entry-level grade. Staff Preference applies at the entry level grade only. A maximum of 2 seats can be filled through Staff Preference.</li></ul>"
609895,TURNER-DREW,Turner-Drew Elementary Language Academy,ES,https://www.cps.edu/schools/profiles/school-overview/TURNER-DREW,https://turner-drew.cps.edu,41.725609,-87.630164,TURNER-DREW-Magnet-World Language,None,"<ul><li><strong>Selection Type: </strong>Random Computerized Lottery</li>                                                        <li><strong>GPA: </strong>N/A</li><li><strong>HS Admissions Exam Minimum for ELA/Math: </strong></li>                                                        <ul><li>General Education and 504 Plan Students:  / </li><li>IEP and EL Students:  / </li></ul>                                                        <li><strong>Priority: </strong>Sibling Preference,Staff Preference,Tier,General</li><li><strong>Note: </strong>The distribution of available seats into the 4 socio-economic tiers will only be applicable at the entry-level grade. Staff Preference (and, if applicable, proximity preference) applies at the entry level grade only. A maximum of 2 seats can be filled through Staff Preference.World Language offered = Spanish</li></ul>"
609827,BURNSIDE,Burnside Elementary Scholastic Academy,ES,https://www.cps.edu/schools/profiles/school-overview/BURNSIDE,https://burnsidescholasticacademy.org,41.728481,-87.607435,BURNSIDE - Magnet - Scholastic Academy,None,"<ul><li><strong>Selection Type: </strong>Random Computerized Lottery</li>                                                        <li><strong>GPA: </strong>N/A</li><li><strong>HS Admissions Exam Minimum for ELA/Math: </strong></li>                                                        <ul><li>General Education and 504 Plan Students:  / </li><li>IEP and EL Students:  / </li></ul>                                                        <li><strong>Priority: </strong>Sibling Preference,Staff Preference,Proximity,Tier,General</li><li><strong>Note: </strong>The distribution of available seats into the 4 socio-economic tiers will only be applicable at the entry-level grade. Staff Preference (and, if applicable, proximity preference) applies at the entry level grade only. A maximum of 2 seats can be filled through Staff Preference.</li></ul>"
610109,OWEN,William Bishop Owen Scholastic Academy ES,ES,https://www.cps.edu/schools/profiles/school-overview/OWEN,https://owenscholasticacademy.org,41.74285,-87.705749,OWEN-Magnet-Scholastic Academy,None,"<ul><li><strong>Selection Type: </strong>Random Computerized Lottery</li>                                                        <li><strong>GPA: </strong>N/A</li><li><strong>HS Admissions Exam Minimum for ELA/Math: </strong></li>                                                        <ul><li>General Education and 504 Plan Students:  / </li><li>IEP and EL Students:  / </li></ul>                                                        <li><strong>Priority: </strong>Sibling Preference,Staff Preference,Tier,General</li><li><strong>Note: </strong>The distribution of available seats into the 4 socio-economic tiers will only be applicable at the entry-level grade. Staff Preference applies at the entry level grade only. A maximum of 2 seats can be filled through Staff Preference.</li></ul>"
610126,PERSHING,John J Pershing STEAM Magnet Elementary School,ES,https://www.cps.edu/schools/profiles/school-overview/PERSHING,https://pershingcps.org,41.836527,-87.618338,PERSHING -Magnet with Boundary-STEAM,None,"<ul><li><strong>Selection Type: </strong>Random Computerized Lottery</li>                                                        <li><strong>GPA: </strong>N/A</li><li><strong>HS Admissions Exam Minimum for ELA/Math: </strong></li>                                                        <ul><li>General Education and 504 Plan Students:  / </li><li>IEP and EL Students:  / </li></ul>                                                        <li><strong>Priority: </strong>Sibling Preference,Staff Preference,General</li><li><strong>Note: </strong>Staff Preference applies at the entry level grade only. A maximum of 2 seats can be filled through Staff Preference.</li></ul>"
610191,STONE,Stone Elementary Scholastic Academy,ES,https://www.cps.edu/schools/profiles/school-overview/STONE,http://stoneacademy.net/,41.995359,-87.684793,STONE-Magnet-Scholastic Academy,None,"<ul><li><strong>Selection Type: </strong>Random Computerized Lottery</li>                                                        <li><strong>GPA: </strong>N/A</li><li><strong>HS Admissions Exam Minimum for ELA/Math: </strong></li>                                                        <ul><li>General Education and 504 Plan Students:  / </li><li>IEP and EL Students:  / </li></ul>                                                        <li><strong>Priority: </strong>Sibling Preference,Staff Preference,Proximity,Tier,General</li><li><strong>Note: </strong>The distribution of available seats into the 4 socio-economic tiers will only be applicable at the entry-level grade. Staff Preference (and, if applicable, proximity preference) applies at the entry level grade only. A maximum of 2 seats can be filled through Staff Preference.</li></ul>"
610180,SMYTH,John M Smyth Elementary School,ES,https://www.cps.edu/schools/profiles/school-overview/SMYTH,http://smyth.cps.edu,41.865351,-87.653445,SMYTH-Magnet with Boundary-IB Primary Years Programme,None,"<ul><li><strong>Selection Type: </strong>Random Computerized Lottery</li>                                                        <li><strong>GPA: </strong>N/A</li><li><strong>HS Admissions Exam Minimum for ELA/Math: </strong></li>                                                        <ul><li>General Education and 504 Plan Students:  / </li><li>IEP and EL Students:  / </li></ul>                                                        <li><strong>Priority: </strong>Sibling Preference,Staff Preference,General</li><li><strong>Note: </strong>Staff Preference applies at the entry level grade only. A maximum of 2 seats can be filled through Staff Preference.</li></ul>"
610180,SMYTH,John M Smyth Elementary School,ES,https://www.cps.edu/schools/profiles/school-overview/SMYTH,http://smyth.cps.edu,41.865351,-87.653445,SMYTH-Magnet with Boundary-IB Middle Years Programme,None,"<ul><li><strong>Selection Type: </strong>Random Computerized Lottery</li>                                                        <li><strong>GPA: </strong>N/A</li><li><strong>HS Admissions Exam Minimum for ELA/Math: </strong></li>                                                        <ul><li>General Education and 504 Plan Students:  / </li><li>IEP and EL Students:  / </li></ul>                                                        <li><strong>Priority: </strong>Sibling Preference,General</li></ul>"
610201,THORP O,Ole A Thorp Elementary Scholastic Academy,ES,https://www.cps.edu/schools/profiles/school-overview/THORP-O,https://oathorpacademy.org,41.948571,-87.777631,THORP O-Magnet-Scholastic Academy,None,"<ul><li><strong>Selection Type: </strong>Random Computerized Lottery</li>                                                        <li><strong>GPA: </strong>N/A</li><li><strong>HS Admissions Exam Minimum for ELA/Math: </strong></li>                                                        <ul><li>General Education and 504 Plan Students:  / </li><li>IEP and EL Students:  / </li></ul>                                                        <li><strong>Priority: </strong>Sibling Preference,Staff Preference,Tier,General</li><li><strong>Note: </strong>The distribution of available seats into the 4 socio-economic tiers will only be applicable at the entry-level grade. Staff Preference (and, if applicable, proximity preference) applies at the entry level grade only. A maximum of 2 seats can be filled through Staff Preference.</li></ul>"
610090,MURRAY,Phillip Murray Elementary Language Academy,ES,https://www.cps.edu/schools/profiles/school-overview/MURRAY,https://murray.cps.edu,41.798535,-87.59334,MURRAY-Magnet-World Language,None,"<ul><li><strong>Selection Type: </strong>Random Computerized Lottery</li>                                                        <li><strong>GPA: </strong>N/A</li><li><strong>HS Admissions Exam Minimum for ELA/Math: </strong></li>                                                        <ul><li>General Education and 504 Plan Students:  / </li><li>IEP and EL Students:  / </li></ul>                                                        <li><strong>Priority: </strong>Sibling Preference,Staff Preference,Proximity,Tier,General</li><li><strong>Note: </strong>The distribution of available seats into the 4 socio-economic tiers will only be applicable at the entry-level grade. Staff Preference (and, if applicable, proximity preference) applies at the entry level grade only. A maximum of 2 seats can be filled through Staff Preference.World Languages offered = French, Mandarin, Spanish</li></ul>"
610095,NEWBERRY,Walter L Newberry Math & Science Academy ES,ES,https://www.cps.edu/schools/profiles/school-overview/NEWBERRY,http://www.newberryacademy.org,41.913947,-87.64599,NEWBERRY-Magnet-Scholastic Academy,None,"<ul><li><strong>Selection Type: </strong>Random Computerized Lottery</li>                                                        <li><strong>GPA: </strong>N/A</li><li><strong>HS Admissions Exam Minimum for ELA/Math: </strong></li>                                                        <ul><li>General Education and 504 Plan Students:  / </li><li>IEP and EL Students:  / </li></ul>                                                        <li><strong>Priority: </strong>Sibling Preference,Staff Preference,Proximity,Tier,General</li><li><strong>Note: </strong>The distribution of available seats into the 4 socio-economic tiers will only be applicable at the entry-level grade. Staff Preference (and, if applicable, proximity preference) applies at the entry level grade only. A maximum of 2 seats can be filled through Staff Preference.</li></ul>"
610081,SHERIDAN,Mark Sheridan Math & Science Academy,ES,https://www.cps.edu/schools/profiles/school-overview/SHERIDAN,http://sheridan.cps.edu,41.8444,-87.64134,SHERIDAN-Magnet-Scholastic Academy,None,"<ul><li><strong>Selection Type: </strong>Random Computerized Lottery</li>                                                        <li><strong>GPA: </strong>N/A</li><li><strong>HS Admissions Exam Minimum for ELA/Math: </strong></li>                                                        <ul><li>General Education and 504 Plan Students:  / </li><li>IEP and EL Students:  / </li></ul>                                                        <li><strong>Priority: </strong>Sibling Preference,Staff Preference,Proximity,Tier,General</li><li><strong>Note: </strong>The distribution of available seats into the 4 socio-economic tiers will only be applicable at the entry-level grade. Staff Preference (and, if applicable, proximity preference) applies at the entry level grade only. A maximum of 2 seats can be filled through Staff Preference.</li></ul>"
610059,MAYER,Oscar Mayer Magnet School,ES,https://www.cps.edu/schools/profiles/school-overview/MAYER,http://mayermagnet.org/,41.923204,-87.657287,"MAYER-Magnet with Boundary-Montessori, Fine & Performing Arts",None,"<ul><li><strong>Selection Type: </strong>Random Computerized Lottery</li>                                                        <li><strong>GPA: </strong>N/A</li><li><strong>HS Admissions Exam Minimum for ELA/Math: </strong></li>                                                        <ul><li>General Education and 504 Plan Students:  / </li><li>IEP and EL Students:  / </li></ul>                                                        <li><strong>Priority: </strong>Sibling Preference,Staff Preference,General</li><li><strong>Note: </strong>Staff Preference applies at the entry level grade only. A maximum of 2 seats can be filled through Staff Preference.</li></ul>"
610059,MAYER,Oscar Mayer Magnet School,ES,https://www.cps.edu/schools/profiles/school-overview/MAYER,http://mayermagnet.org/,41.923204,-87.657287,"MAYER-Magnet with Boundary-IB Middle Years Programme, Fine & Performing Arts",None,"<ul><li><strong>Selection Type: </strong>Random Computerized Lottery</li>                                                        <li><strong>GPA: </strong>N/A</li><li><strong>HS Admissions Exam Minimum for ELA/Math: </strong></li>                                                        <ul><li>General Education and 504 Plan Students:  / </li><li>IEP and EL Students:  / </li></ul>                                                        <li><strong>Priority: </strong>Sibling Preference,General</li></ul>"
610060,CHICAGO WORLD LANGUAGE ACADEMY,Chicago World Language Academy,ES,https://www.cps.edu/schools/profiles/school-overview/CHICAGO-WORLD-LANGUAGE-ACADEMY,https://www.chicagoworldlanguageacademy.cps.edu,41.8743,-87.660985,CHICAGO WORLD LANGUAGE ACADEMY-Magnet-World Language,None,"<ul><li><strong>Selection Type: </strong>Random Computerized Lottery</li>                                                        <li><strong>GPA: </strong>N/A</li><li><strong>HS Admissions Exam Minimum for ELA/Math: </strong></li>                                                        <ul><li>General Education and 504 Plan Students:  / </li><li>IEP and EL Students:  / </li></ul>                                                        <li><strong>Priority: </strong>Sibling Preference,Staff Preference,Proximity,Tier,General</li><li><strong>Note: </strong>The distribution of available seats into the 4 socio-economic tiers will only be applicable at the entry-level grade. Staff Preference (and, if applicable, proximity preference) applies at the entry level grade only. A maximum of 2 seats can be filled through Staff Preference.World Languages offered = French, Japanese, Mandarin, Spanish</li></ul>"
610017,SAUCEDO,Maria Saucedo STEAM Magnet Academy,ES,https://www.cps.edu/schools/profiles/school-overview/SAUCEDO,https://saucedosteammagnetacademy.cps.edu,41.847941,-87.697316,"SAUCEDO-Magnet-Scholastic Academy, STEAM",None,"<ul><li><strong>Selection Type: </strong>Random Computerized Lottery</li>                                                        <li><strong>GPA: </strong>N/A</li><li><strong>HS Admissions Exam Minimum for ELA/Math: </strong></li>                                                        <ul><li>General Education and 504 Plan Students:  / </li><li>IEP and EL Students:  / </li></ul>                                                        <li><strong>Priority: </strong>Sibling Preference,Staff Preference,Tier,General</li><li><strong>Note: </strong>The distribution of available seats into the 4 socio-economic tiers will only be applicable at the entry-level grade. Staff Preference applies at the entry level grade only. A maximum of 2 seats can be filled through Staff Preference.</li></ul>"
610019,KERSHAW,Joshua D Kershaw Elementary School,ES,https://www.cps.edu/schools/profiles/school-overview/KERSHAW,https://kershawmagnet.org,41.776453,-87.640892,KERSHAW-Magnet-IB Primary Years Programme,None,"<ul><li><strong>Selection Type: </strong>Random Computerized Lottery</li>                                                        <li><strong>GPA: </strong>N/A</li><li><strong>HS Admissions Exam Minimum for ELA/Math: </strong></li>                                                        <ul><li>General Education and 504 Plan Students:  / </li><li>IEP and EL Students:  / </li></ul>                                                        <li><strong>Priority: </strong>Sibling Preference,Staff Preference,Tier,General</li><li><strong>Note: </strong>The distribution of available seats into the 4 socio-economic tiers will only be applicable at the entry-level grade. Staff Preference applies at the entry level grade only. A maximum of 2 seats can be filled through Staff Preference.</li></ul>"
610019,KERSHAW,Joshua D Kershaw Elementary School,ES,https://www.cps.edu/schools/profiles/school-overview/KERSHAW,https://kershawmagnet.org,41.776453,-87.640892,KERSHAW-Magnet-IB Middle Years Programme,None,"<ul><li><strong>Selection Type: </strong>Random Computerized Lottery</li>                                                        <li><strong>GPA: </strong>N/A</li><li><strong>HS Admissions Exam Minimum for ELA/Math: </strong></li>                                                        <ul><li>General Education and 504 Plan Students:  / </li><li>IEP and EL Students:  / </li></ul>                                                        <li><strong>Priority: </strong>Sibling Preference,General</li><li><strong>Note: </strong>Staff Preference applies at the entry level grade only. A maximum of 2 seats can be filled through Staff Preference.</li></ul>"
609926,FRANKLIN,Franklin Elementary Fine Arts Center,ES,https://www.cps.edu/schools/profiles/school-overview/FRANKLIN,https://franklinfineartscenter.net,41.9066,-87.635513,FRANKLIN-Magnet-Fine & Performing Arts,None,"<ul><li><strong>Selection Type: </strong>Random Computerized Lottery</li>                                                        <li><strong>GPA: </strong>N/A</li><li><strong>HS Admissions Exam Minimum for ELA/Math: </strong></li>                                                        <ul><li>General Education and 504 Plan Students:  / </li><li>IEP and EL Students:  / </li></ul>                                                        <li><strong>Priority: </strong>Sibling Preference,Staff Preference,Proximity,Tier,General</li><li><strong>Note: </strong>The distribution of available seats into the 4 socio-economic tiers will only be applicable at the entry-level grade. Staff Preference (and, if applicable, proximity preference) applies at the entry level grade only. A maximum of 2 seats can be filled through Staff Preference.</li></ul>"
609935,GALLISTEL,Matthew Gallistel Elementary Language Academy,ES,https://www.cps.edu/schools/profiles/school-overview/GALLISTEL,http://gallistel.cps.edu/,41.706801,-87.535175,GALLISTEL-Magnet with Boundary-World Language,None,"<ul><li><strong>Selection Type: </strong>Random Computerized Lottery</li>                                                        <li><strong>GPA: </strong>N/A</li><li><strong>HS Admissions Exam Minimum for ELA/Math: </strong></li>                                                        <ul><li>General Education and 504 Plan Students:  / </li><li>IEP and EL Students:  / </li></ul>                                                        <li><strong>Priority: </strong>Sibling Preference,Staff Preference,General</li><li><strong>Note: </strong>Staff Preference applies at the entry level grade only. A maximum of 2 seats can be filled through Staff Preference.World Languages offered = French, Spanish</li></ul>"
609941,RANDOLPH,Asa Philip Randolph Elementary School,ES,https://www.cps.edu/schools/profiles/school-overview/RANDOLPH,http://randolph.cps.edu/,41.760614,-87.675966,RANDOLPH-Magnet with Boundary-Scholastic Academy,None,"<ul><li><strong>Selection Type: </strong>Random Computerized Lottery</li>                                                        <li><strong>GPA: </strong>N/A</li><li><strong>HS Admissions Exam Minimum for ELA/Math: </strong></li>                                                        <ul><li>General Education and 504 Plan Students:  / </li><li>IEP and EL Students:  / </li></ul>                                                        <li><strong>Priority: </strong>Sibling Preference,Staff Preference,General</li><li><strong>Note: </strong>Staff Preference applies at the entry level grade only. A maximum of 2 seats can be filled through Staff Preference.</li></ul>"
609958,GUNSAULUS,Frank W Gunsaulus Elementary Scholastic Academy,ES,https://www.cps.edu/schools/profiles/school-overview/GUNSAULUS,https://gunsaulus.org,41.813007,-87.699364,GUNSAULUS-Magnet-Scholastic Academy,None,"<ul><li><strong>Selection Type: </strong>Random Computerized Lottery</li>                                                        <li><strong>GPA: </strong>N/A</li><li><strong>HS Admissions Exam Minimum for ELA/Math: </strong></li>                                                        <ul><li>General Education and 504 Plan Students:  / </li><li>IEP and EL Students:  / </li></ul>                                                        <li><strong>Priority: </strong>Sibling Preference,Staff Preference,Tier,General</li><li><strong>Note: </strong>The distribution of available seats into the 4 socio-economic tiers will only be applicable at the entry-level grade. Staff Preference applies at the entry level grade only. A maximum of 2 seats can be filled through Staff Preference.</li></ul>"
609974,HAWTHORNE,Hawthorne Elementary Scholastic Academy,ES,https://www.cps.edu/schools/profiles/school-overview/HAWTHORNE,https://www.hawthorneacad.org,41.942275,-87.657709,"HAWTHORNE-Magnet-Scholastic Academy, Personalized Learning",None,"<ul><li><strong>Selection Type: </strong>Random Computerized Lottery</li>                                                        <li><strong>GPA: </strong>N/A</li><li><strong>HS Admissions Exam Minimum for ELA/Math: </strong></li>                                                        <ul><li>General Education and 504 Plan Students:  / </li><li>IEP and EL Students:  / </li></ul>                                                        <li><strong>Priority: </strong>Sibling Preference,Staff Preference,Proximity,Tier,General</li><li><strong>Note: </strong>The distribution of available seats into the 4 socio-economic tiers will only be applicable at the entry-level grade. Staff Preference (and, if applicable, proximity preference) applies at the entry level grade only. A maximum of 2 seats can be filled through Staff Preference.</li></ul>"
610548,STEM,STEM Magnet Academy,ES,https://www.cps.edu/schools/profiles/school-overview/STEM,https://STEMMagnetAcademy.com,41.868576,-87.664969,STEM-Magnet-STEM,None,"<ul><li><strong>Selection Type: </strong>Random Computerized Lottery</li>                                                        <li><strong>GPA: </strong>N/A</li><li><strong>HS Admissions Exam Minimum for ELA/Math: </strong></li>                                                        <ul><li>General Education and 504 Plan Students:  / </li><li>IEP and EL Students:  / </li></ul>                                                        <li><strong>Priority: </strong>Sibling Preference,Staff Preference,Proximity,Tier,General</li><li><strong>Note: </strong>The distribution of available seats into the 4 socio-economic tiers will only be applicable at the entry-level grade. Staff Preference (and, if applicable, proximity preference) applies at the entry level grade only. A maximum of 2 seats can be filled through Staff Preference.</li></ul>"
610363,DISNEY,Walt Disney Magnet Elementary School,ES,https://www.cps.edu/schools/profiles/school-overview/DISNEY,https://disney.cps.edu,41.956816,-87.646083,"DISNEY-Magnet-Fine & Performing Arts, Technology",None,"<ul><li><strong>Selection Type: </strong>Random Computerized Lottery</li>                                                        <li><strong>GPA: </strong>N/A</li><li><strong>HS Admissions Exam Minimum for ELA/Math: </strong></li>                                                        <ul><li>General Education and 504 Plan Students:  / </li><li>IEP and EL Students:  / </li></ul>                                                        <li><strong>Priority: </strong>Sibling Preference,Staff Preference,Proximity,Tier,General</li><li><strong>Note: </strong>The distribution of available seats into the 4 socio-economic tiers will only be applicable at the entry-level grade. Staff Preference (and, if applicable, proximity preference) applies at the entry level grade only. A maximum of 2 seats can be filled through Staff Preference.</li></ul>"
610405,SUDER,Suder Montessori Magnet ES,ES,https://www.cps.edu/schools/profiles/school-overview/SUDER,https://sudermontessori.org,41.883215,-87.677636,SUDER-Magnet-Montessori,None,"<ul><li><strong>Selection Type: </strong>Random Computerized Lottery</li>                                                        <li><strong>GPA: </strong>N/A</li><li><strong>HS Admissions Exam Minimum for ELA/Math: </strong></li>                                                        <ul><li>General Education and 504 Plan Students:  / </li><li>IEP and EL Students:  / </li></ul>                                                        <li><strong>Priority: </strong>Sibling Preference,Staff Preference,Proximity,Tier,General</li><li><strong>Note: </strong>The distribution of available seats into the 4 socio-economic tiers will only be applicable at the entry-level grade. Staff Preference (and, if applicable, proximity preference) applies at the entry level grade only. A maximum of 2 seats can be filled through Staff Preference.</li></ul>"
610503,FRAZIER PROSPECTIVE,Frazier Prospective IB Magnet ES,ES,https://www.cps.edu/schools/profiles/school-overview/FRAZIER-PROSPECTIVE,http://fraziermagnet.cps.edu/,41.86698,-87.727244,FRAZIER PROSPECTIVE-Magnet-IB Primary Years Programme,None,"<ul><li><strong>Selection Type: </strong>Random Computerized Lottery</li>                                                        <li><strong>GPA: </strong>N/A</li><li><strong>HS Admissions Exam Minimum for ELA/Math: </strong></li>                                                        <ul><li>General Education and 504 Plan Students:  / </li><li>IEP and EL Students:  / </li></ul>                                                        <li><strong>Priority: </strong>Sibling Preference,Staff Preference,Tier,General</li><li><strong>Note: </strong>The distribution of available seats into the 4 socio-economic tiers will only be applicable at the entry-level grade. Staff Preference applies at the entry level grade only. A maximum of 2 seats can be filled through Staff Preference.</li></ul>"
610503,FRAZIER PROSPECTIVE,Frazier Prospective IB Magnet ES,ES,https://www.cps.edu/schools/profiles/school-overview/FRAZIER-PROSPECTIVE,http://fraziermagnet.cps.edu/,41.86698,-87.727244,FRAZIER PROSPECTIVE-Magnet-IB Middle Years Programme,None,"<ul><li><strong>Selection Type: </strong>Random Computerized Lottery</li>                                                        <li><strong>GPA: </strong>N/A</li><li><strong>HS Admissions Exam Minimum for ELA/Math: </strong></li>                                                        <ul><li>General Education and 504 Plan Students:  / </li><li>IEP and EL Students:  / </li></ul>                                                        <li><strong>Priority: </strong>Sibling Preference,General</li></ul>"
610515,DISNEY II ES,Disney II Magnet School,ES,https://www.cps.edu/schools/profiles/school-overview/DISNEY-II-ES,https://disneyiimagnet.org,41.950461,-87.730678,"DISNEY II ES-Magnet-Fine & Performing Arts, Technology",None,"<ul><li><strong>Selection Type: </strong>Random Computerized Lottery</li>                                                        <li><strong>GPA: </strong>N/A</li><li><strong>HS Admissions Exam Minimum for ELA/Math: </strong></li>                                                        <ul><li>General Education and 504 Plan Students:  / </li><li>IEP and EL Students:  / </li></ul>                                                        <li><strong>Priority: </strong>Sibling Preference,Staff Preference,Proximity,Tier,General</li><li><strong>Note: </strong>The distribution of available seats into the 4 socio-economic tiers will only be applicable at the entry-level grade. Staff Preference (and, if applicable, proximity preference) applies at the entry level grade only. A maximum of 2 seats can be filled through Staff Preference.</li></ul>"
610520,LASALLE II,LaSalle II Magnet Elementary School,ES,https://www.cps.edu/schools/profiles/school-overview/LASALLE-II,http://www.lasalle2school.com,41.902914,-87.673696,LASALLE II-Magnet-World Language,None,"<ul><li><strong>Selection Type: </strong>Random Computerized Lottery</li>                                                        <li><strong>GPA: </strong>N/A</li><li><strong>HS Admissions Exam Minimum for ELA/Math: </strong></li>                                                        <ul><li>General Education and 504 Plan Students:  / </li><li>IEP and EL Students:  / </li></ul>                                                        <li><strong>Priority: </strong>Sibling Preference,Staff Preference,Proximity,Tier,General</li><li><strong>Note: </strong>The distribution of available seats into the 4 socio-economic tiers will only be applicable at the entry-level grade. Staff Preference (and, if applicable, proximity preference) applies at the entry level grade only. A maximum of 2 seats can be filled through Staff Preference.World Languages offered = Arabic, French, Mandarin, Spanish</li></ul>"
610521,DAVIS M,Sir Miles Davis Magnet Elementary Academy,ES,https://www.cps.edu/schools/profiles/school-overview/DAVIS-M,https://milesdavismagnet.org,41.771221,-87.66653,DAVIS M-Magnet-STEM,None,"<ul><li><strong>Selection Type: </strong>Random Computerized Lottery</li>                                                        <li><strong>GPA: </strong>N/A</li><li><strong>HS Admissions Exam Minimum for ELA/Math: </strong></li>                                                        <ul><li>General Education and 504 Plan Students:  / </li><li>IEP and EL Students:  / </li></ul>                                                        <li><strong>Priority: </strong>Sibling Preference,Staff Preference,Tier,General</li><li><strong>Note: </strong>The distribution of available seats into the 4 socio-economic tiers will only be applicable at the entry-level grade. Staff Preference applies at the entry level grade only. A maximum of 2 seats can be filled through Staff Preference.</li></ul>"
610230,WILDWOOD,Wildwood IB World Magnet School,ES,https://www.cps.edu/schools/profiles/school-overview/WILDWOOD,https://wildwoodIB.org,42.007491,-87.778345,WILDWOOD-Magnet with Boundary-IB Primary Years Programme,None,"<ul><li><strong>Selection Type: </strong>Random Computerized Lottery</li>                                                        <li><strong>GPA: </strong>N/A</li><li><strong>HS Admissions Exam Minimum for ELA/Math: </strong></li>                                                        <ul><li>General Education and 504 Plan Students:  / </li><li>IEP and EL Students:  / </li></ul>                                                        <li><strong>Priority: </strong>Sibling Preference,Staff Preference,General</li><li><strong>Note: </strong>Staff Preference applies at the entry level grade only. A maximum of 2 seats can be filled through Staff Preference.</li></ul>"
610230,WILDWOOD,Wildwood IB World Magnet School,ES,https://www.cps.edu/schools/profiles/school-overview/WILDWOOD,https://wildwoodIB.org,42.007491,-87.778345,WILDWOOD-Magnet with Boundary-IB Middle Years Programme,None,"<ul><li><strong>Selection Type: </strong>Random Computerized Lottery</li>                                                        <li><strong>GPA: </strong>N/A</li><li><strong>HS Admissions Exam Minimum for ELA/Math: </strong></li>                                                        <ul><li>General Education and 504 Plan Students:  / </li><li>IEP and EL Students:  / </li></ul>                                                        <li><strong>Priority: </strong>Sibling Preference,General</li></ul>"
610207,VANDERPOEL,John H Vanderpoel Elementary Magnet School,ES,https://www.cps.edu/schools/profiles/school-overview/VANDERPOEL,http://www.vhaelementary.org/,41.720817,-87.665559,VANDERPOEL-Magnet-Fine & Performing Arts,None,"<ul><li><strong>Selection Type: </strong>Random Computerized Lottery</li>                                                        <li><strong>GPA: </strong>N/A</li><li><strong>HS Admissions Exam Minimum for ELA/Math: </strong></li>                                                        <ul><li>General Education and 504 Plan Students:  / </li><li>IEP and EL Students:  / </li></ul>                                                        <li><strong>Priority: </strong>Sibling Preference,Staff Preference,Proximity,Tier,General</li><li><strong>Note: </strong>The distribution of available seats into the 4 socio-economic tiers will only be applicable at the entry-level grade. Staff Preference (and, if applicable, proximity preference) applies at the entry level grade only. A maximum of 2 seats can be filled through Staff Preference.</li></ul>"
610271,JENSEN,Jensen Elementary Scholastic Academy,ES,https://www.cps.edu/schools/profiles/school-overview/JENSEN,http://jensen.cps.edu,41.873815,-87.702241,JENSEN-Magnet-Scholastic Academy,None,"<ul><li><strong>Selection Type: </strong>Random Computerized Lottery</li>                                                        <li><strong>GPA: </strong>N/A</li><li><strong>HS Admissions Exam Minimum for ELA/Math: </strong></li>                                                        <ul><li>General Education and 504 Plan Students:  / </li><li>IEP and EL Students:  / </li></ul>                                                        <li><strong>Priority: </strong>Sibling Preference,Staff Preference,General</li><li><strong>Note: </strong>Staff Preference applies at the entry level grade only. A maximum of 2 seats can be filled through Staff Preference.</li></ul>"
610350,BLACK,Robert A Black Magnet Elementary School,ES,https://www.cps.edu/schools/profiles/school-overview/BLACK,https://blackmagnet.org,41.729692,-87.576643,BLACK-Magnet-Scholastic Academy,None,"<ul><li><strong>Selection Type: </strong>Random Computerized Lottery</li>                                                        <li><strong>GPA: </strong>N/A</li><li><strong>HS Admissions Exam Minimum for ELA/Math: </strong></li>                                                        <ul><li>General Education and 504 Plan Students:  / </li><li>IEP and EL Students:  / </li></ul>                                                        <li><strong>Priority: </strong>Sibling Preference,Staff Preference,Proximity,Tier,General</li><li><strong>Note: </strong>The distribution of available seats into the 4 socio-economic tiers will only be applicable at the entry-level grade. Staff Preference (and, if applicable, proximity preference) applies at the entry level grade only. A maximum of 2 seats can be filled through Staff Preference.</li></ul>"
610342,SABIN,Albert R Sabin Elementary Magnet School,ES,https://www.cps.edu/schools/profiles/school-overview/SABIN,https://sabin.cps.edu,41.906816,-87.68305,SABIN-Magnet-World Language,None,"<ul><li><strong>Selection Type: </strong>Random Computerized Lottery</li>                                                        <li><strong>GPA: </strong>N/A</li><li><strong>HS Admissions Exam Minimum for ELA/Math: </strong></li>                                                        <ul><li>General Education and 504 Plan Students:  / </li><li>IEP and EL Students:  / </li></ul>                                                        <li><strong>Priority: </strong>Sibling Preference,Staff Preference,Proximity,Tier,General</li><li><strong>Note: </strong>The distribution of available seats into the 4 socio-economic tiers will only be applicable at the entry-level grade. Staff Preference (and, if applicable, proximity preference) applies at the entry level grade only. A maximum of 2 seats can be filled through Staff Preference.World Language offered = Spanish</li></ul>"
610342,SABIN,Albert R Sabin Elementary Magnet School,ES,https://www.cps.edu/schools/profiles/school-overview/SABIN,https://sabin.cps.edu,41.906816,-87.68305,SABIN-Open Enrollment-Dual Language,None,"<ul><li><strong>Selection Type: </strong>Random Computerized Lottery</li>                                                        <li><strong>GPA: </strong>N/A</li><li><strong>HS Admissions Exam Minimum for ELA/Math: </strong></li>                                                        <ul><li>General Education and 504 Plan Students:  / </li><li>IEP and EL Students:  / </li></ul>                                                        <li><strong>Priority: </strong>Sibling Preference,Staff Preference,General</li><li><strong>Note: </strong>Staff Preference applies at the entry level grade only. A maximum of 2 seats can be filled through Staff Preference.</li></ul>"
610244,CLARK HS,Michele Clark Academic Prep Magnet High School,HS,https://www.cps.edu/schools/profiles/school-overview/CLARK-HS,https://micheleclark.org,41.872885,-87.753325,CLARK HS - International Baccalaureate (IB),,<ul><li><strong>Selection Type: </strong>Descending Point Score based on Academic Criteria</li>                                                        <li><strong>GPA: </strong>N/A</li><li><strong>HS Admissions Exam Minimum for ELA/Math: </strong></li>                                                        <ul><li>General Education and 504 Plan Students:  / </li><li>IEP and EL Students:  / </li></ul>                                                        <li><strong>Priority: </strong>General</li><li><strong>Note: </strong>50 bonus points for students who live within a 2.5 mile proximity of the school.  </li></ul>
610244,CLARK HS,Michele Clark Academic Prep Magnet High School,HS,https://www.cps.edu/schools/profiles/school-overview/CLARK-HS,https://micheleclark.org,41.872885,-87.753325,CLARK HS-Special Education-Significantly Modified Curriculum w/ Moderate Supports,Cluster and Review,"<ul><li><strong>Selection Type: </strong>Random Computerized Lottery</li>                                                        <li><strong>GPA: </strong>N/A</li><li><strong>HS Admissions Exam Minimum for ELA/Math: </strong></li>                                                        <ul><li>General Education and 504 Plan Students:  / </li><li>IEP and EL Students:  / </li></ul>                                                        <li><strong>Priority: </strong>Proximity,General</li></ul>"
610244,CLARK HS,Michele Clark Academic Prep Magnet High School,HS,https://www.cps.edu/schools/profiles/school-overview/CLARK-HS,https://micheleclark.org,41.872885,-87.753325,CLARK HS-Magnet-Early College STEM,None,"<ul><li><strong>Selection Type: </strong>Random Computerized Lottery</li>                                                        <li><strong>GPA: </strong>N/A</li><li><strong>HS Admissions Exam Minimum for ELA/Math: </strong></li>                                                        <ul><li>General Education and 504 Plan Students:  / </li><li>IEP and EL Students:  / </li></ul>                                                        <li><strong>Priority: </strong>Sibling Preference,Staff Preference,Tier</li><li><strong>Note: </strong>Staff Preference applies at the entry level grade only. A maximum of 2 seats can be filled through Staff Preference.</li></ul>"
610564,DISNEY II HS,Disney II Magnet High School,HS,https://www.cps.edu/schools/profiles/school-overview/DISNEY-II-HS,https://disneyiimagnet.org,41.952488,-87.721364,"DISNEY II HS-Magnet-Fine & Performing Arts, Technology",None,"<ul><li><strong>Selection Type: </strong>Random Computerized Lottery</li>                                                        <li><strong>GPA: </strong>N/A</li><li><strong>HS Admissions Exam Minimum for ELA/Math: </strong></li>                                                        <ul><li>General Education and 504 Plan Students:  / </li><li>IEP and EL Students:  / </li></ul>                                                        <li><strong>Priority: </strong>Sibling Preference,Staff Preference,Proximity,Tier,General</li><li><strong>Note: </strong>This program serves only grades 7-8. There is a separate program available for applicants to grade 9.Staff Preference applies at the entry level grade only. A maximum of 2 seats can be filled through Staff Preference.</li></ul>"
610564,DISNEY II HS,Disney II Magnet High School,HS,https://www.cps.edu/schools/profiles/school-overview/DISNEY-II-HS,https://disneyiimagnet.org,41.952488,-87.721364,"DISNEY II HS-Magnet-Fine & Performing Arts, Technology",None,"<ul><li><strong>Selection Type: </strong>Random Computerized Lottery</li>                                                        <li><strong>GPA: </strong>N/A</li><li><strong>HS Admissions Exam Minimum for ELA/Math: </strong></li>                                                        <ul><li>General Education and 504 Plan Students:  / </li><li>IEP and EL Students:  / </li></ul>                                                        <li><strong>Priority: </strong>Continuing Enrollment,Sibling Preference,Staff Preference,Tier</li><li><strong>Note: </strong>Staff Preference applies at the entry level grade only. A maximum of 2 seats can be filled through Staff Preference.</li></ul>"
610561,CRANE MEDICAL HS,Richard T Crane Medical Preparatory HS,HS,https://www.cps.edu/schools/profiles/school-overview/CRANE-MEDICAL-HS,https://newcranemedicalprep.org,41.876947,-87.683301,CRANE MEDICAL HS-Magnet-Early College STEM,None,"<ul><li><strong>Selection Type: </strong>Random Computerized Lottery</li>                                                        <li><strong>GPA: </strong>N/A</li><li><strong>HS Admissions Exam Minimum for ELA/Math: </strong></li>                                                        <ul><li>General Education and 504 Plan Students:  / </li><li>IEP and EL Students:  / </li></ul>                                                        <li><strong>Priority: </strong>Sibling Preference,Staff Preference,Tier</li><li><strong>Note: </strong>Staff Preference applies at the entry level grade only. A maximum of 2 seats can be filled through Staff Preference.</li></ul>"
609753,CHICAGO AGRICULTURE HS,Chicago High School for Agricultural Sciences,HS,https://www.cps.edu/schools/profiles/school-overview/CHICAGO-AGRICULTURE-HS,https://chicagoagr.org,41.691221,-87.71777,CHICAGO AGRICULTURE HS-Magnet-Agriculture & Horticulture,None,"<ul><li><strong>Selection Type: </strong>Random Computerized Lottery</li>                                                        <li><strong>GPA: </strong>N/A</li><li><strong>HS Admissions Exam Minimum for ELA/Math: </strong></li>                                                        <ul><li>General Education and 504 Plan Students:  / </li><li>IEP and EL Students:  / </li></ul>                                                        <li><strong>Priority: </strong>Overlay,Sibling Preference,Staff Preference,Tier</li><li><strong>Note: </strong>Staff Preference applies at the entry level grade only. A maximum of 2 seats can be filled through Staff Preference.</li></ul>"
609753,CHICAGO AGRICULTURE HS,Chicago High School for Agricultural Sciences,HS,https://www.cps.edu/schools/profiles/school-overview/CHICAGO-AGRICULTURE-HS,https://chicagoagr.org,41.691221,-87.71777,CHICAGO AGRICULTURE HS-Special Education-Significantly Modified Curriculum w/ Intensive Supports,Cluster and Review,"<ul><li><strong>Selection Type: </strong>Random Computerized Lottery</li>                                                        <li><strong>GPA: </strong>N/A</li><li><strong>HS Admissions Exam Minimum for ELA/Math: </strong></li>                                                        <ul><li>General Education and 504 Plan Students:  / </li><li>IEP and EL Students:  / </li></ul>                                                        <li><strong>Priority: </strong>Proximity,General</li></ul>"
609753,CHICAGO AGRICULTURE HS,Chicago High School for Agricultural Sciences,HS,https://www.cps.edu/schools/profiles/school-overview/CHICAGO-AGRICULTURE-HS,https://chicagoagr.org,41.691221,-87.71777,CHICAGO AGRICULTURE HS-Special Education-Significantly Modified Curriculum w/ Moderate Supports,Cluster and Review,"<ul><li><strong>Selection Type: </strong>Random Computerized Lottery</li>                                                        <li><strong>GPA: </strong>N/A</li><li><strong>HS Admissions Exam Minimum for ELA/Math: </strong></li>                                                        <ul><li>General Education and 504 Plan Students:  / </li><li>IEP and EL Students:  / </li></ul>                                                        <li><strong>Priority: </strong>Proximity,General</li></ul>"
609756,CURIE HS,Marie Sklodowska Curie Metropolitan High School,HS,https://www.cps.edu/schools/profiles/school-overview/CURIE-HS,https://www.curiehs.org,41.80306,-87.722042,CURIE HS-Career & Technical Education (CTE)-Business & Finance- Accounting,None,"<ul><li><strong>Selection Type: </strong>Random Computerized Lottery</li>                                                        <li><strong>GPA: </strong>N/A</li><li><strong>HS Admissions Exam Minimum for ELA/Math: </strong></li>                                                        <ul><li>General Education and 504 Plan Students:  / </li><li>IEP and EL Students:  / </li></ul>                                                        <li><strong>Priority: </strong>Attendance Area,General</li></ul>"
609756,CURIE HS,Marie Sklodowska Curie Metropolitan High School,HS,https://www.cps.edu/schools/profiles/school-overview/CURIE-HS,https://www.curiehs.org,41.80306,-87.722042,CURIE HS-Career & Technical Education (CTE)-Construction & Architecture - Architecture,None,"<ul><li><strong>Selection Type: </strong>Random Computerized Lottery</li>                                                        <li><strong>GPA: </strong>N/A</li><li><strong>HS Admissions Exam Minimum for ELA/Math: </strong></li>                                                        <ul><li>General Education and 504 Plan Students:  / </li><li>IEP and EL Students:  / </li></ul>                                                        <li><strong>Priority: </strong>Attendance Area,General</li></ul>"
609756,CURIE HS,Marie Sklodowska Curie Metropolitan High School,HS,https://www.cps.edu/schools/profiles/school-overview/CURIE-HS,https://www.curiehs.org,41.80306,-87.722042,CURIE HS-Career & Technical Education (CTE)-Transportation-Automotive Technology,None,"<ul><li><strong>Selection Type: </strong>Random Computerized Lottery</li>                                                        <li><strong>GPA: </strong>N/A</li><li><strong>HS Admissions Exam Minimum for ELA/Math: </strong></li>                                                        <ul><li>General Education and 504 Plan Students:  / </li><li>IEP and EL Students:  / </li></ul>                                                        <li><strong>Priority: </strong>Attendance Area,General</li></ul>"
609756,CURIE HS,Marie Sklodowska Curie Metropolitan High School,HS,https://www.cps.edu/schools/profiles/school-overview/CURIE-HS,https://www.curiehs.org,41.80306,-87.722042,CURIE HS-AVID,None,"<ul><li><strong>Selection Type: </strong>Random Computerized Lottery</li>                                                        <li><strong>GPA: </strong>2.5</li><li><strong>HS Admissions Exam Minimum for ELA/Math: </strong></li>                                                        <ul><li>General Education and 504 Plan Students:  / </li><li>IEP and EL Students:  / </li></ul>                                                        <li><strong>Priority: </strong>Sibling Preference,Attendance Area,General</li></ul>"
609756,CURIE HS,Marie Sklodowska Curie Metropolitan High School,HS,https://www.cps.edu/schools/profiles/school-overview/CURIE-HS,https://www.curiehs.org,41.80306,-87.722042,"CURIE HS-Career & Technical Education (CTE) - Arts, A/V Technology and Communications - Broadcast Technology",None,"<ul><li><strong>Selection Type: </strong>Random Computerized Lottery</li>                                                        <li><strong>GPA: </strong>N/A</li><li><strong>HS Admissions Exam Minimum for ELA/Math: </strong></li>                                                        <ul><li>General Education and 504 Plan Students:  / </li><li>IEP and EL Students:  / </li></ul>                                                        <li><strong>Priority: </strong>Attendance Area,General</li></ul>"
609756,CURIE HS,Marie Sklodowska Curie Metropolitan High School,HS,https://www.cps.edu/schools/profiles/school-overview/CURIE-HS,https://www.curiehs.org,41.80306,-87.722042,CURIE HS-Career & Technical Education (CTE)-Culinary & Hospitality Management,None,"<ul><li><strong>Selection Type: </strong>Random Computerized Lottery</li>                                                        <li><strong>GPA: </strong>N/A</li><li><strong>HS Admissions Exam Minimum for ELA/Math: </strong></li>                                                        <ul><li>General Education and 504 Plan Students:  / </li><li>IEP and EL Students:  / </li></ul>                                                        <li><strong>Priority: </strong>Attendance Area,General</li></ul>"
609756,CURIE HS,Marie Sklodowska Curie Metropolitan High School,HS,https://www.cps.edu/schools/profiles/school-overview/CURIE-HS,https://www.curiehs.org,41.80306,-87.722042,CURIE HS-Special Education-Deaf/Hard of Hearing,Cluster and Review,"<ul><li><strong>Selection Type: </strong>Random Computerized Lottery</li>                                                        <li><strong>GPA: </strong>N/A</li><li><strong>HS Admissions Exam Minimum for ELA/Math: </strong></li>                                                        <ul><li>General Education and 504 Plan Students:  / </li><li>IEP and EL Students:  / </li></ul>                                                        <li><strong>Priority: </strong>Proximity,General</li></ul>"
609756,CURIE HS,Marie Sklodowska Curie Metropolitan High School,HS,https://www.cps.edu/schools/profiles/school-overview/CURIE-HS,https://www.curiehs.org,41.80306,-87.722042,"CURIE HS-Career & Technical Education (CTE) - Arts, A/V Technology and Communications - Digital Media",None,"<ul><li><strong>Selection Type: </strong>Random Computerized Lottery</li>                                                        <li><strong>GPA: </strong>N/A</li><li><strong>HS Admissions Exam Minimum for ELA/Math: </strong></li>                                                        <ul><li>General Education and 504 Plan Students:  / </li><li>IEP and EL Students:  / </li></ul>                                                        <li><strong>Priority: </strong>Attendance Area,General</li></ul>"
609756,CURIE HS,Marie Sklodowska Curie Metropolitan High School,HS,https://www.cps.edu/schools/profiles/school-overview/CURIE-HS,https://www.curiehs.org,41.80306,-87.722042,CURIE HS-Career & Technical Education (CTE)-Education & Training- Teaching Academy,None,"<ul><li><strong>Selection Type: </strong>Random Computerized Lottery</li>                                                        <li><strong>GPA: </strong>N/A</li><li><strong>HS Admissions Exam Minimum for ELA/Math: </strong></li>                                                        <ul><li>General Education and 504 Plan Students:  / </li><li>IEP and EL Students:  / </li></ul>                                                        <li><strong>Priority: </strong>Attendance Area,General</li></ul>"
609756,CURIE HS,Marie Sklodowska Curie Metropolitan High School,HS,https://www.cps.edu/schools/profiles/school-overview/CURIE-HS,https://www.curiehs.org,41.80306,-87.722042,CURIE HS-Magnet-Fine & Performing Arts-Fine & Performing Arts,None,<ul><li><strong>Selection Type: </strong>Random Computerized Lottery</li>                                                        <li><strong>GPA: </strong>N/A</li><li><strong>HS Admissions Exam Minimum for ELA/Math: </strong></li>                                                        <ul><li>General Education and 504 Plan Students:  / </li><li>IEP and EL Students:  / </li></ul>                                                        <li><strong>Priority: </strong>General</li></ul>
609756,CURIE HS,Marie Sklodowska Curie Metropolitan High School,HS,https://www.cps.edu/schools/profiles/school-overview/CURIE-HS,https://www.curiehs.org,41.80306,-87.722042,CURIE HS-International Baccalaureate (IB),None,"<ul><li><strong>Selection Type: </strong>Descending Point Score based on Academic Criteria</li>                                                        <li><strong>GPA: </strong>N/A</li><li><strong>HS Admissions Exam Minimum for ELA/Math: </strong></li>                                                        <ul><li>General Education and 504 Plan Students:  / </li><li>IEP and EL Students:  / </li></ul>                                                        <li><strong>Priority: </strong>Elementary Preference,General</li><li><strong>Note: </strong>50 bonus points for attendance areaElementary preference: Edwards ES (IB Partner School)</li></ul>"
609756,CURIE HS,Marie Sklodowska Curie Metropolitan High School,HS,https://www.cps.edu/schools/profiles/school-overview/CURIE-HS,https://www.curiehs.org,41.80306,-87.722042,CURIE HS-Career & Technical Education (CTE)-Information Technology- Game Programming & Web Design & Development,None,"<ul><li><strong>Selection Type: </strong>Random Computerized Lottery</li>                                                        <li><strong>GPA: </strong>N/A</li><li><strong>HS Admissions Exam Minimum for ELA/Math: </strong></li>                                                        <ul><li>General Education and 504 Plan Students:  / </li><li>IEP and EL Students:  / </li></ul>                                                        <li><strong>Priority: </strong>Attendance Area,General</li></ul>"
609756,CURIE HS,Marie Sklodowska Curie Metropolitan High School,HS,https://www.cps.edu/schools/profiles/school-overview/CURIE-HS,https://www.curiehs.org,41.80306,-87.722042,CURIE HS-General Education,None,<ul><li><strong>Selection Type: </strong>Random Computerized Lottery</li>                                                        <li><strong>GPA: </strong>N/A</li><li><strong>HS Admissions Exam Minimum for ELA/Math: </strong></li>                                                        <ul><li>General Education and 504 Plan Students:  / </li><li>IEP and EL Students:  / </li></ul>                                                        <li><strong>Priority: </strong>Attendance Area</li></ul>
609756,CURIE HS,Marie Sklodowska Curie Metropolitan High School,HS,https://www.cps.edu/schools/profiles/school-overview/CURIE-HS,https://www.curiehs.org,41.80306,-87.722042,CURIE HS-Career & Technical Education (CTE) - Manufacturing - Pre-Engineering,None,<ul><li><strong>Selection Type: </strong>Descending Point Score based on Academic Criteria</li>                                                        <li><strong>GPA: </strong>N/A</li><li><strong>HS Admissions Exam Minimum for ELA/Math: </strong></li>                                                        <ul><li>General Education and 504 Plan Students:  / </li><li>IEP and EL Students:  / </li></ul>                                                        <li><strong>Priority: </strong>General</li></ul>
609756,CURIE HS,Marie Sklodowska Curie Metropolitan High School,HS,https://www.cps.edu/schools/profiles/school-overview/CURIE-HS,https://www.curiehs.org,41.80306,-87.722042,CURIE HS-Special Education-Visual Impairment,Cluster and Review,"<ul><li><strong>Selection Type: </strong>Random Computerized Lottery</li>                                                        <li><strong>GPA: </strong>N/A</li><li><strong>HS Admissions Exam Minimum for ELA/Math: </strong></li>                                                        <ul><li>General Education and 504 Plan Students:  / </li><li>IEP and EL Students:  / </li></ul>                                                        <li><strong>Priority: </strong>Proximity,General</li></ul>"
609737,VON STEUBEN HS,Friedrich W Von Steuben Metropolitan Science HS,HS,https://www.cps.edu/schools/profiles/school-overview/VON-STEUBEN-HS,http://www.vonsteuben.org,41.973185,-87.713386,VON STEUBEN HS-Special Education-Significantly Modified Curriculum w/ Moderate Supports,Cluster and Review,"<ul><li><strong>Selection Type: </strong>Random Computerized Lottery</li>                                                        <li><strong>GPA: </strong>N/A</li><li><strong>HS Admissions Exam Minimum for ELA/Math: </strong></li>                                                        <ul><li>General Education and 504 Plan Students:  / </li><li>IEP and EL Students:  / </li></ul>                                                        <li><strong>Priority: </strong>Proximity,General</li></ul>"
609737,VON STEUBEN HS,Friedrich W Von Steuben Metropolitan Science HS,HS,https://www.cps.edu/schools/profiles/school-overview/VON-STEUBEN-HS,http://www.vonsteuben.org,41.973185,-87.713386,VON STEUBEN HS-STEM-Magnet College Prep Program,None,"<ul><li><strong>Selection Type: </strong>Random Computerized Lottery</li>                                                        <li><strong>GPA: </strong>N/A</li><li><strong>HS Admissions Exam Minimum for ELA/Math: </strong></li>                                                        <ul><li>General Education and 504 Plan Students:  / </li><li>IEP and EL Students:  / </li></ul>                                                        <li><strong>Priority: </strong>Sibling Preference,Staff Preference,Tier</li><li><strong>Note: </strong>Staff Preference applies at the entry level grade only. A maximum of 2 seats can be filled through Staff Preference.</li></ul>"
609737,VON STEUBEN HS,Friedrich W Von Steuben Metropolitan Science HS,HS,https://www.cps.edu/schools/profiles/school-overview/VON-STEUBEN-HS,http://www.vonsteuben.org,41.973185,-87.713386,VON STEUBEN HS-Honors-Scholars,,<ul><li><strong>Selection Type: </strong>Descending Point Score based on Academic Criteria</li>                                                        <li><strong>GPA: </strong>N/A</li><li><strong>HS Admissions Exam Minimum for ELA/Math: </strong></li>                                                        <ul><li>General Education and 504 Plan Students:  / </li><li>IEP and EL Students:  / </li></ul>                                                        <li><strong>Priority: </strong>General</li></ul>
609754,CHICAGO MILITARY HS,Chicago Military Academy High School,HS,https://www.cps.edu/schools/profiles/school-overview/CHICAGO-MILITARY-HS,https://chicagomilitaryacademy.org,41.830555,-87.619216,CHICAGO MILITARY HS at Bronzeville-Military & Service Leadership,None,<ul><li><strong>Selection Type: </strong>Descending Point Score based on Academic Criteria</li>                                                        <li><strong>GPA: </strong>N/A</li><li><strong>HS Admissions Exam Minimum for ELA/Math: </strong></li>                                                        <ul><li>General Education and 504 Plan Students:  / </li><li>IEP and EL Students:  / </li></ul>                                                        <li><strong>Priority: </strong>General</li></ul>
609760,CARVER MILITARY HS,George Washington Carver Military Academy HS,HS,https://www.cps.edu/schools/profiles/school-overview/CARVER-MILITARY-HS,https://carvermilitary.org,41.65629,-87.59062,CARVER MILITARY HS-Military & Service Leadership,None,<ul><li><strong>Selection Type: </strong>Descending Point Score based on Academic Criteria</li>                                                        <li><strong>GPA: </strong>N/A</li><li><strong>HS Admissions Exam Minimum for ELA/Math: </strong></li>                                                        <ul><li>General Education and 504 Plan Students:  / </li><li>IEP and EL Students:  / </li></ul>                                                        <li><strong>Priority: </strong>General</li></ul>
609780,MARINE LEADERSHIP AT AMES HS,Marine Leadership Academy at Ames,HS,https://www.cps.edu/schools/profiles/school-overview/MARINE-LEADERSHIP-AT-AMES-HS,http://marine.cps.edu,41.916045,-87.721742,MARINE LEADERSHIP AT AMES HS-Military-Military & Service Leadership,None,"<ul><li><strong>Selection Type: </strong>Random Computerized Lottery</li>                                                        <li><strong>GPA: </strong>N/A</li><li><strong>HS Admissions Exam Minimum for ELA/Math: </strong></li>                                                        <ul><li>General Education and 504 Plan Students:  / </li><li>IEP and EL Students:  / </li></ul>                                                        <li><strong>Priority: </strong>Sibling Preference,Staff Preference,General</li><li><strong>Note: </strong>This program serves only grades 7-8. There is a separate program available for applicants to grade 9.</li></ul>"
609780,MARINE LEADERSHIP AT AMES HS,Marine Leadership Academy at Ames,HS,https://www.cps.edu/schools/profiles/school-overview/MARINE-LEADERSHIP-AT-AMES-HS,http://marine.cps.edu,41.916045,-87.721742,MARINE LEADERSHIP AT AMES HS-Military & Service Leadership,None,"<ul><li><strong>Selection Type: </strong>Descending Point Score based on Academic Criteria</li>                                                        <li><strong>GPA: </strong>N/A</li><li><strong>HS Admissions Exam Minimum for ELA/Math: </strong></li>                                                        <ul><li>General Education and 504 Plan Students:  / </li><li>IEP and EL Students:  / </li></ul>                                                        <li><strong>Priority: </strong>Continuing Enrollment,General</li></ul>"
610390,RICKOVER MILITARY HS,Hyman G Rickover Naval Academy High School,HS,https://www.cps.edu/schools/profiles/school-overview/RICKOVER-MILITARY-HS,http://www.rickovernaval.org,41.957599,-87.769938,RICKOVER MILITARY HS-Military & Service Leadership,None,"<ul><li><strong>Selection Type: </strong>Descending Point Score based on Academic Criteria</li>                                                        <li><strong>GPA: </strong>N/A</li><li><strong>HS Admissions Exam Minimum for ELA/Math: </strong></li>                                                        <ul><li>General Education and 504 Plan Students:  / </li><li>IEP and EL Students:  / </li></ul>                                                        <li><strong>Priority: </strong>Proximity,General</li></ul>"
610513,AIR FORCE HS,Air Force Academy High School,HS,https://www.cps.edu/schools/profiles/school-overview/AIR-FORCE-HS,https://afahs.org,41.828145,-87.632757,AIR FORCE HS - Military & Service Leadership,None,<ul><li><strong>Selection Type: </strong>Descending Point Score based on Academic Criteria</li>                                                        <li><strong>GPA: </strong>N/A</li><li><strong>HS Admissions Exam Minimum for ELA/Math: </strong></li>                                                        <ul><li>General Education and 504 Plan Students:  / </li><li>IEP and EL Students:  / </li></ul>                                                        <li><strong>Priority: </strong>General</li></ul>
610304,PHOENIX MILITARY HS,Phoenix Military Academy High School,HS,https://www.cps.edu/schools/profiles/school-overview/PHOENIX-MILITARY-HS,https://phoenixmilitary.org,41.879118,-87.68696,PHOENIX MILITARY HS-Military & Service Leadership,None,<ul><li><strong>Selection Type: </strong>Descending Point Score based on Academic Criteria</li>                                                        <li><strong>GPA: </strong>N/A</li><li><strong>HS Admissions Exam Minimum for ELA/Math: </strong></li>                                                        <ul><li>General Education and 504 Plan Students:  / </li><li>IEP and EL Students:  / </li></ul>                                                        <li><strong>Priority: </strong>General</li></ul>
610305,LELAND,George Leland Elementary School,ES,https://www.cps.edu/schools/profiles/school-overview/LELAND,https://leland.cps.edu,41.873587,-87.749276,LELAND-Magnet Cluster-STEM,None,"<ul><li><strong>Selection Type: </strong>Random Computerized Lottery</li>                                                        <li><strong>GPA: </strong>N/A</li><li><strong>HS Admissions Exam Minimum for ELA/Math: </strong></li>                                                        <ul><li>General Education and 504 Plan Students:  / </li><li>IEP and EL Students:  / </li></ul>                                                        <li><strong>Priority: </strong>Sibling Preference,Staff Preference,General</li><li><strong>Note: </strong>Staff Preference applies at the entry level grade only. A maximum of 2 seats can be filled through Staff Preference.</li></ul>"
610299,KING ES,Dr. Martin Luther King Jr Academy of Social Justice,ES,https://www.cps.edu/schools/profiles/school-overview/KING-ES,https://kingacademy.cps.edu,41.765335,-87.641335,KING ES-Open Enrollment-General Education,None,"<ul><li><strong>Selection Type: </strong>Random Computerized Lottery</li>                                                        <li><strong>GPA: </strong>N/A</li><li><strong>HS Admissions Exam Minimum for ELA/Math: </strong></li>                                                        <ul><li>General Education and 504 Plan Students:  / </li><li>IEP and EL Students:  / </li></ul>                                                        <li><strong>Priority: </strong>Sibling Preference,Staff Preference,General</li><li><strong>Note: </strong>Staff Preference applies at the entry level grade only. A maximum of 2 seats can be filled through Staff Preference.</li></ul>"
610300,WESTCOTT,Oliver S Westcott Elementary School,ES,https://www.cps.edu/schools/profiles/school-overview/WESTCOTT,https://westcott.cps.edu,41.748868,-87.634751,WESTCOTT-Open Enrollment-General Education,None,"<ul><li><strong>Selection Type: </strong>Random Computerized Lottery</li>                                                        <li><strong>GPA: </strong>N/A</li><li><strong>HS Admissions Exam Minimum for ELA/Math: </strong></li>                                                        <ul><li>General Education and 504 Plan Students:  / </li><li>IEP and EL Students:  / </li></ul>                                                        <li><strong>Priority: </strong>Sibling Preference,Staff Preference,General</li><li><strong>Note: </strong>Staff Preference applies at the entry level grade only. A maximum of 2 seats can be filled through Staff Preference.</li></ul>"
610290,MAYS,Benjamin E Mays Elementary Academy,ES,https://www.cps.edu/schools/profiles/school-overview/MAYS,https://maysacademy.com,41.772727,-87.637277,MAYS-Open Enrollment-General Education,None,"<ul><li><strong>Selection Type: </strong>Random Computerized Lottery</li>                                                        <li><strong>GPA: </strong>N/A</li><li><strong>HS Admissions Exam Minimum for ELA/Math: </strong></li>                                                        <ul><li>General Education and 504 Plan Students:  / </li><li>IEP and EL Students:  / </li></ul>                                                        <li><strong>Priority: </strong>Sibling Preference,Staff Preference,General</li><li><strong>Note: </strong>Staff Preference applies at the entry level grade only. A maximum of 2 seats can be filled through Staff Preference.</li></ul>"
610291,LEE,Richard Henry Lee Elementary School,ES,https://www.cps.edu/schools/profiles/school-overview/LEE,https://leelions.org,41.775305,-87.728884,LEE-Open Enrollment-General Education,None,"<ul><li><strong>Selection Type: </strong>Random Computerized Lottery</li>                                                        <li><strong>GPA: </strong>N/A</li><li><strong>HS Admissions Exam Minimum for ELA/Math: </strong></li>                                                        <ul><li>General Education and 504 Plan Students:  / </li><li>IEP and EL Students:  / </li></ul>                                                        <li><strong>Priority: </strong>Sibling Preference,Staff Preference,General</li><li><strong>Note: </strong>Staff Preference applies at the entry level grade only. A maximum of 2 seats can be filled through Staff Preference.</li></ul>"
610293,MELODY,Genevieve Melody Elementary School,ES,https://www.cps.edu/schools/profiles/school-overview/MELODY,https://melodystem.org,41.878799,-87.724661,MELODY-Magnet Cluster-STEM,None,"<ul><li><strong>Selection Type: </strong>Random Computerized Lottery</li>                                                        <li><strong>GPA: </strong>N/A</li><li><strong>HS Admissions Exam Minimum for ELA/Math: </strong></li>                                                        <ul><li>General Education and 504 Plan Students:  / </li><li>IEP and EL Students:  / </li></ul>                                                        <li><strong>Priority: </strong>Sibling Preference,Staff Preference,General</li><li><strong>Note: </strong>Staff Preference applies at the entry level grade only. A maximum of 2 seats can be filled through Staff Preference.</li></ul>"
610295,HIGGINS,Thomas J Higgins Elementary Community Academy,ES,https://www.cps.edu/schools/profiles/school-overview/HIGGINS,https://higginsacademy.cps.edu,41.681031,-87.646994,HIGGINS-Magnet Cluster-Fine & Performing Arts,None,"<ul><li><strong>Selection Type: </strong>Random Computerized Lottery</li>                                                        <li><strong>GPA: </strong>N/A</li><li><strong>HS Admissions Exam Minimum for ELA/Math: </strong></li>                                                        <ul><li>General Education and 504 Plan Students:  / </li><li>IEP and EL Students:  / </li></ul>                                                        <li><strong>Priority: </strong>Sibling Preference,Staff Preference,General</li><li><strong>Note: </strong>Staff Preference applies at the entry level grade only. A maximum of 2 seats can be filled through Staff Preference.</li></ul>"
610276,MOLLISON,Irvin C Mollison Elementary School,ES,https://www.cps.edu/schools/profiles/school-overview/MOLLISON,https://www.mollisonelementary.org,41.814358,-87.616618,MOLLISON-Open Enrollment-General Education,None,"<ul><li><strong>Selection Type: </strong>Random Computerized Lottery</li>                                                        <li><strong>GPA: </strong>N/A</li><li><strong>HS Admissions Exam Minimum for ELA/Math: </strong></li>                                                        <ul><li>General Education and 504 Plan Students:  / </li><li>IEP and EL Students:  / </li></ul>                                                        <li><strong>Priority: </strong>Sibling Preference,Staff Preference,General</li><li><strong>Note: </strong>Staff Preference applies at the entry level grade only. A maximum of 2 seats can be filled through Staff Preference.</li></ul>"
610276,MOLLISON,Irvin C Mollison Elementary School,ES,https://www.cps.edu/schools/profiles/school-overview/MOLLISON,https://www.mollisonelementary.org,41.814358,-87.616618,MOLLISON-Magnet Cluster-IB Middle Years Programme,,"<ul><li><strong>Selection Type: </strong>Random Computerized Lottery</li>                                                        <li><strong>GPA: </strong>N/A</li><li><strong>HS Admissions Exam Minimum for ELA/Math: </strong></li>                                                        <ul><li>General Education and 504 Plan Students:  / </li><li>IEP and EL Students:  / </li></ul>                                                        <li><strong>Priority: </strong>Sibling Preference,General</li></ul>"
610279,TANNER,Henry O Tanner Elementary School,ES,https://www.cps.edu/schools/profiles/school-overview/TANNER,https://tannerschool.org,41.760673,-87.606791,TANNER-Magnet Cluster-Personalized Learning,None,"<ul><li><strong>Selection Type: </strong>Random Computerized Lottery</li>                                                        <li><strong>GPA: </strong>N/A</li><li><strong>HS Admissions Exam Minimum for ELA/Math: </strong></li>                                                        <ul><li>General Education and 504 Plan Students:  / </li><li>IEP and EL Students:  / </li></ul>                                                        <li><strong>Priority: </strong>Sibling Preference,Staff Preference,General</li><li><strong>Note: </strong>Staff Preference applies at the entry level grade only. A maximum of 2 seats can be filled through Staff Preference.</li></ul>"
610281,POWELL,Adam Clayton Powell Paideia Community Academy ES,ES,https://www.cps.edu/schools/profiles/school-overview/POWELL,https://powell.cps.edu,41.760332,-87.556789,POWELL-Open Enrollment-General Education,None,"<ul><li><strong>Selection Type: </strong>Random Computerized Lottery</li>                                                        <li><strong>GPA: </strong>N/A</li><li><strong>HS Admissions Exam Minimum for ELA/Math: </strong></li>                                                        <ul><li>General Education and 504 Plan Students:  / </li><li>IEP and EL Students:  / </li></ul>                                                        <li><strong>Priority: </strong>Sibling Preference,Staff Preference,General</li><li><strong>Note: </strong>Staff Preference applies at the entry level grade only. A maximum of 2 seats can be filled through Staff Preference.</li></ul>"
610282,MCNAIR,Ronald E McNair Elementary School,ES,https://www.cps.edu/schools/profiles/school-overview/MCNAIR,https://mcnairschool.org,41.897819,-87.746731,MCNAIR-Open Enrollment-General Education,None,"<ul><li><strong>Selection Type: </strong>Random Computerized Lottery</li>                                                        <li><strong>GPA: </strong>N/A</li><li><strong>HS Admissions Exam Minimum for ELA/Math: </strong></li>                                                        <ul><li>General Education and 504 Plan Students:  / </li><li>IEP and EL Students:  / </li></ul>                                                        <li><strong>Priority: </strong>Sibling Preference,Staff Preference,General</li><li><strong>Note: </strong>Staff Preference applies at the entry level grade only. A maximum of 2 seats can be filled through Staff Preference.</li></ul>"
610284,NEW FIELD,New Field Elementary School,ES,https://www.cps.edu/schools/profiles/school-overview/NEW-FIELD,https://newfield.cps.edu,42.007703,-87.673168,NEW FIELD-Open Enrollment-General Education,None,"<ul><li><strong>Selection Type: </strong>Random Computerized Lottery</li>                                                        <li><strong>GPA: </strong>N/A</li><li><strong>HS Admissions Exam Minimum for ELA/Math: </strong></li>                                                        <ul><li>General Education and 504 Plan Students:  / </li><li>IEP and EL Students:  / </li></ul>                                                        <li><strong>Priority: </strong>Sibling Preference,Staff Preference,General</li><li><strong>Note: </strong>Staff Preference applies at the entry level grade only. A maximum of 2 seats can be filled through Staff Preference.</li></ul>"
610213,WADSWORTH,James Wadsworth Elementary School,ES,https://www.cps.edu/schools/profiles/school-overview/WADSWORTH,https://wadsworthstem.com,41.773478,-87.601018,WADSWORTH-Magnet Cluster-STEM,None,"<ul><li><strong>Selection Type: </strong>Random Computerized Lottery</li>                                                        <li><strong>GPA: </strong>N/A</li><li><strong>HS Admissions Exam Minimum for ELA/Math: </strong></li>                                                        <ul><li>General Education and 504 Plan Students:  / </li><li>IEP and EL Students:  / </li></ul>                                                        <li><strong>Priority: </strong>Sibling Preference,Staff Preference,General</li><li><strong>Note: </strong>Staff Preference applies at the entry level grade only. A maximum of 2 seats can be filled through Staff Preference.</li></ul>"
610249,TALMAN,Talman Elementary School,ES,https://www.cps.edu/schools/profiles/school-overview/TALMAN,https://talman.cps.edu,41.794048,-87.690261,TALMAN-Open Enrollment-General Education,None,"<ul><li><strong>Selection Type: </strong>Random Computerized Lottery</li>                                                        <li><strong>GPA: </strong>N/A</li><li><strong>HS Admissions Exam Minimum for ELA/Math: </strong></li>                                                        <ul><li>General Education and 504 Plan Students:  / </li><li>IEP and EL Students:  / </li></ul>                                                        <li><strong>Priority: </strong>Sibling Preference,Staff Preference,General</li><li><strong>Note: </strong>Staff Preference applies at the entry level grade only. A maximum of 2 seats can be filled through Staff Preference.</li></ul>"
610345,WOODSON,Carter G Woodson South Elementary School,ES,https://www.cps.edu/schools/profiles/school-overview/WOODSON,https://www.gowoodson.com,41.814499,-87.608419,WOODSON-Open Enrollment-General Education,None,"<ul><li><strong>Selection Type: </strong>Random Computerized Lottery</li>                                                        <li><strong>GPA: </strong>N/A</li><li><strong>HS Admissions Exam Minimum for ELA/Math: </strong></li>                                                        <ul><li>General Education and 504 Plan Students:  / </li><li>IEP and EL Students:  / </li></ul>                                                        <li><strong>Priority: </strong>Sibling Preference,Staff Preference,General</li><li><strong>Note: </strong>Staff Preference applies at the entry level grade only. A maximum of 2 seats can be filled through Staff Preference.</li></ul>"
610347,CLAREMONT,Claremont STEM Magnet Elementary School,ES,https://www.cps.edu/schools/profiles/school-overview/CLAREMONT,https://claremontcps.org,41.777511,-87.681061,CLAREMONT - Magnet Cluster - STEM,None,"<ul><li><strong>Selection Type: </strong>Random Computerized Lottery</li>                                                        <li><strong>GPA: </strong>N/A</li><li><strong>HS Admissions Exam Minimum for ELA/Math: </strong></li>                                                        <ul><li>General Education and 504 Plan Students:  / </li><li>IEP and EL Students:  / </li></ul>                                                        <li><strong>Priority: </strong>Sibling Preference,General</li></ul>"
610347,CLAREMONT,Claremont STEM Magnet Elementary School,ES,https://www.cps.edu/schools/profiles/school-overview/CLAREMONT,https://claremontcps.org,41.777511,-87.681061,CLAREMONT - Magnet - STEM,None,"<ul><li><strong>Selection Type: </strong>Random Computerized Lottery</li>                                                        <li><strong>GPA: </strong>N/A</li><li><strong>HS Admissions Exam Minimum for ELA/Math: </strong></li>                                                        <ul><li>General Education and 504 Plan Students:  / </li><li>IEP and EL Students:  / </li></ul>                                                        <li><strong>Priority: </strong>Sibling Preference,Staff Preference,Tier,General</li><li><strong>Note: </strong>The distribution of available seats into the 4 socio-economic tiers will only be applicable at the entry-level grade. Staff Preference applies at the entry level grade only. A maximum of 2 seats can be filled through Staff Preference.</li></ul>"
610362,EVERS,Medgar Evers Elementary School,ES,https://www.cps.edu/schools/profiles/school-overview/EVERS,https://www.evers.cps.edu,41.715665,-87.639305,EVERS-Magnet Cluster-Fine & Performing Arts,None,"<ul><li><strong>Selection Type: </strong>Random Computerized Lottery</li>                                                        <li><strong>GPA: </strong>N/A</li><li><strong>HS Admissions Exam Minimum for ELA/Math: </strong></li>                                                        <ul><li>General Education and 504 Plan Students:  / </li><li>IEP and EL Students:  / </li></ul>                                                        <li><strong>Priority: </strong>Sibling Preference,Staff Preference,General</li><li><strong>Note: </strong>Staff Preference applies at the entry level grade only. A maximum of 2 seats can be filled through Staff Preference.</li></ul>"
610352,DURKIN PARK,Durkin Park Elementary School,ES,https://www.cps.edu/schools/profiles/school-overview/DURKIN-PARK,https://durkinpark.com,41.738844,-87.729955,DURKIN PARK-Open Enrollment-General Education,None,"<ul><li><strong>Selection Type: </strong>Random Computerized Lottery</li>                                                        <li><strong>GPA: </strong>N/A</li><li><strong>HS Admissions Exam Minimum for ELA/Math: </strong></li>                                                        <ul><li>General Education and 504 Plan Students:  / </li><li>IEP and EL Students:  / </li></ul>                                                        <li><strong>Priority: </strong>Sibling Preference,Staff Preference,General</li><li><strong>Note: </strong>Staff Preference applies at the entry level grade only. A maximum of 2 seats can be filled through Staff Preference.</li></ul>"
610312,MCDOWELL,Mary E McDowell Elementary School,ES,https://www.cps.edu/schools/profiles/school-overview/MCDOWELL,https://www.memcdowellelementaryschool.com,41.733132,-87.589589,MCDOWELL-Open Enrollment-General Education,None,"<ul><li><strong>Selection Type: </strong>Random Computerized Lottery</li>                                                        <li><strong>GPA: </strong>N/A</li><li><strong>HS Admissions Exam Minimum for ELA/Math: </strong></li>                                                        <ul><li>General Education and 504 Plan Students:  / </li><li>IEP and EL Students:  / </li></ul>                                                        <li><strong>Priority: </strong>Sibling Preference,Staff Preference,General</li><li><strong>Note: </strong>Staff Preference applies at the entry level grade only. A maximum of 2 seats can be filled through Staff Preference.</li></ul>"
610313,DE DIEGO,Jose De Diego Elementary Community Academy,ES,https://www.cps.edu/schools/profiles/school-overview/DE-DIEGO,http://josedediego.cps.edu,41.905294,-87.685756,DE DIEGO-Magnet Cluster-Personalized Learning,None,"<ul><li><strong>Selection Type: </strong>Random Computerized Lottery</li>                                                        <li><strong>GPA: </strong>N/A</li><li><strong>HS Admissions Exam Minimum for ELA/Math: </strong></li>                                                        <ul><li>General Education and 504 Plan Students:  / </li><li>IEP and EL Students:  / </li></ul>                                                        <li><strong>Priority: </strong>Sibling Preference,Staff Preference,General</li><li><strong>Note: </strong>Staff Preference applies at the entry level grade only. A maximum of 2 seats can be filled through Staff Preference.</li></ul>"
610313,DE DIEGO,Jose De Diego Elementary Community Academy,ES,https://www.cps.edu/schools/profiles/school-overview/DE-DIEGO,http://josedediego.cps.edu,41.905294,-87.685756,"DE DIEGO-Magnet Cluster-IB Middle Years Programme, Personalized Learning",None,"<ul><li><strong>Selection Type: </strong>Random Computerized Lottery</li>                                                        <li><strong>GPA: </strong>N/A</li><li><strong>HS Admissions Exam Minimum for ELA/Math: </strong></li>                                                        <ul><li>General Education and 504 Plan Students:  / </li><li>IEP and EL Students:  / </li></ul>                                                        <li><strong>Priority: </strong>Sibling Preference,General</li></ul>"
610315,WHITE,Edward White Elementary Career Academy,ES,https://www.cps.edu/schools/profiles/school-overview/WHITE,https://whitecareeracademy.org,41.672309,-87.650539,WHITE-Open Enrollment-General Education,None,"<ul><li><strong>Selection Type: </strong>Random Computerized Lottery</li>                                                        <li><strong>GPA: </strong>N/A</li><li><strong>HS Admissions Exam Minimum for ELA/Math: </strong></li>                                                        <ul><li>General Education and 504 Plan Students:  / </li><li>IEP and EL Students:  / </li></ul>                                                        <li><strong>Priority: </strong>Sibling Preference,Staff Preference,General</li><li><strong>Note: </strong>Staff Preference applies at the entry level grade only. A maximum of 2 seats can be filled through Staff Preference.</li></ul>"
610316,EARHART,Amelia Earhart Options for Knowledge ES,ES,https://www.cps.edu/schools/profiles/school-overview/EARHART,http://earhart.cps.edu,41.726107,-87.582182,EARHART-Magnet Cluster-STEAM,None,"<ul><li><strong>Selection Type: </strong>Random Computerized Lottery</li>                                                        <li><strong>GPA: </strong>N/A</li><li><strong>HS Admissions Exam Minimum for ELA/Math: </strong></li>                                                        <ul><li>General Education and 504 Plan Students:  / </li><li>IEP and EL Students:  / </li></ul>                                                        <li><strong>Priority: </strong>Sibling Preference,Staff Preference,General</li><li><strong>Note: </strong>Staff Preference applies at the entry level grade only. A maximum of 2 seats can be filled through Staff Preference.</li></ul>"
610317,BRIGHTON PARK,Brighton Park Elementary School,ES,https://www.cps.edu/schools/profiles/school-overview/BRIGHTON-PARK,http://brightonpark.cps.edu/,41.8239,-87.692077,BRIGHTON PARK - Open Enrollment - General Education,None,"<ul><li><strong>Selection Type: </strong>Random Computerized Lottery</li>                                                        <li><strong>GPA: </strong>N/A</li><li><strong>HS Admissions Exam Minimum for ELA/Math: </strong></li>                                                        <ul><li>General Education and 504 Plan Students:  / </li><li>IEP and EL Students:  / </li></ul>                                                        <li><strong>Priority: </strong>Sibling Preference,Staff Preference,General</li><li><strong>Note: </strong>Staff Preference applies at the entry level grade only. A maximum of 2 seats can be filled through Staff Preference.</li></ul>"
610325,AVONDALE-LOGANDALE,Avondale-Logandale Elementary School,ES,https://www.cps.edu/schools/profiles/school-overview/AVONDALE-LOGANDALE,http://avondalelogandaleschool.org/,41.93397,-87.708041,AVONDALE-LOGANDALE - Open Enrollment - General Education,None,"<ul><li><strong>Selection Type: </strong>Random Computerized Lottery</li>                                                        <li><strong>GPA: </strong>N/A</li><li><strong>HS Admissions Exam Minimum for ELA/Math: </strong></li>                                                        <ul><li>General Education and 504 Plan Students:  / </li><li>IEP and EL Students:  / </li></ul>                                                        <li><strong>Priority: </strong>Sibling Preference,Staff Preference,General</li><li><strong>Note: </strong>Staff Preference applies at the entry level grade only. A maximum of 2 seats can be filled through Staff Preference.</li></ul>"
610325,AVONDALE-LOGANDALE,Avondale-Logandale Elementary School,ES,https://www.cps.edu/schools/profiles/school-overview/AVONDALE-LOGANDALE,http://avondalelogandaleschool.org/,41.93397,-87.708041,AVONDALE-LOGANDALE - Open Enrollment - Dual Language,None,"<ul><li><strong>Selection Type: </strong>Random Computerized Lottery</li>                                                        <li><strong>GPA: </strong>N/A</li><li><strong>HS Admissions Exam Minimum for ELA/Math: </strong></li>                                                        <ul><li>General Education and 504 Plan Students:  / </li><li>IEP and EL Students:  / </li></ul>                                                        <li><strong>Priority: </strong>Sibling Preference,Staff Preference,General</li><li><strong>Note: </strong>Staff Preference applies at the entry level grade only. A maximum of 2 seats can be filled through Staff Preference.</li></ul>"
610329,OROZCO,Orozco Fine Arts & Sciences Elementary School,ES,https://www.cps.edu/schools/profiles/school-overview/OROZCO,http://orozco.cps.edu,41.857755,-87.67521,OROZCO - Selective Enrollment - EL Regional Gifted Center,Admissions Exam,"<ul><li><strong>Selection Type: </strong>Descending Point Score based on Academic Criteria</li>                                                        <li><strong>GPA: </strong>N/A</li><li><strong>HS Admissions Exam Minimum for ELA/Math: </strong></li>                                                        <ul><li>General Education and 504 Plan Students:  / </li><li>IEP and EL Students:  / </li></ul>                                                        <li><strong>Priority: </strong>General,Tier</li><li><strong>Note: </strong>The distribution of available seats into the 4 socio-economic tiers will only be applicable at the entry-level grade (kindergarten).</li></ul>"
610329,OROZCO,Orozco Fine Arts & Sciences Elementary School,ES,https://www.cps.edu/schools/profiles/school-overview/OROZCO,http://orozco.cps.edu,41.857755,-87.67521,OROZCO - Selective Enrollment - EL Regional Gifted Center,Admissions Exam,<ul><li><strong>Selection Type: </strong>Descending Point Score based on Academic Criteria</li>                                                        <li><strong>GPA: </strong>2.5</li><li><strong>HS Admissions Exam Minimum for ELA/Math: </strong></li>                                                        <ul><li>General Education and 504 Plan Students:  / </li><li>IEP and EL Students:  / </li></ul>                                                        <li><strong>Priority: </strong>General</li></ul>
610339,STAGG,Amos Alonzo Stagg Elementary School,ES,https://www.cps.edu/schools/profiles/school-overview/STAGG,https://staggsoe.org,41.758925,-87.649217,STAGG-Magnet Cluster-Personalized Learning,None,"<ul><li><strong>Selection Type: </strong>Random Computerized Lottery</li>                                                        <li><strong>GPA: </strong>N/A</li><li><strong>HS Admissions Exam Minimum for ELA/Math: </strong></li>                                                        <ul><li>General Education and 504 Plan Students:  / </li><li>IEP and EL Students:  / </li></ul>                                                        <li><strong>Priority: </strong>Sibling Preference,Staff Preference,General</li><li><strong>Note: </strong>Staff Preference applies at the entry level grade only. A maximum of 2 seats can be filled through Staff Preference.</li></ul>"
610208,LAVIZZO,Mildred I Lavizzo Elementary School,ES,https://www.cps.edu/schools/profiles/school-overview/LAVIZZO,https://lavizzo.cps.edu,41.696262,-87.627148,LAVIZZO-Open Enrollment-General Education,None,"<ul><li><strong>Selection Type: </strong>Random Computerized Lottery</li>                                                        <li><strong>GPA: </strong>N/A</li><li><strong>HS Admissions Exam Minimum for ELA/Math: </strong></li>                                                        <ul><li>General Education and 504 Plan Students:  / </li><li>IEP and EL Students:  / </li></ul>                                                        <li><strong>Priority: </strong>Sibling Preference,Staff Preference,General</li><li><strong>Note: </strong>Staff Preference applies at the entry level grade only. A maximum of 2 seats can be filled through Staff Preference.</li></ul>"
610208,LAVIZZO,Mildred I Lavizzo Elementary School,ES,https://www.cps.edu/schools/profiles/school-overview/LAVIZZO,https://lavizzo.cps.edu,41.696262,-87.627148,LAVIZZO-Magnet Cluster-IB Middle Years Programme,None,"<ul><li><strong>Selection Type: </strong>Random Computerized Lottery</li>                                                        <li><strong>GPA: </strong>N/A</li><li><strong>HS Admissions Exam Minimum for ELA/Math: </strong></li>                                                        <ul><li>General Education and 504 Plan Students:  / </li><li>IEP and EL Students:  / </li></ul>                                                        <li><strong>Priority: </strong>Sibling Preference,General</li></ul>"
610209,VOLTA,Alessandro Volta Elementary School,ES,https://www.cps.edu/schools/profiles/school-overview/VOLTA,https://volta.cps.edu,41.971634,-87.724605,VOLTA-Open Enrollment-General Education,None,"<ul><li><strong>Selection Type: </strong>Random Computerized Lottery</li>                                                        <li><strong>GPA: </strong>N/A</li><li><strong>HS Admissions Exam Minimum for ELA/Math: </strong></li>                                                        <ul><li>General Education and 504 Plan Students:  / </li><li>IEP and EL Students:  / </li></ul>                                                        <li><strong>Priority: </strong>Sibling Preference,Staff Preference,General</li><li><strong>Note: </strong>Staff Preference applies at the entry level grade only. A maximum of 2 seats can be filled through Staff Preference.</li></ul>"
610209,VOLTA,Alessandro Volta Elementary School,ES,https://www.cps.edu/schools/profiles/school-overview/VOLTA,https://volta.cps.edu,41.971634,-87.724605,VOLTA-Open Enrollment-Dual Language,None,"<ul><li><strong>Selection Type: </strong>Random Computerized Lottery</li>                                                        <li><strong>GPA: </strong>N/A</li><li><strong>HS Admissions Exam Minimum for ELA/Math: </strong></li>                                                        <ul><li>General Education and 504 Plan Students:  / </li><li>IEP and EL Students:  / </li></ul>                                                        <li><strong>Priority: </strong>Sibling Preference,Staff Preference,General</li><li><strong>Note: </strong>Staff Preference applies at the entry level grade only. A maximum of 2 seats can be filled through Staff Preference.</li></ul>"
610251,CATHER,Willa Cather Elementary School,ES,https://www.cps.edu/schools/profiles/school-overview/CATHER,https://cather.cps.edu,41.88295,-87.699187,CATHER - Open Enrollment - General Education,None,"<ul><li><strong>Selection Type: </strong>Random Computerized Lottery</li>                                                        <li><strong>GPA: </strong>N/A</li><li><strong>HS Admissions Exam Minimum for ELA/Math: </strong></li>                                                        <ul><li>General Education and 504 Plan Students:  / </li><li>IEP and EL Students:  / </li></ul>                                                        <li><strong>Priority: </strong>Sibling Preference,Staff Preference,General</li><li><strong>Note: </strong>Staff Preference applies at the entry level grade only. A maximum of 2 seats can be filled through Staff Preference.</li></ul>"
610252,DETT,Robert Nathaniel Dett Elementary School,ES,https://www.cps.edu/schools/profiles/school-overview/DETT,http://dett.cps.edu,41.87987,-87.680315,DETT-Open Enrollment-General Education,None,"<ul><li><strong>Selection Type: </strong>Random Computerized Lottery</li>                                                        <li><strong>GPA: </strong>N/A</li><li><strong>HS Admissions Exam Minimum for ELA/Math: </strong></li>                                                        <ul><li>General Education and 504 Plan Students:  / </li><li>IEP and EL Students:  / </li></ul>                                                        <li><strong>Priority: </strong>Sibling Preference,Staff Preference,General</li><li><strong>Note: </strong>Staff Preference applies at the entry level grade only. A maximum of 2 seats can be filled through Staff Preference.</li></ul>"
610254,DVORAK,Dvorak Technology Academy,ES,https://www.cps.edu/schools/profiles/school-overview/DVORAK,https://dvorakausl.org,41.858883,-87.715744,DVORAK-Magnet Cluster-Technology,None,"<ul><li><strong>Selection Type: </strong>Random Computerized Lottery</li>                                                        <li><strong>GPA: </strong>N/A</li><li><strong>HS Admissions Exam Minimum for ELA/Math: </strong></li>                                                        <ul><li>General Education and 504 Plan Students:  / </li><li>IEP and EL Students:  / </li></ul>                                                        <li><strong>Priority: </strong>Sibling Preference,Staff Preference,General</li><li><strong>Note: </strong>Staff Preference applies at the entry level grade only. A maximum of 2 seats can be filled through Staff Preference.</li></ul>"
610256,ROBINSON,Jackie Robinson Elementary School,ES,https://www.cps.edu/schools/profiles/school-overview/ROBINSON,https://robinsoncps.org,41.817349,-87.599067,ROBINSON-Open Enrollment-General Education,None,"<ul><li><strong>Selection Type: </strong>Random Computerized Lottery</li>                                                        <li><strong>GPA: </strong>N/A</li><li><strong>HS Admissions Exam Minimum for ELA/Math: </strong></li>                                                        <ul><li>General Education and 504 Plan Students:  / </li><li>IEP and EL Students:  / </li></ul>                                                        <li><strong>Priority: </strong>Sibling Preference,Staff Preference,General</li><li><strong>Note: </strong>Staff Preference applies at the entry level grade only. A maximum of 2 seats can be filled through Staff Preference.</li></ul>"
610257,MORTON,Morton School of Excellence,ES,https://www.cps.edu/schools/profiles/school-overview/MORTON,https://mortonschool.org,41.889178,-87.705108,MORTON-Open Enrollment-General Education,None,"<ul><li><strong>Selection Type: </strong>Random Computerized Lottery</li>                                                        <li><strong>GPA: </strong>N/A</li><li><strong>HS Admissions Exam Minimum for ELA/Math: </strong></li>                                                        <ul><li>General Education and 504 Plan Students:  / </li><li>IEP and EL Students:  / </li></ul>                                                        <li><strong>Priority: </strong>Sibling Preference,Staff Preference,General</li><li><strong>Note: </strong>Staff Preference applies at the entry level grade only. A maximum of 2 seats can be filled through Staff Preference.</li></ul>"
610257,MORTON,Morton School of Excellence,ES,https://www.cps.edu/schools/profiles/school-overview/MORTON,https://mortonschool.org,41.889178,-87.705108,MORTON - Selective Enrollment - Regional Gifted Center,Admissions Exam,"<ul><li><strong>Selection Type: </strong>Descending Point Score based on Academic Criteria</li>                                                        <li><strong>GPA: </strong>N/A</li><li><strong>HS Admissions Exam Minimum for ELA/Math: </strong></li>                                                        <ul><li>General Education and 504 Plan Students:  / </li><li>IEP and EL Students:  / </li></ul>                                                        <li><strong>Priority: </strong>General,Tier</li><li><strong>Note: </strong>Tier is only considered in the selection of kindergarten applicants. 30% of seats are filled based on test scores alone. The remaining seats are evenly divided among applicants from each of the four socio-economic tiers.</li></ul>"
610257,MORTON,Morton School of Excellence,ES,https://www.cps.edu/schools/profiles/school-overview/MORTON,https://mortonschool.org,41.889178,-87.705108,MORTON - Selective Enrollment - Regional Gifted Center,Admissions Exam,<ul><li><strong>Selection Type: </strong>Descending Point Score based on Academic Criteria</li>                                                        <li><strong>GPA: </strong>N/A</li><li><strong>HS Admissions Exam Minimum for ELA/Math: </strong></li>                                                        <ul><li>General Education and 504 Plan Students:  / </li><li>IEP and EL Students:  / </li></ul>                                                        <li><strong>Priority: </strong>General</li><li><strong>Note: </strong>Morton is currently phasing in its Gifted program and will add one grade level each year until the program serves grades K-8.</li></ul>
610274,JOHNSON,James Weldon Johnson STEAM Elementary School,ES,https://www.cps.edu/schools/profiles/school-overview/JOHNSON,https://cps.edu/johnson,41.861836,-87.703139,JOHNSON-Magnet Cluster-STEAM,None,"<ul><li><strong>Selection Type: </strong>Random Computerized Lottery</li>                                                        <li><strong>GPA: </strong>N/A</li><li><strong>HS Admissions Exam Minimum for ELA/Math: </strong></li>                                                        <ul><li>General Education and 504 Plan Students:  / </li><li>IEP and EL Students:  / </li></ul>                                                        <li><strong>Priority: </strong>Sibling Preference,Staff Preference,General</li><li><strong>Note: </strong>Staff Preference applies at the entry level grade only. A maximum of 2 seats can be filled through Staff Preference.</li></ul>"
610263,DULLES,John Foster Dulles Elementary School,ES,https://www.cps.edu/schools/profiles/school-overview/DULLES,https://dullesschoolofexcellence.org,41.7799,-87.617214,DULLES-Open Enrollment-General Education,None,"<ul><li><strong>Selection Type: </strong>Random Computerized Lottery</li>                                                        <li><strong>GPA: </strong>N/A</li><li><strong>HS Admissions Exam Minimum for ELA/Math: </strong></li>                                                        <ul><li>General Education and 504 Plan Students:  / </li><li>IEP and EL Students:  / </li></ul>                                                        <li><strong>Priority: </strong>Sibling Preference,Staff Preference,General</li><li><strong>Note: </strong>Staff Preference applies at the entry level grade only. A maximum of 2 seats can be filled through Staff Preference.</li></ul>"
610268,ASHE,Arthur R Ashe Elementary School,ES,https://www.cps.edu/schools/profiles/school-overview/ASHE,https://ashe.cps.edu,41.740184,-87.601174,ASHE - Open Enrollment - General Education,None,"<ul><li><strong>Selection Type: </strong>Random Computerized Lottery</li>                                                        <li><strong>GPA: </strong>N/A</li><li><strong>HS Admissions Exam Minimum for ELA/Math: </strong></li>                                                        <ul><li>General Education and 504 Plan Students:  / </li><li>IEP and EL Students:  / </li></ul>                                                        <li><strong>Priority: </strong>Sibling Preference,Staff Preference,General</li><li><strong>Note: </strong>Staff Preference applies at the entry level grade only. A maximum of 2 seats can be filled through Staff Preference.</li></ul>"
610269,MCCUTCHEON,John T McCutcheon Elementary School,ES,https://www.cps.edu/schools/profiles/school-overview/MCCUTCHEON,https://mccutcheon.cps.edu,41.970949,-87.654758,MCCUTCHEON-Magnet Cluster-STEAM,None,"<ul><li><strong>Selection Type: </strong>Random Computerized Lottery</li>                                                        <li><strong>GPA: </strong>N/A</li><li><strong>HS Admissions Exam Minimum for ELA/Math: </strong></li>                                                        <ul><li>General Education and 504 Plan Students:  / </li><li>IEP and EL Students:  / </li></ul>                                                        <li><strong>Priority: </strong>Sibling Preference,Staff Preference,General</li><li><strong>Note: </strong>Staff Preference applies at the entry level grade only. A maximum of 2 seats can be filled through Staff Preference.</li></ul>"
610234,YATES,Richard Yates Elementary School,ES,https://www.cps.edu/schools/profiles/school-overview/YATES,https://www.yateselementary.org,41.915039,-87.70028,YATES-Open Enrollment-General Education,None,"<ul><li><strong>Selection Type: </strong>Random Computerized Lottery</li>                                                        <li><strong>GPA: </strong>N/A</li><li><strong>HS Admissions Exam Minimum for ELA/Math: </strong></li>                                                        <ul><li>General Education and 504 Plan Students:  / </li><li>IEP and EL Students:  / </li></ul>                                                        <li><strong>Priority: </strong>Sibling Preference,Staff Preference,General</li><li><strong>Note: </strong>Staff Preference applies at the entry level grade only. A maximum of 2 seats can be filled through Staff Preference.</li></ul>"
610231,NATIONAL TEACHERS,National Teachers Elementary Academy,ES,https://www.cps.edu/schools/profiles/school-overview/NATIONAL-TEACHERS,https://ntacourage.org,41.8528,-87.629308,NATIONAL TEACHERS - Selective Enrollment - Regional Gifted Center,Admissions Exam,"<ul><li><strong>Selection Type: </strong>Descending Point Score based on Academic Criteria</li>                                                        <li><strong>GPA: </strong>N/A</li><li><strong>HS Admissions Exam Minimum for ELA/Math: </strong></li>                                                        <ul><li>General Education and 504 Plan Students:  / </li><li>IEP and EL Students:  / </li></ul>                                                        <li><strong>Priority: </strong>General</li><li><strong>Note: </strong>Students are selected by exam score, with top scorers chosen first. Scores below 150 points (or a composite score of 100) are ineligible for selection.</li></ul>"
610231,NATIONAL TEACHERS,National Teachers Elementary Academy,ES,https://www.cps.edu/schools/profiles/school-overview/NATIONAL-TEACHERS,https://ntacourage.org,41.8528,-87.629308,NATIONAL TEACHERS - Selective Enrollment - Regional Gifted Center,Admissions Exam,"<ul><li><strong>Selection Type: </strong>Descending Point Score based on Academic Criteria</li>                                                        <li><strong>GPA: </strong>3.0</li><li><strong>HS Admissions Exam Minimum for ELA/Math: </strong></li>                                                        <ul><li>General Education and 504 Plan Students:  / </li><li>IEP and EL Students:  / </li></ul>                                                        <li><strong>Priority: </strong>General</li><li><strong>Note: </strong>Students are selected by exam score, with top scorers chosen first. Scores below 150 points (or a composite score of 100) are ineligible for selection.</li></ul>"
610231,NATIONAL TEACHERS,National Teachers Elementary Academy,ES,https://www.cps.edu/schools/profiles/school-overview/NATIONAL-TEACHERS,https://ntacourage.org,41.8528,-87.629308,NATIONAL TEACHERS - Selective Enrollment - Regional Gifted Center,Admissions Exam,"<ul><li><strong>Selection Type: </strong>Descending Point Score based on Academic Criteria</li>                                                        <li><strong>GPA: </strong>N/A</li><li><strong>HS Admissions Exam Minimum for ELA/Math: </strong></li>                                                        <ul><li>General Education and 504 Plan Students:  / </li><li>IEP and EL Students:  / </li></ul>                                                        <li><strong>Priority: </strong>General,Tier</li><li><strong>Note: </strong>Tier is only considered in the selection of kindergarten applicants. 30% of seats are filled based on test scores alone. The remaining seats are evenly divided among applicants from each of the four socio-economic tiers.</li></ul>"
610231,NATIONAL TEACHERS,National Teachers Elementary Academy,ES,https://www.cps.edu/schools/profiles/school-overview/NATIONAL-TEACHERS,https://ntacourage.org,41.8528,-87.629308,NATIONAL TEACHERS-Open Enrollment-General Education,None,"<ul><li><strong>Selection Type: </strong>Random Computerized Lottery</li>                                                        <li><strong>GPA: </strong>N/A</li><li><strong>HS Admissions Exam Minimum for ELA/Math: </strong></li>                                                        <ul><li>General Education and 504 Plan Students:  / </li><li>IEP and EL Students:  / </li></ul>                                                        <li><strong>Priority: </strong>Sibling Preference,Staff Preference,General</li><li><strong>Note: </strong>Staff Preference applies at the entry level grade only. A maximum of 2 seats can be filled through Staff Preference.</li></ul>"
610235,YOUNG ES,Ella Flagg Young Elementary School,ES,https://www.cps.edu/schools/profiles/school-overview/YOUNG-ES,https://www.EFYOUNGES.COM,41.906791,-87.767143,YOUNG ES-Open Enrollment-General Education,None,"<ul><li><strong>Selection Type: </strong>Random Computerized Lottery</li>                                                        <li><strong>GPA: </strong>N/A</li><li><strong>HS Admissions Exam Minimum for ELA/Math: </strong></li>                                                        <ul><li>General Education and 504 Plan Students:  / </li><li>IEP and EL Students:  / </li></ul>                                                        <li><strong>Priority: </strong>Sibling Preference,Staff Preference,General</li><li><strong>Note: </strong>Staff Preference applies at the entry level grade only. A maximum of 2 seats can be filled through Staff Preference.</li></ul>"
610237,BEETHOVEN,Ludwig Van Beethoven Elementary School,ES,https://www.cps.edu/schools/profiles/school-overview/BEETHOVEN,https://www.beethovenelementarycps.org/,41.809135,-87.627137,BEETHOVEN - Open Enrollment - General Education,None,"<ul><li><strong>Selection Type: </strong>Random Computerized Lottery</li>                                                        <li><strong>GPA: </strong>N/A</li><li><strong>HS Admissions Exam Minimum for ELA/Math: </strong></li>                                                        <ul><li>General Education and 504 Plan Students:  / </li><li>IEP and EL Students:  / </li></ul>                                                        <li><strong>Priority: </strong>Sibling Preference,Staff Preference,General</li><li><strong>Note: </strong>Staff Preference applies at the entry level grade only. A maximum of 2 seats can be filled through Staff Preference.</li></ul>"
610238,BOND,Carrie Jacobs Bond Elementary School,ES,https://www.cps.edu/schools/profiles/school-overview/BOND,https://bondelementary.org,41.765361,-87.653018,BOND - Open Enrollment - General Education,None,"<ul><li><strong>Selection Type: </strong>Random Computerized Lottery</li>                                                        <li><strong>GPA: </strong>N/A</li><li><strong>HS Admissions Exam Minimum for ELA/Math: </strong></li>                                                        <ul><li>General Education and 504 Plan Students:  / </li><li>IEP and EL Students:  / </li></ul>                                                        <li><strong>Priority: </strong>Sibling Preference,Staff Preference,General</li><li><strong>Note: </strong>Staff Preference applies at the entry level grade only. A maximum of 2 seats can be filled through Staff Preference.</li></ul>"
610239,DALEY,Richard J Daley Elementary Academy,ES,https://www.cps.edu/schools/profiles/school-overview/DALEY,https://rjdaley.org,41.802343,-87.672206,DALEY-Magnet Cluster-Personalized Learning,None,"<ul><li><strong>Selection Type: </strong>Random Computerized Lottery</li>                                                        <li><strong>GPA: </strong>N/A</li><li><strong>HS Admissions Exam Minimum for ELA/Math: </strong></li>                                                        <ul><li>General Education and 504 Plan Students:  / </li><li>IEP and EL Students:  / </li></ul>                                                        <li><strong>Priority: </strong>Sibling Preference,Staff Preference,General</li><li><strong>Note: </strong>Staff Preference applies at the entry level grade only. A maximum of 2 seats can be filled through Staff Preference.</li></ul>"
610242,BRENNEMANN,Joseph Brennemann Elementary School,ES,https://www.cps.edu/schools/profiles/school-overview/BRENNEMANN,https://www.josephbrennemann.org,41.959984,-87.649749,BRENNEMANN - Magnet Cluster - Fine & Performing Arts,None,"<ul><li><strong>Selection Type: </strong>Random Computerized Lottery</li>                                                        <li><strong>GPA: </strong>N/A</li><li><strong>HS Admissions Exam Minimum for ELA/Math: </strong></li>                                                        <ul><li>General Education and 504 Plan Students:  / </li><li>IEP and EL Students:  / </li></ul>                                                        <li><strong>Priority: </strong>Sibling Preference,Staff Preference,General</li><li><strong>Note: </strong>Staff Preference applies at the entry level grade only. A maximum of 2 seats can be filled through Staff Preference.</li></ul>"
610216,WALSH,John A Walsh Elementary School,ES,https://www.cps.edu/schools/profiles/school-overview/WALSH,http://walshschool.cps.edu,41.854836,-87.648086,WALSH-Open Enrollment-General Education,None,"<ul><li><strong>Selection Type: </strong>Random Computerized Lottery</li>                                                        <li><strong>GPA: </strong>N/A</li><li><strong>HS Admissions Exam Minimum for ELA/Math: </strong></li>                                                        <ul><li>General Education and 504 Plan Students:  / </li><li>IEP and EL Students:  / </li></ul>                                                        <li><strong>Priority: </strong>Sibling Preference,Staff Preference,General</li><li><strong>Note: </strong>Staff Preference applies at the entry level grade only. A maximum of 2 seats can be filled through Staff Preference.</li></ul>"
610217,WARD J,James Ward Elementary School,ES,https://www.cps.edu/schools/profiles/school-overview/WARD-J,https://www.jameswardschool.com,41.84398,-87.635356,WARD J-Magnet Cluster-World Language,None,"<ul><li><strong>Selection Type: </strong>Random Computerized Lottery</li>                                                        <li><strong>GPA: </strong>N/A</li><li><strong>HS Admissions Exam Minimum for ELA/Math: </strong></li>                                                        <ul><li>General Education and 504 Plan Students:  / </li><li>IEP and EL Students:  / </li></ul>                                                        <li><strong>Priority: </strong>Sibling Preference,Staff Preference,General</li><li><strong>Note: </strong>Staff Preference applies at the entry level grade only. A maximum of 2 seats can be filled through Staff Preference.World Languages offered = Mandarin, Spanish</li></ul>"
610218,WARREN,Joseph Warren Elementary School,ES,https://www.cps.edu/schools/profiles/school-overview/WARREN,https://warrencps.org,41.726763,-87.575353,WARREN-Open Enrollment-General Education,None,"<ul><li><strong>Selection Type: </strong>Random Computerized Lottery</li>                                                        <li><strong>GPA: </strong>N/A</li><li><strong>HS Admissions Exam Minimum for ELA/Math: </strong></li>                                                        <ul><li>General Education and 504 Plan Students:  / </li><li>IEP and EL Students:  / </li></ul>                                                        <li><strong>Priority: </strong>Sibling Preference,Staff Preference,General</li><li><strong>Note: </strong>Staff Preference applies at the entry level grade only. A maximum of 2 seats can be filled through Staff Preference.</li></ul>"
610219,WASHINGTON G ES,George Washington Elementary School,ES,https://www.cps.edu/schools/profiles/school-overview/WASHINGTON-G-ES,https://gwashington.cps.edu,41.688131,-87.536015,WASHINGTON G ES-Open Enrollment-General Education,None,"<ul><li><strong>Selection Type: </strong>Random Computerized Lottery</li>                                                        <li><strong>GPA: </strong>N/A</li><li><strong>HS Admissions Exam Minimum for ELA/Math: </strong></li>                                                        <ul><li>General Education and 504 Plan Students:  / </li><li>IEP and EL Students:  / </li></ul>                                                        <li><strong>Priority: </strong>Sibling Preference,Staff Preference,General</li><li><strong>Note: </strong>Staff Preference applies at the entry level grade only. A maximum of 2 seats can be filled through Staff Preference.</li></ul>"
610220,WATERS,Thomas J Waters Elementary School,ES,https://www.cps.edu/schools/profiles/school-overview/WATERS,http://www.waterselementary.org,41.964165,-87.691433,"WATERS-Magnet Cluster-Fine & Performing Arts, Technology",None,"<ul><li><strong>Selection Type: </strong>Random Computerized Lottery</li>                                                        <li><strong>GPA: </strong>N/A</li><li><strong>HS Admissions Exam Minimum for ELA/Math: </strong></li>                                                        <ul><li>General Education and 504 Plan Students:  / </li><li>IEP and EL Students:  / </li></ul>                                                        <li><strong>Priority: </strong>Sibling Preference,Staff Preference,General</li><li><strong>Note: </strong>Staff Preference applies at the entry level grade only. A maximum of 2 seats can be filled through Staff Preference.</li></ul>"
610221,WEBSTER,Daniel Webster Elementary School,ES,https://www.cps.edu/schools/profiles/school-overview/WEBSTER,https://www.cps.edu/webster,41.869916,-87.727524,WEBSTER-Open Enrollment-General Education,None,"<ul><li><strong>Selection Type: </strong>Random Computerized Lottery</li>                                                        <li><strong>GPA: </strong>N/A</li><li><strong>HS Admissions Exam Minimum for ELA/Math: </strong></li>                                                        <ul><li>General Education and 504 Plan Students:  / </li><li>IEP and EL Students:  / </li></ul>                                                        <li><strong>Priority: </strong>Sibling Preference,Staff Preference,General</li><li><strong>Note: </strong>Staff Preference applies at the entry level grade only. A maximum of 2 seats can be filled through Staff Preference.</li></ul>"
610223,WENTWORTH,Daniel S Wentworth Elementary School,ES,https://www.cps.edu/schools/profiles/school-overview/WENTWORTH,https://wentworthschool.org,41.765076,-87.658205,WENTWORTH-Magnet Cluster-STEM,None,"<ul><li><strong>Selection Type: </strong>Random Computerized Lottery</li>                                                        <li><strong>GPA: </strong>N/A</li><li><strong>HS Admissions Exam Minimum for ELA/Math: </strong></li>                                                        <ul><li>General Education and 504 Plan Students:  / </li><li>IEP and EL Students:  / </li></ul>                                                        <li><strong>Priority: </strong>Sibling Preference,Staff Preference,General</li><li><strong>Note: </strong>Staff Preference applies at the entry level grade only. A maximum of 2 seats can be filled through Staff Preference.</li></ul>"
610225,WHISTLER,John Whistler Elementary School,ES,https://www.cps.edu/schools/profiles/school-overview/WHISTLER,https://cps.edu/whistler,41.683907,-87.655384,WHISTLER-Open Enrollment-General Education,None,"<ul><li><strong>Selection Type: </strong>Random Computerized Lottery</li>                                                        <li><strong>GPA: </strong>N/A</li><li><strong>HS Admissions Exam Minimum for ELA/Math: </strong></li>                                                        <ul><li>General Education and 504 Plan Students:  / </li><li>IEP and EL Students:  / </li></ul>                                                        <li><strong>Priority: </strong>Sibling Preference,Staff Preference,General</li><li><strong>Note: </strong>Staff Preference applies at the entry level grade only. A maximum of 2 seats can be filled through Staff Preference.</li></ul>"
610226,SANDOVAL,Socorro Sandoval Elementary School,ES,https://www.cps.edu/schools/profiles/school-overview/SANDOVAL,https://sandovalelementary.org,41.792346,-87.710987,SANDOVAL-Open Enrollment-General Education,None,"<ul><li><strong>Selection Type: </strong>Random Computerized Lottery</li>                                                        <li><strong>GPA: </strong>N/A</li><li><strong>HS Admissions Exam Minimum for ELA/Math: </strong></li>                                                        <ul><li>General Education and 504 Plan Students:  / </li><li>IEP and EL Students:  / </li></ul>                                                        <li><strong>Priority: </strong>Sibling Preference,Staff Preference,General</li><li><strong>Note: </strong>Staff Preference applies at the entry level grade only. A maximum of 2 seats can be filled through Staff Preference.</li></ul>"
610226,SANDOVAL,Socorro Sandoval Elementary School,ES,https://www.cps.edu/schools/profiles/school-overview/SANDOVAL,https://sandovalelementary.org,41.792346,-87.710987,SANDOVAL-Open Enrollment-Dual Language,None,"<ul><li><strong>Selection Type: </strong>Random Computerized Lottery</li>                                                        <li><strong>GPA: </strong>N/A</li><li><strong>HS Admissions Exam Minimum for ELA/Math: </strong></li>                                                        <ul><li>General Education and 504 Plan Students:  / </li><li>IEP and EL Students:  / </li></ul>                                                        <li><strong>Priority: </strong>Sibling Preference,Staff Preference,General</li><li><strong>Note: </strong>Staff Preference applies at the entry level grade only. A maximum of 2 seats can be filled through Staff Preference.</li></ul>"
610227,WHITNEY,Eli Whitney Elementary School,ES,https://www.cps.edu/schools/profiles/school-overview/WHITNEY,http://whitney.cps.edu,41.84008,-87.725546,WHITNEY-Magnet Cluster-Technology,None,"<ul><li><strong>Selection Type: </strong>Random Computerized Lottery</li>                                                        <li><strong>GPA: </strong>N/A</li><li><strong>HS Admissions Exam Minimum for ELA/Math: </strong></li>                                                        <ul><li>General Education and 504 Plan Students:  / </li><li>IEP and EL Students:  / </li></ul>                                                        <li><strong>Priority: </strong>Sibling Preference,Staff Preference,General</li><li><strong>Note: </strong>Staff Preference applies at the entry level grade only. A maximum of 2 seats can be filled through Staff Preference.</li></ul>"
610228,WHITTIER,John Greenleaf Whittier Elementary School,ES,https://www.cps.edu/schools/profiles/school-overview/WHITTIER,http://whittierschool.org,41.850481,-87.673392,WHITTIER-Magnet with Boundary-World Language,None,"<ul><li><strong>Selection Type: </strong>Random Computerized Lottery</li>                                                        <li><strong>GPA: </strong>N/A</li><li><strong>HS Admissions Exam Minimum for ELA/Math: </strong></li>                                                        <ul><li>General Education and 504 Plan Students:  / </li><li>IEP and EL Students:  / </li></ul>                                                        <li><strong>Priority: </strong>Sibling Preference,Staff Preference,General</li><li><strong>Note: </strong>Staff Preference applies at the entry level grade only. A maximum of 2 seats can be filled through Staff Preference.</li></ul>"
610228,WHITTIER,John Greenleaf Whittier Elementary School,ES,https://www.cps.edu/schools/profiles/school-overview/WHITTIER,http://whittierschool.org,41.850481,-87.673392,WHITTIER-Open Enrollment-Dual Language,None,"<ul><li><strong>Selection Type: </strong>Random Computerized Lottery</li>                                                        <li><strong>GPA: </strong>N/A</li><li><strong>HS Admissions Exam Minimum for ELA/Math: </strong></li>                                                        <ul><li>General Education and 504 Plan Students:  / </li><li>IEP and EL Students:  / </li></ul>                                                        <li><strong>Priority: </strong>Sibling Preference,Staff Preference,General</li><li><strong>Note: </strong>Staff Preference applies at the entry level grade only. A maximum of 2 seats can be filled through Staff Preference.</li></ul>"
610396,TARKINGTON,Tarkington School of Excellence ES,ES,https://www.cps.edu/schools/profiles/school-overview/TARKINGTON,https://tarkington.cps.edu,41.764407,-87.706445,TARKINGTON - Open Enrollment - Dual Language,None,"<ul><li><strong>Selection Type: </strong>Random Computerized Lottery</li>                                                        <li><strong>GPA: </strong>N/A</li><li><strong>HS Admissions Exam Minimum for ELA/Math: </strong></li>                                                        <ul><li>General Education and 504 Plan Students:  / </li><li>IEP and EL Students:  / </li></ul>                                                        <li><strong>Priority: </strong>Sibling Preference,Staff Preference,General</li><li><strong>Note: </strong>Staff Preference applies at the entry level grade only. A maximum of 2 seats can be filled through Staff Preference.</li></ul>"
610396,TARKINGTON,Tarkington School of Excellence ES,ES,https://www.cps.edu/schools/profiles/school-overview/TARKINGTON,https://tarkington.cps.edu,41.764407,-87.706445,TARKINGTON-Open Enrollment-General Education,None,"<ul><li><strong>Selection Type: </strong>Random Computerized Lottery</li>                                                        <li><strong>GPA: </strong>N/A</li><li><strong>HS Admissions Exam Minimum for ELA/Math: </strong></li>                                                        <ul><li>General Education and 504 Plan Students:  / </li><li>IEP and EL Students:  / </li></ul>                                                        <li><strong>Priority: </strong>Sibling Preference,Staff Preference,General</li><li><strong>Note: </strong>Staff Preference applies at the entry level grade only. A maximum of 2 seats can be filled through Staff Preference.</li></ul>"
610523,EDISON PARK,Edison Park Elementary School,ES,https://www.cps.edu/schools/profiles/school-overview/EDISON-PARK,https://edisonparkelementary.org,41.994238,-87.813771,EDISON PARK-Open Enrollment-General Education,None,"<ul><li><strong>Selection Type: </strong>Random Computerized Lottery</li>                                                        <li><strong>GPA: </strong>N/A</li><li><strong>HS Admissions Exam Minimum for ELA/Math: </strong></li>                                                        <ul><li>General Education and 504 Plan Students:  / </li><li>IEP and EL Students:  / </li></ul>                                                        <li><strong>Priority: </strong>Sibling Preference,Staff Preference,General</li><li><strong>Note: </strong>Staff Preference applies at the entry level grade only. A maximum of 2 seats can be filled through Staff Preference.</li></ul>"
610533,PRIETO,Dr Jorge Prieto Math and Science Academy,ES,https://www.cps.edu/schools/profiles/school-overview/PRIETO,http://prieto.cps.edu,41.921318,-87.765781,PRIETO-Open Enrollment-General Education,None,"<ul><li><strong>Selection Type: </strong>Random Computerized Lottery</li>                                                        <li><strong>GPA: </strong>N/A</li><li><strong>HS Admissions Exam Minimum for ELA/Math: </strong></li>                                                        <ul><li>General Education and 504 Plan Students:  / </li><li>IEP and EL Students:  / </li></ul>                                                        <li><strong>Priority: </strong>Sibling Preference,Staff Preference,General</li><li><strong>Note: </strong>Staff Preference applies at the entry level grade only. A maximum of 2 seats can be filled through Staff Preference.</li></ul>"
610533,PRIETO,Dr Jorge Prieto Math and Science Academy,ES,https://www.cps.edu/schools/profiles/school-overview/PRIETO,http://prieto.cps.edu,41.921318,-87.765781,PRIETO-Open Enrollment-Dual Language,None,"<ul><li><strong>Selection Type: </strong>Random Computerized Lottery</li>                                                        <li><strong>GPA: </strong>N/A</li><li><strong>HS Admissions Exam Minimum for ELA/Math: </strong></li>                                                        <ul><li>General Education and 504 Plan Students:  / </li><li>IEP and EL Students:  / </li></ul>                                                        <li><strong>Priority: </strong>Sibling Preference,Staff Preference,General</li><li><strong>Note: </strong>Staff Preference applies at the entry level grade only. A maximum of 2 seats can be filled through Staff Preference.</li></ul>"
610364,DUBOIS,William E B Dubois Elementary School,ES,https://www.cps.edu/schools/profiles/school-overview/DUBOIS,https://dubois.cps.edu,41.653733,-87.61432,DUBOIS-Magnet Cluster-World Language,None,"<ul><li><strong>Selection Type: </strong>Random Computerized Lottery</li>                                                        <li><strong>GPA: </strong>N/A</li><li><strong>HS Admissions Exam Minimum for ELA/Math: </strong></li>                                                        <ul><li>General Education and 504 Plan Students:  / </li><li>IEP and EL Students:  / </li></ul>                                                        <li><strong>Priority: </strong>Sibling Preference,Staff Preference,General</li><li><strong>Note: </strong>Staff Preference applies at the entry level grade only. A maximum of 2 seats can be filled through Staff Preference.</li></ul>"
610367,DEPRIEST,Oscar DePriest Elementary School,ES,https://www.cps.edu/schools/profiles/school-overview/DEPRIEST,https://depriestschool.org,41.877979,-87.766298,DEPRIEST-Open Enrollment-General Education,None,"<ul><li><strong>Selection Type: </strong>Random Computerized Lottery</li>                                                        <li><strong>GPA: </strong>N/A</li><li><strong>HS Admissions Exam Minimum for ELA/Math: </strong></li>                                                        <ul><li>General Education and 504 Plan Students:  / </li><li>IEP and EL Students:  / </li></ul>                                                        <li><strong>Priority: </strong>Sibling Preference,Staff Preference,General</li><li><strong>Note: </strong>Staff Preference applies at the entry level grade only. A maximum of 2 seats can be filled through Staff Preference.</li></ul>"
610367,DEPRIEST,Oscar DePriest Elementary School,ES,https://www.cps.edu/schools/profiles/school-overview/DEPRIEST,https://depriestschool.org,41.877979,-87.766298,DEPRIEST-Magnet Cluster-IB Middle Years Programme,None,"<ul><li><strong>Selection Type: </strong>Random Computerized Lottery</li>                                                        <li><strong>GPA: </strong>N/A</li><li><strong>HS Admissions Exam Minimum for ELA/Math: </strong></li>                                                        <ul><li>General Education and 504 Plan Students:  / </li><li>IEP and EL Students:  / </li></ul>                                                        <li><strong>Priority: </strong>Sibling Preference,General</li></ul>"
610366,WACKER,Charles H Wacker Elementary School,ES,https://www.cps.edu/schools/profiles/school-overview/WACKER,https://wackerwildcats.org,41.716193,-87.648044,WACKER-Open Enrollment-General Education,None,"<ul><li><strong>Selection Type: </strong>Random Computerized Lottery</li>                                                        <li><strong>GPA: </strong>N/A</li><li><strong>HS Admissions Exam Minimum for ELA/Math: </strong></li>                                                        <ul><li>General Education and 504 Plan Students:  / </li><li>IEP and EL Students:  / </li></ul>                                                        <li><strong>Priority: </strong>Sibling Preference,Staff Preference,General</li><li><strong>Note: </strong>Staff Preference applies at the entry level grade only. A maximum of 2 seats can be filled through Staff Preference.</li></ul>"
610368,HUGHES L,Langston Hughes Elementary School,ES,https://www.cps.edu/schools/profiles/school-overview/HUGHES-L,http://lhughes.cps.edu,41.705342,-87.629869,HUGHES L-Magnet Cluster-STEM,None,"<ul><li><strong>Selection Type: </strong>Random Computerized Lottery</li>                                                        <li><strong>GPA: </strong>N/A</li><li><strong>HS Admissions Exam Minimum for ELA/Math: </strong></li>                                                        <ul><li>General Education and 504 Plan Students:  / </li><li>IEP and EL Students:  / </li></ul>                                                        <li><strong>Priority: </strong>Sibling Preference,Staff Preference,General</li><li><strong>Note: </strong>Staff Preference applies at the entry level grade only. A maximum of 2 seats can be filled through Staff Preference.</li></ul>"
610369,JACKSON M,Mahalia Jackson Elementary School,ES,https://www.cps.edu/schools/profiles/school-overview/JACKSON-M,http://www.mjacksoncps.com/,41.734125,-87.646767,JACKSON M-Open Enrollment-General Education,None,"<ul><li><strong>Selection Type: </strong>Random Computerized Lottery</li>                                                        <li><strong>GPA: </strong>N/A</li><li><strong>HS Admissions Exam Minimum for ELA/Math: </strong></li>                                                        <ul><li>General Education and 504 Plan Students:  / </li><li>IEP and EL Students:  / </li></ul>                                                        <li><strong>Priority: </strong>Sibling Preference,Staff Preference,General</li><li><strong>Note: </strong>Staff Preference applies at the entry level grade only. A maximum of 2 seats can be filled through Staff Preference.</li></ul>"
610586,SADLOWSKI,Edward E. Sadlowski Elementary School,ES,https://www.cps.edu/schools/profiles/school-overview/SADLOWSKI,http://sadlowski.cps.edu,41.704859,-87.527985,SADLOWSKI-Open Enrollment-General Education,None,"<ul><li><strong>Selection Type: </strong>Random Computerized Lottery</li>                                                        <li><strong>GPA: </strong>N/A</li><li><strong>HS Admissions Exam Minimum for ELA/Math: </strong></li>                                                        <ul><li>General Education and 504 Plan Students:  / </li><li>IEP and EL Students:  / </li></ul>                                                        <li><strong>Priority: </strong>Sibling Preference,Staff Preference,General</li><li><strong>Note: </strong>Staff Preference applies at the entry level grade only. A maximum of 2 seats can be filled through Staff Preference.</li></ul>"
610589,SOR JUANA,Sor Juana Ines de la Cruz ES,ES,https://www.cps.edu/schools/profiles/school-overview/SOR-JUANA,https://sorjuana.cps.edu,41.789597,-87.72638,SOR JUANA - Selective Enrollment - Classical,Admissions Exam,"<ul><li><strong>Selection Type: </strong>Descending Point Score based on Academic Criteria</li>                                                        <li><strong>GPA: </strong>N/A</li><li><strong>HS Admissions Exam Minimum for ELA/Math: </strong></li>                                                        <ul><li>General Education and 504 Plan Students:  / </li><li>IEP and EL Students:  / </li></ul>                                                        <li><strong>Priority: </strong>General,Tier</li><li><strong>Note: </strong>Tier is only considered in the selection of kindergarten applicants. 30% of seats are filled based on test scores alone. The remaining seats are evenly divided among applicants from each of the four socio-economic tiers.</li></ul>"
610589,SOR JUANA,Sor Juana Ines de la Cruz ES,ES,https://www.cps.edu/schools/profiles/school-overview/SOR-JUANA,https://sorjuana.cps.edu,41.789597,-87.72638,SOR JUANA - Selective Enrollment - Classical,Admissions Exam,"<ul><li><strong>Selection Type: </strong>Descending Point Score based on Academic Criteria</li>                                                        <li><strong>GPA: </strong>N/A</li><li><strong>HS Admissions Exam Minimum for ELA/Math: </strong></li>                                                        <ul><li>General Education and 504 Plan Students:  / </li><li>IEP and EL Students:  / </li></ul>                                                        <li><strong>Priority: </strong>General</li><li><strong>Note: </strong>Students are selected by exam score, with top scorers chosen first. Scores below 75 points (or the 50th percentile) in either Reading OR Math are ineligible for selection.</li></ul>"
610589,SOR JUANA,Sor Juana Ines de la Cruz ES,ES,https://www.cps.edu/schools/profiles/school-overview/SOR-JUANA,https://sorjuana.cps.edu,41.789597,-87.72638,SOR JUANA - Selective Enrollment - Classical,Admissions Exam,"<ul><li><strong>Selection Type: </strong>Descending Point Score based on Academic Criteria</li>                                                        <li><strong>GPA: </strong>3.0</li><li><strong>HS Admissions Exam Minimum for ELA/Math: </strong></li>                                                        <ul><li>General Education and 504 Plan Students:  / </li><li>IEP and EL Students:  / </li></ul>                                                        <li><strong>Priority: </strong>General</li><li><strong>Note: </strong>Students are selected by exam score, with top scorers chosen first. Scores below 75 points (or the 50th percentile) in either Reading OR Math are ineligible for selection.</li></ul>"
610589,SOR JUANA,Sor Juana Ines de la Cruz ES,ES,https://www.cps.edu/schools/profiles/school-overview/SOR-JUANA,https://sorjuana.cps.edu,41.789597,-87.72638,SOR JUANA-Magnet-STEAM,None,"<ul><li><strong>Selection Type: </strong>Random Computerized Lottery</li>                                                        <li><strong>GPA: </strong>N/A</li><li><strong>HS Admissions Exam Minimum for ELA/Math: </strong></li>                                                        <ul><li>General Education and 504 Plan Students:  / </li><li>IEP and EL Students:  / </li></ul>                                                        <li><strong>Priority: </strong>Sibling Preference,Staff Preference,Tier,General</li><li><strong>Note: </strong>The distribution of available seats into the 4 socio-economic tiers will only be applicable at the entry-level grade. Staff Preference applies at the entry level grade only. A maximum of 2 seats can be filled through Staff Preference.</li></ul>"
610539,CAMRAS,Marvin Camras Elementary School,ES,https://www.cps.edu/schools/profiles/school-overview/CAMRAS,http://camras.cps.edu/,41.934931,-87.770127,CAMRAS - Magnet Cluster - STEM,None,"<ul><li><strong>Selection Type: </strong>Random Computerized Lottery</li>                                                        <li><strong>GPA: </strong>N/A</li><li><strong>HS Admissions Exam Minimum for ELA/Math: </strong></li>                                                        <ul><li>General Education and 504 Plan Students:  / </li><li>IEP and EL Students:  / </li></ul>                                                        <li><strong>Priority: </strong>Sibling Preference,Staff Preference,General</li><li><strong>Note: </strong>Staff Preference applies at the entry level grade only. A maximum of 2 seats can be filled through Staff Preference.</li></ul>"
610541,LORCA,Federico Garcia Lorca Elementary School,ES,https://www.cps.edu/schools/profiles/school-overview/LORCA,https://lorca.cps.edu,41.940026,-87.724783,LORCA-Magnet Cluster-Personalized Learning,None,"<ul><li><strong>Selection Type: </strong>Random Computerized Lottery</li>                                                        <li><strong>GPA: </strong>N/A</li><li><strong>HS Admissions Exam Minimum for ELA/Math: </strong></li>                                                        <ul><li>General Education and 504 Plan Students:  / </li><li>IEP and EL Students:  / </li></ul>                                                        <li><strong>Priority: </strong>Sibling Preference,Staff Preference,General</li><li><strong>Note: </strong>Staff Preference applies at the entry level grade only. A maximum of 2 seats can be filled through Staff Preference.</li></ul>"
610542,WEST RIDGE,West Ridge Elementary School,ES,https://www.cps.edu/schools/profiles/school-overview/WEST-RIDGE,https://westridgeelementary.org,42.002959,-87.705917,WEST RIDGE-Open Enrollment-General Education,None,"<ul><li><strong>Selection Type: </strong>Random Computerized Lottery</li>                                                        <li><strong>GPA: </strong>N/A</li><li><strong>HS Admissions Exam Minimum for ELA/Math: </strong></li>                                                        <ul><li>General Education and 504 Plan Students:  / </li><li>IEP and EL Students:  / </li></ul>                                                        <li><strong>Priority: </strong>Sibling Preference,Staff Preference,General</li><li><strong>Note: </strong>Staff Preference applies at the entry level grade only. A maximum of 2 seats can be filled through Staff Preference.</li></ul>"
610544,AZUELA,Mariano Azuela Elementary School,ES,https://www.cps.edu/schools/profiles/school-overview/AZUELA,http://azuela.cps.edu,41.771079,-87.73992,AZUELA - Open Enrollment - General Education,None,"<ul><li><strong>Selection Type: </strong>Random Computerized Lottery</li>                                                        <li><strong>GPA: </strong>N/A</li><li><strong>HS Admissions Exam Minimum for ELA/Math: </strong></li>                                                        <ul><li>General Education and 504 Plan Students:  / </li><li>IEP and EL Students:  / </li></ul>                                                        <li><strong>Priority: </strong>Sibling Preference,Staff Preference,General</li><li><strong>Note: </strong>Staff Preference applies at the entry level grade only. A maximum of 2 seats can be filled through Staff Preference.</li></ul>"
610544,AZUELA,Mariano Azuela Elementary School,ES,https://www.cps.edu/schools/profiles/school-overview/AZUELA,http://azuela.cps.edu,41.771079,-87.73992,AZUELA - Open Enrollment - Dual Language,None,"<ul><li><strong>Selection Type: </strong>Random Computerized Lottery</li>                                                        <li><strong>GPA: </strong>N/A</li><li><strong>HS Admissions Exam Minimum for ELA/Math: </strong></li>                                                        <ul><li>General Education and 504 Plan Students:  / </li><li>IEP and EL Students:  / </li></ul>                                                        <li><strong>Priority: </strong>Sibling Preference,Staff Preference,General</li><li><strong>Note: </strong>Staff Preference applies at the entry level grade only. A maximum of 2 seats can be filled through Staff Preference.</li></ul>"
610013,PILSEN,Pilsen Elementary Community Academy,ES,https://www.cps.edu/schools/profiles/school-overview/PILSEN,https://pilsenacademy.org,41.858849,-87.662209,PILSEN-Open Enrollment-General Education,None,"<ul><li><strong>Selection Type: </strong>Random Computerized Lottery</li>                                                        <li><strong>GPA: </strong>N/A</li><li><strong>HS Admissions Exam Minimum for ELA/Math: </strong></li>                                                        <ul><li>General Education and 504 Plan Students:  / </li><li>IEP and EL Students:  / </li></ul>                                                        <li><strong>Priority: </strong>Sibling Preference,Staff Preference,General</li><li><strong>Note: </strong>Staff Preference applies at the entry level grade only. A maximum of 2 seats can be filled through Staff Preference.</li></ul>"
610016,KELLOGG,Kate S Kellogg Elementary School,ES,https://www.cps.edu/schools/profiles/school-overview/KELLOGG,http://kellogg.cps.edu,41.725263,-87.677233,KELLOGG-Open Enrollment-General Education,None,"<ul><li><strong>Selection Type: </strong>Random Computerized Lottery</li>                                                        <li><strong>GPA: </strong>N/A</li><li><strong>HS Admissions Exam Minimum for ELA/Math: </strong></li>                                                        <ul><li>General Education and 504 Plan Students:  / </li><li>IEP and EL Students:  / </li></ul>                                                        <li><strong>Priority: </strong>Sibling Preference,Staff Preference,General</li><li><strong>Note: </strong>Staff Preference applies at the entry level grade only. A maximum of 2 seats can be filled through Staff Preference.</li></ul>"
610016,KELLOGG,Kate S Kellogg Elementary School,ES,https://www.cps.edu/schools/profiles/school-overview/KELLOGG,http://kellogg.cps.edu,41.725263,-87.677233,KELLOGG-Magnet Cluster-IB Middle Years Programme,None,"<ul><li><strong>Selection Type: </strong>Random Computerized Lottery</li>                                                        <li><strong>GPA: </strong>N/A</li><li><strong>HS Admissions Exam Minimum for ELA/Math: </strong></li>                                                        <ul><li>General Education and 504 Plan Students:  / </li><li>IEP and EL Students:  / </li></ul>                                                        <li><strong>Priority: </strong>Sibling Preference,General</li></ul>"
610021,CASALS,Pablo Casals Elementary School,ES,https://www.cps.edu/schools/profiles/school-overview/CASALS,https://www.casalssoe.org/,41.904503,-87.714234,CASALS - Open Enrollment - General Education,None,"<ul><li><strong>Selection Type: </strong>Random Computerized Lottery</li>                                                        <li><strong>GPA: </strong>N/A</li><li><strong>HS Admissions Exam Minimum for ELA/Math: </strong></li>                                                        <ul><li>General Education and 504 Plan Students:  / </li><li>IEP and EL Students:  / </li></ul>                                                        <li><strong>Priority: </strong>Sibling Preference,Staff Preference,General</li><li><strong>Note: </strong>Staff Preference applies at the entry level grade only. A maximum of 2 seats can be filled through Staff Preference.</li></ul>"
610015,JUNGMAN,Joseph Jungman STEM Magnet Elementary School,ES,https://www.cps.edu/schools/profiles/school-overview/JUNGMAN,https://www.jungmanstem.org,41.858065,-87.652302,JUNGMAN-Magnet with Boundary-STEM,None,"<ul><li><strong>Selection Type: </strong>Random Computerized Lottery</li>                                                        <li><strong>GPA: </strong>N/A</li><li><strong>HS Admissions Exam Minimum for ELA/Math: </strong></li>                                                        <ul><li>General Education and 504 Plan Students:  / </li><li>IEP and EL Students:  / </li></ul>                                                        <li><strong>Priority: </strong>Sibling Preference,Staff Preference,General</li><li><strong>Note: </strong>Staff Preference applies at the entry level grade only. A maximum of 2 seats can be filled through Staff Preference.</li></ul>"
609952,GREENE,Nathanael Greene Elementary School,ES,https://www.cps.edu/schools/profiles/school-overview/GREENE,https://greene.cps.edu,41.829669,-87.671492,GREENE-Open Enrollment-General Education,None,"<ul><li><strong>Selection Type: </strong>Random Computerized Lottery</li>                                                        <li><strong>GPA: </strong>N/A</li><li><strong>HS Admissions Exam Minimum for ELA/Math: </strong></li>                                                        <ul><li>General Education and 504 Plan Students:  / </li><li>IEP and EL Students:  / </li></ul>                                                        <li><strong>Priority: </strong>Sibling Preference,Staff Preference,General</li><li><strong>Note: </strong>Staff Preference applies at the entry level grade only. A maximum of 2 seats can be filled through Staff Preference.</li></ul>"
609954,GREGORY,John Milton Gregory Elementary School,ES,https://www.cps.edu/schools/profiles/school-overview/GREGORY,https://gregoryacademy.org,41.870742,-87.718666,GREGORY-Open Enrollment-General Education,None,"<ul><li><strong>Selection Type: </strong>Random Computerized Lottery</li>                                                        <li><strong>GPA: </strong>N/A</li><li><strong>HS Admissions Exam Minimum for ELA/Math: </strong></li>                                                        <ul><li>General Education and 504 Plan Students:  / </li><li>IEP and EL Students:  / </li></ul>                                                        <li><strong>Priority: </strong>Sibling Preference,Staff Preference,General</li><li><strong>Note: </strong>Staff Preference applies at the entry level grade only. A maximum of 2 seats can be filled through Staff Preference.</li></ul>"
609955,GRESHAM,Walter Q Gresham Elementary School,ES,https://www.cps.edu/schools/profiles/school-overview/GRESHAM,http://Greshamschool.org,41.73892,-87.645025,GRESHAM-Open Enrollment-General Education,None,"<ul><li><strong>Selection Type: </strong>Random Computerized Lottery</li>                                                        <li><strong>GPA: </strong>N/A</li><li><strong>HS Admissions Exam Minimum for ELA/Math: </strong></li>                                                        <ul><li>General Education and 504 Plan Students:  / </li><li>IEP and EL Students:  / </li></ul>                                                        <li><strong>Priority: </strong>Sibling Preference,Staff Preference,General</li><li><strong>Note: </strong>Staff Preference applies at the entry level grade only. A maximum of 2 seats can be filled through Staff Preference.</li></ul>"
609956,GRIMES,Robert L Grimes Elementary School,ES,https://www.cps.edu/schools/profiles/school-overview/GRIMES,https://grimes.cps.edu/,41.775464,-87.758803,GRIMES-Open Enrollment-General Education,None,"<ul><li><strong>Selection Type: </strong>Random Computerized Lottery</li>                                                        <li><strong>GPA: </strong>N/A</li><li><strong>HS Admissions Exam Minimum for ELA/Math: </strong></li>                                                        <ul><li>General Education and 504 Plan Students:  / </li><li>IEP and EL Students:  / </li></ul>                                                        <li><strong>Priority: </strong>Sibling Preference,Staff Preference,General</li><li><strong>Note: </strong>Staff Preference applies at the entry level grade only. A maximum of 2 seats can be filled through Staff Preference.</li></ul>"
609959,HAINES,John Charles Haines Elementary School,ES,https://www.cps.edu/schools/profiles/school-overview/HAINES,http://haines.cps.edu,41.849958,-87.633806,HAINES-Magnet Cluster-Technology,None,"<ul><li><strong>Selection Type: </strong>Random Computerized Lottery</li>                                                        <li><strong>GPA: </strong>N/A</li><li><strong>HS Admissions Exam Minimum for ELA/Math: </strong></li>                                                        <ul><li>General Education and 504 Plan Students:  / </li><li>IEP and EL Students:  / </li></ul>                                                        <li><strong>Priority: </strong>Sibling Preference,Staff Preference,General</li><li><strong>Note: </strong>Staff Preference applies at the entry level grade only. A maximum of 2 seats can be filled through Staff Preference.</li></ul>"
609960,HALE,Nathan Hale Elementary School,ES,https://www.cps.edu/schools/profiles/school-overview/HALE,https://haleschool.org,41.780192,-87.776579,HALE-Open Enrollment-General Education,None,"<ul><li><strong>Selection Type: </strong>Random Computerized Lottery</li>                                                        <li><strong>GPA: </strong>N/A</li><li><strong>HS Admissions Exam Minimum for ELA/Math: </strong></li>                                                        <ul><li>General Education and 504 Plan Students:  / </li><li>IEP and EL Students:  / </li></ul>                                                        <li><strong>Priority: </strong>Sibling Preference,Staff Preference,General</li><li><strong>Note: </strong>Staff Preference applies at the entry level grade only. A maximum of 2 seats can be filled through Staff Preference.</li></ul>"
609961,NINOS HEROES,Ninos Heroes Elementary Academic Center,ES,https://www.cps.edu/schools/profiles/school-overview/NINOS-HEROES,https://ninosheroes.org,41.743753,-87.551862,NINOS HEROES-Open Enrollment-General Education,None,"<ul><li><strong>Selection Type: </strong>Random Computerized Lottery</li>                                                        <li><strong>GPA: </strong>N/A</li><li><strong>HS Admissions Exam Minimum for ELA/Math: </strong></li>                                                        <ul><li>General Education and 504 Plan Students:  / </li><li>IEP and EL Students:  / </li></ul>                                                        <li><strong>Priority: </strong>Sibling Preference,Staff Preference,General</li><li><strong>Note: </strong>Staff Preference applies at the entry level grade only. A maximum of 2 seats can be filled through Staff Preference.</li></ul>"
609963,HAMILTON,Alexander Hamilton Elementary School,ES,https://www.cps.edu/schools/profiles/school-overview/HAMILTON,https://hamiltoncps.org,41.94522,-87.670865,HAMILTON-Magnet Cluster-Fine & Performing Arts,None,"<ul><li><strong>Selection Type: </strong>Random Computerized Lottery</li>                                                        <li><strong>GPA: </strong>N/A</li><li><strong>HS Admissions Exam Minimum for ELA/Math: </strong></li>                                                        <ul><li>General Education and 504 Plan Students:  / </li><li>IEP and EL Students:  / </li></ul>                                                        <li><strong>Priority: </strong>Sibling Preference,Staff Preference,General</li><li><strong>Note: </strong>Staff Preference applies at the entry level grade only. A maximum of 2 seats can be filled through Staff Preference.</li></ul>"
609964,HAMLINE,John H Hamline Elementary School,ES,https://www.cps.edu/schools/profiles/school-overview/HAMLINE,https://hamlinehawks.org,41.807242,-87.661175,HAMLINE-Open Enrollment-General Education,None,"<ul><li><strong>Selection Type: </strong>Random Computerized Lottery</li>                                                        <li><strong>GPA: </strong>N/A</li><li><strong>HS Admissions Exam Minimum for ELA/Math: </strong></li>                                                        <ul><li>General Education and 504 Plan Students:  / </li><li>IEP and EL Students:  / </li></ul>                                                        <li><strong>Priority: </strong>Sibling Preference,Staff Preference,General</li><li><strong>Note: </strong>Staff Preference applies at the entry level grade only. A maximum of 2 seats can be filled through Staff Preference.</li></ul>"
609966,HAMMOND,Charles G Hammond Elementary School,ES,https://www.cps.edu/schools/profiles/school-overview/HAMMOND,http://hammond.cps.edu,41.852719,-87.696243,HAMMOND-Open Enrollment-General Education,None,"<ul><li><strong>Selection Type: </strong>Random Computerized Lottery</li>                                                        <li><strong>GPA: </strong>N/A</li><li><strong>HS Admissions Exam Minimum for ELA/Math: </strong></li>                                                        <ul><li>General Education and 504 Plan Students:  / </li><li>IEP and EL Students:  / </li></ul>                                                        <li><strong>Priority: </strong>Sibling Preference,Staff Preference,General</li><li><strong>Note: </strong>Staff Preference applies at the entry level grade only. A maximum of 2 seats can be filled through Staff Preference.</li></ul>"
609967,FINKL,William F Finkl Elementary School,ES,https://www.cps.edu/schools/profiles/school-overview/FINKL,https://finklacademy.org,41.849215,-87.685668,FINKL-Open Enrollment-General Education,None,"<ul><li><strong>Selection Type: </strong>Random Computerized Lottery</li>                                                        <li><strong>GPA: </strong>N/A</li><li><strong>HS Admissions Exam Minimum for ELA/Math: </strong></li>                                                        <ul><li>General Education and 504 Plan Students:  / </li><li>IEP and EL Students:  / </li></ul>                                                        <li><strong>Priority: </strong>Sibling Preference,Staff Preference,General</li><li><strong>Note: </strong>Staff Preference applies at the entry level grade only. A maximum of 2 seats can be filled through Staff Preference.</li></ul>"
609968,MCAULIFFE,Sharon Christa McAuliffe Elementary School,ES,https://www.cps.edu/schools/profiles/school-overview/MCAULIFFE,https://mcauliffees.org,41.914816,-87.723931,MCAULIFFE-Open Enrollment-General Education,None,"<ul><li><strong>Selection Type: </strong>Random Computerized Lottery</li>                                                        <li><strong>GPA: </strong>N/A</li><li><strong>HS Admissions Exam Minimum for ELA/Math: </strong></li>                                                        <ul><li>General Education and 504 Plan Students:  / </li><li>IEP and EL Students:  / </li></ul>                                                        <li><strong>Priority: </strong>Sibling Preference,Staff Preference,General</li><li><strong>Note: </strong>Staff Preference applies at the entry level grade only. A maximum of 2 seats can be filled through Staff Preference.</li></ul>"
609969,HARTE,Bret Harte Elementary School,ES,https://www.cps.edu/schools/profiles/school-overview/HARTE,http://www.harte.cps.edu,41.793447,-87.586855,HARTE-Open Enrollment-General Education,None,"<ul><li><strong>Selection Type: </strong>Random Computerized Lottery</li>                                                        <li><strong>GPA: </strong>N/A</li><li><strong>HS Admissions Exam Minimum for ELA/Math: </strong></li>                                                        <ul><li>General Education and 504 Plan Students:  / </li><li>IEP and EL Students:  / </li></ul>                                                        <li><strong>Priority: </strong>Sibling Preference,Staff Preference,General</li><li><strong>Note: </strong>Staff Preference applies at the entry level grade only. A maximum of 2 seats can be filled through Staff Preference.</li></ul>"
609971,HARVARD,John Harvard Elementary School of Excellence,ES,https://www.cps.edu/schools/profiles/school-overview/HARVARD,https://harvardcougars.org,41.757341,-87.632737,HARVARD-Open Enrollment-General Education,None,"<ul><li><strong>Selection Type: </strong>Random Computerized Lottery</li>                                                        <li><strong>GPA: </strong>N/A</li><li><strong>HS Admissions Exam Minimum for ELA/Math: </strong></li>                                                        <ul><li>General Education and 504 Plan Students:  / </li><li>IEP and EL Students:  / </li></ul>                                                        <li><strong>Priority: </strong>Sibling Preference,Staff Preference,General</li><li><strong>Note: </strong>Staff Preference applies at the entry level grade only. A maximum of 2 seats can be filled through Staff Preference.</li></ul>"
609972,HAUGAN,Helge A Haugan Elementary School,ES,https://www.cps.edu/schools/profiles/school-overview/HAUGAN,http://haugan.cps.edu,41.964029,-87.723128,HAUGAN-Open Enrollment-General Education,None,"<ul><li><strong>Selection Type: </strong>Random Computerized Lottery</li>                                                        <li><strong>GPA: </strong>N/A</li><li><strong>HS Admissions Exam Minimum for ELA/Math: </strong></li>                                                        <ul><li>General Education and 504 Plan Students:  / </li><li>IEP and EL Students:  / </li></ul>                                                        <li><strong>Priority: </strong>Sibling Preference,Staff Preference,General</li><li><strong>Note: </strong>Staff Preference applies at the entry level grade only. A maximum of 2 seats can be filled through Staff Preference.</li></ul>"
609973,ZAPATA,Emiliano Zapata Elementary Academy,ES,https://www.cps.edu/schools/profiles/school-overview/ZAPATA,http://zapata.cps.edu,41.841394,-87.734313,ZAPATA-Open Enrollment-General Education,None,"<ul><li><strong>Selection Type: </strong>Random Computerized Lottery</li>                                                        <li><strong>GPA: </strong>N/A</li><li><strong>HS Admissions Exam Minimum for ELA/Math: </strong></li>                                                        <ul><li>General Education and 504 Plan Students:  / </li><li>IEP and EL Students:  / </li></ul>                                                        <li><strong>Priority: </strong>Sibling Preference,Staff Preference,General</li><li><strong>Note: </strong>Staff Preference applies at the entry level grade only. A maximum of 2 seats can be filled through Staff Preference.</li></ul>"
609942,GOETHE,Johann W von Goethe Elementary School,ES,https://www.cps.edu/schools/profiles/school-overview/GOETHE,https://goethe.cps.edu,41.922831,-87.6929,GOETHE-Open Enrollment-General Education,None,"<ul><li><strong>Selection Type: </strong>Random Computerized Lottery</li>                                                        <li><strong>GPA: </strong>N/A</li><li><strong>HS Admissions Exam Minimum for ELA/Math: </strong></li>                                                        <ul><li>General Education and 504 Plan Students:  / </li><li>IEP and EL Students:  / </li></ul>                                                        <li><strong>Priority: </strong>Sibling Preference,Staff Preference,General</li><li><strong>Note: </strong>Staff Preference applies at the entry level grade only. A maximum of 2 seats can be filled through Staff Preference.</li></ul>"
609942,GOETHE,Johann W von Goethe Elementary School,ES,https://www.cps.edu/schools/profiles/school-overview/GOETHE,https://goethe.cps.edu,41.922831,-87.6929,GOETHE-Open Enrollment-Dual Language,None,"<ul><li><strong>Selection Type: </strong>Random Computerized Lottery</li>                                                        <li><strong>GPA: </strong>N/A</li><li><strong>HS Admissions Exam Minimum for ELA/Math: </strong></li>                                                        <ul><li>General Education and 504 Plan Students:  / </li><li>IEP and EL Students:  / </li></ul>                                                        <li><strong>Priority: </strong>Sibling Preference,Staff Preference,General</li><li><strong>Note: </strong>Staff Preference applies at the entry level grade only. A maximum of 2 seats can be filled through Staff Preference.</li></ul>"
609943,OWENS,Jesse Owens Elementary Community Academy,ES,https://www.cps.edu/schools/profiles/school-overview/OWENS,https://gompersschool.org,41.670618,-87.622546,OWENS-Magnet Cluster-STEM,None,"<ul><li><strong>Selection Type: </strong>Random Computerized Lottery</li>                                                        <li><strong>GPA: </strong>N/A</li><li><strong>HS Admissions Exam Minimum for ELA/Math: </strong></li>                                                        <ul><li>General Education and 504 Plan Students:  / </li><li>IEP and EL Students:  / </li></ul>                                                        <li><strong>Priority: </strong>Sibling Preference,Staff Preference,General</li><li><strong>Note: </strong>Staff Preference applies at the entry level grade only. A maximum of 2 seats can be filled through Staff Preference.</li></ul>"
609944,GRISSOM,Virgil Grissom Elementary School,ES,https://www.cps.edu/schools/profiles/school-overview/GRISSOM,https://grissom.cps.edu,41.662481,-87.553307,GRISSOM-Magnet Cluster-Fine & Performing Arts,None,"<ul><li><strong>Selection Type: </strong>Random Computerized Lottery</li>                                                        <li><strong>GPA: </strong>N/A</li><li><strong>HS Admissions Exam Minimum for ELA/Math: </strong></li>                                                        <ul><li>General Education and 504 Plan Students:  / </li><li>IEP and EL Students:  / </li></ul>                                                        <li><strong>Priority: </strong>Sibling Preference,Staff Preference,General</li><li><strong>Note: </strong>Staff Preference applies at the entry level grade only. A maximum of 2 seats can be filled through Staff Preference.</li></ul>"
609945,GOUDY,William C. Goudy Technology Academy,ES,https://www.cps.edu/schools/profiles/school-overview/GOUDY,https://goudy.cps.edu,41.975817,-87.657912,GOUDY-Magnet Cluster-Technology,None,"<ul><li><strong>Selection Type: </strong>Random Computerized Lottery</li>                                                        <li><strong>GPA: </strong>N/A</li><li><strong>HS Admissions Exam Minimum for ELA/Math: </strong></li>                                                        <ul><li>General Education and 504 Plan Students:  / </li><li>IEP and EL Students:  / </li></ul>                                                        <li><strong>Priority: </strong>Sibling Preference,Staff Preference,General</li><li><strong>Note: </strong>Staff Preference applies at the entry level grade only. A maximum of 2 seats can be filled through Staff Preference.</li></ul>"
609947,GRAHAM ES,Alexander Graham Elementary School,ES,https://www.cps.edu/schools/profiles/school-overview/GRAHAM-ES,https://grahames.org,41.813304,-87.643344,GRAHAM ES-Open Enrollment-General Education,None,"<ul><li><strong>Selection Type: </strong>Random Computerized Lottery</li>                                                        <li><strong>GPA: </strong>N/A</li><li><strong>HS Admissions Exam Minimum for ELA/Math: </strong></li>                                                        <ul><li>General Education and 504 Plan Students:  / </li><li>IEP and EL Students:  / </li></ul>                                                        <li><strong>Priority: </strong>Sibling Preference,Staff Preference,General</li><li><strong>Note: </strong>Staff Preference applies at the entry level grade only. A maximum of 2 seats can be filled through Staff Preference.</li></ul>"
609949,GRAY,William P Gray Elementary School,ES,https://www.cps.edu/schools/profiles/school-overview/GRAY,https://gray.cps.edu,41.948764,-87.757116,GRAY-Magnet Cluster-Technology,None,"<ul><li><strong>Selection Type: </strong>Random Computerized Lottery</li>                                                        <li><strong>GPA: </strong>N/A</li><li><strong>HS Admissions Exam Minimum for ELA/Math: </strong></li>                                                        <ul><li>General Education and 504 Plan Students:  / </li><li>IEP and EL Students:  / </li></ul>                                                        <li><strong>Priority: </strong>Sibling Preference,Staff Preference,General</li><li><strong>Note: </strong>Staff Preference applies at the entry level grade only. A maximum of 2 seats can be filled through Staff Preference.</li></ul>"
609950,ORTIZ DE DOMINGUEZ,Josefa Ortiz De Dominguez Elementary School,ES,https://www.cps.edu/schools/profiles/school-overview/ORTIZ-DE-DOMINGUEZ,https://ortizdedominguez.cps.edu,41.838791,-87.71719,ORTIZ DE DOMINGUEZ-Open Enrollment-General Education,None,"<ul><li><strong>Selection Type: </strong>Random Computerized Lottery</li>                                                        <li><strong>GPA: </strong>N/A</li><li><strong>HS Admissions Exam Minimum for ELA/Math: </strong></li>                                                        <ul><li>General Education and 504 Plan Students:  / </li><li>IEP and EL Students:  / </li></ul>                                                        <li><strong>Priority: </strong>Sibling Preference,Staff Preference,General</li><li><strong>Note: </strong>Staff Preference applies at the entry level grade only. A maximum of 2 seats can be filled through Staff Preference.</li></ul>"
609937,GARVY,John W Garvy Elementary School,ES,https://www.cps.edu/schools/profiles/school-overview/GARVY,https://garvyschool.org,41.976352,-87.796235,GARVY-Open Enrollment-General Education,None,"<ul><li><strong>Selection Type: </strong>Random Computerized Lottery</li>                                                        <li><strong>GPA: </strong>N/A</li><li><strong>HS Admissions Exam Minimum for ELA/Math: </strong></li>                                                        <ul><li>General Education and 504 Plan Students:  / </li><li>IEP and EL Students:  / </li></ul>                                                        <li><strong>Priority: </strong>Sibling Preference,Staff Preference,General</li><li><strong>Note: </strong>Staff Preference applies at the entry level grade only. A maximum of 2 seats can be filled through Staff Preference.</li></ul>"
609938,GARY,Joseph E Gary Elementary School,ES,https://www.cps.edu/schools/profiles/school-overview/GARY,http://www.gary.cps.edu,41.837065,-87.718697,GARY-Open Enrollment-General Education,None,"<ul><li><strong>Selection Type: </strong>Random Computerized Lottery</li>                                                        <li><strong>GPA: </strong>N/A</li><li><strong>HS Admissions Exam Minimum for ELA/Math: </strong></li>                                                        <ul><li>General Education and 504 Plan Students:  / </li><li>IEP and EL Students:  / </li></ul>                                                        <li><strong>Priority: </strong>Sibling Preference,Staff Preference,General</li><li><strong>Note: </strong>Staff Preference applies at the entry level grade only. A maximum of 2 seats can be filled through Staff Preference.</li></ul>"
609939,GILLESPIE,Frank L Gillespie Elementary School,ES,https://www.cps.edu/schools/profiles/school-overview/GILLESPIE,https://gillespietech.org,41.725332,-87.623719,GILLESPIE-Magnet Cluster-Technology,None,"<ul><li><strong>Selection Type: </strong>Random Computerized Lottery</li>                                                        <li><strong>GPA: </strong>N/A</li><li><strong>HS Admissions Exam Minimum for ELA/Math: </strong></li>                                                        <ul><li>General Education and 504 Plan Students:  / </li><li>IEP and EL Students:  / </li></ul>                                                        <li><strong>Priority: </strong>Sibling Preference,Staff Preference,General</li><li><strong>Note: </strong>Staff Preference applies at the entry level grade only. A maximum of 2 seats can be filled through Staff Preference.</li></ul>"
609927,FOSTER PARK,Foster Park Elementary School,ES,https://www.cps.edu/schools/profiles/school-overview/FOSTER-PARK,https://fosterpark.cps.edu,41.738425,-87.668099,FOSTER PARK-Magnet Cluster-Fine & Performing Arts,None,"<ul><li><strong>Selection Type: </strong>Random Computerized Lottery</li>                                                        <li><strong>GPA: </strong>N/A</li><li><strong>HS Admissions Exam Minimum for ELA/Math: </strong></li>                                                        <ul><li>General Education and 504 Plan Students:  / </li><li>IEP and EL Students:  / </li></ul>                                                        <li><strong>Priority: </strong>Sibling Preference,Staff Preference,General</li><li><strong>Note: </strong>Staff Preference applies at the entry level grade only. A maximum of 2 seats can be filled through Staff Preference.</li></ul>"
609928,FARMER,James Farmer Jr Elementary School,ES,https://www.cps.edu/schools/profiles/school-overview/FARMER,http://fuller.cps.edu/,41.818003,-87.611784,FARMER-Open Enrollment-General Education (formerly known as FULLER),None,"<ul><li><strong>Selection Type: </strong>Random Computerized Lottery</li>                                                        <li><strong>GPA: </strong>N/A</li><li><strong>HS Admissions Exam Minimum for ELA/Math: </strong></li>                                                        <ul><li>General Education and 504 Plan Students:  / </li><li>IEP and EL Students:  / </li></ul>                                                        <li><strong>Priority: </strong>Sibling Preference,Staff Preference,General</li><li><strong>Note: </strong>Staff Preference applies at the entry level grade only. A maximum of 2 seats can be filled through Staff Preference.</li></ul>"
609929,FULTON,Robert Fulton Elementary School,ES,https://www.cps.edu/schools/profiles/school-overview/FULTON,https://FultonFalcons.org,41.79758,-87.668436,FULTON-Open Enrollment-General Education,None,"<ul><li><strong>Selection Type: </strong>Random Computerized Lottery</li>                                                        <li><strong>GPA: </strong>N/A</li><li><strong>HS Admissions Exam Minimum for ELA/Math: </strong></li>                                                        <ul><li>General Education and 504 Plan Students:  / </li><li>IEP and EL Students:  / </li></ul>                                                        <li><strong>Priority: </strong>Sibling Preference,Staff Preference,General</li><li><strong>Note: </strong>Staff Preference applies at the entry level grade only. A maximum of 2 seats can be filled through Staff Preference.</li></ul>"
609930,FUNSTON,Frederick Funston Elementary School,ES,https://www.cps.edu/schools/profiles/school-overview/FUNSTON,https://funston.cps.edu,41.917617,-87.716892,FUNSTON-Open Enrollment-General Education,None,"<ul><li><strong>Selection Type: </strong>Random Computerized Lottery</li>                                                        <li><strong>GPA: </strong>N/A</li><li><strong>HS Admissions Exam Minimum for ELA/Math: </strong></li>                                                        <ul><li>General Education and 504 Plan Students:  / </li><li>IEP and EL Students:  / </li></ul>                                                        <li><strong>Priority: </strong>Sibling Preference,Staff Preference,General</li><li><strong>Note: </strong>Staff Preference applies at the entry level grade only. A maximum of 2 seats can be filled through Staff Preference.</li></ul>"
609930,FUNSTON,Frederick Funston Elementary School,ES,https://www.cps.edu/schools/profiles/school-overview/FUNSTON,https://funston.cps.edu,41.917617,-87.716892,FUNSTON-Open Enrollment-Dual Language,None,"<ul><li><strong>Selection Type: </strong>Random Computerized Lottery</li>                                                        <li><strong>GPA: </strong>N/A</li><li><strong>HS Admissions Exam Minimum for ELA/Math: </strong></li>                                                        <ul><li>General Education and 504 Plan Students:  / </li><li>IEP and EL Students:  / </li></ul>                                                        <li><strong>Priority: </strong>Sibling Preference,Staff Preference,General</li><li><strong>Note: </strong>Staff Preference applies at the entry level grade only. A maximum of 2 seats can be filled through Staff Preference.</li></ul>"
609933,GALE,Stephen F Gale Elementary Community Academy,ES,https://www.cps.edu/schools/profiles/school-overview/GALE,https://gale.cps.edu,42.021091,-87.671939,GALE-Open Enrollment-General Education,None,"<ul><li><strong>Selection Type: </strong>Random Computerized Lottery</li>                                                        <li><strong>GPA: </strong>N/A</li><li><strong>HS Admissions Exam Minimum for ELA/Math: </strong></li>                                                        <ul><li>General Education and 504 Plan Students:  / </li><li>IEP and EL Students:  / </li></ul>                                                        <li><strong>Priority: </strong>Sibling Preference,Staff Preference,General</li><li><strong>Note: </strong>Staff Preference applies at the entry level grade only. A maximum of 2 seats can be filled through Staff Preference.</li></ul>"
610022,KILMER,Joyce Kilmer Elementary School,ES,https://www.cps.edu/schools/profiles/school-overview/KILMER,https://kilmerelementary.org,42.00364,-87.668222,KILMER-Open Enrollment,None,"<ul><li><strong>Selection Type: </strong>Random Computerized Lottery</li>                                                        <li><strong>GPA: </strong>N/A</li><li><strong>HS Admissions Exam Minimum for ELA/Math: </strong></li>                                                        <ul><li>General Education and 504 Plan Students:  / </li><li>IEP and EL Students:  / </li></ul>                                                        <li><strong>Priority: </strong>Sibling Preference,Staff Preference,General</li><li><strong>Note: </strong>Staff Preference applies at the entry level grade only. A maximum of 2 seats can be filled through Staff Preference.</li></ul>"
610024,CARDENAS,Lazaro Cardenas Elementary School,ES,https://www.cps.edu/schools/profiles/school-overview/CARDENAS,https://cardenas.cps.edu,41.848488,-87.716017,CARDENAS - Open Enrollment - General Education,None,"<ul><li><strong>Selection Type: </strong>Random Computerized Lottery</li>                                                        <li><strong>GPA: </strong>N/A</li><li><strong>HS Admissions Exam Minimum for ELA/Math: </strong></li>                                                        <ul><li>General Education and 504 Plan Students:  / </li><li>IEP and EL Students:  / </li></ul>                                                        <li><strong>Priority: </strong>Sibling Preference,Staff Preference,General</li><li><strong>Note: </strong>Staff Preference applies at the entry level grade only. A maximum of 2 seats can be filled through Staff Preference.</li></ul>"
610026,KINZIE,John H Kinzie Elementary School,ES,https://www.cps.edu/schools/profiles/school-overview/KINZIE,http://kinzie.cps.edu,41.789965,-87.779483,KINZIE-Open Enrollment-General Education,None,"<ul><li><strong>Selection Type: </strong>Random Computerized Lottery</li>                                                        <li><strong>GPA: </strong>N/A</li><li><strong>HS Admissions Exam Minimum for ELA/Math: </strong></li>                                                        <ul><li>General Education and 504 Plan Students:  / </li><li>IEP and EL Students:  / </li></ul>                                                        <li><strong>Priority: </strong>Sibling Preference,Staff Preference,General</li><li><strong>Note: </strong>Staff Preference applies at the entry level grade only. A maximum of 2 seats can be filled through Staff Preference.</li></ul>"
610026,KINZIE,John H Kinzie Elementary School,ES,https://www.cps.edu/schools/profiles/school-overview/KINZIE,http://kinzie.cps.edu,41.789965,-87.779483,KINZIE-Magnet Cluster-IB Middle Years Programme,None,"<ul><li><strong>Selection Type: </strong>Random Computerized Lottery</li>                                                        <li><strong>GPA: </strong>N/A</li><li><strong>HS Admissions Exam Minimum for ELA/Math: </strong></li>                                                        <ul><li>General Education and 504 Plan Students:  / </li><li>IEP and EL Students:  / </li></ul>                                                        <li><strong>Priority: </strong>Sibling Preference,General</li></ul>"
610027,KIPLING,Rudyard Kipling Elementary School,ES,https://www.cps.edu/schools/profiles/school-overview/KIPLING,https://www.kiplingchicago.org,41.723627,-87.639521,KIPLING-Magnet Cluster-Fine & Performing Arts,None,"<ul><li><strong>Selection Type: </strong>Random Computerized Lottery</li>                                                        <li><strong>GPA: </strong>N/A</li><li><strong>HS Admissions Exam Minimum for ELA/Math: </strong></li>                                                        <ul><li>General Education and 504 Plan Students:  / </li><li>IEP and EL Students:  / </li></ul>                                                        <li><strong>Priority: </strong>Sibling Preference,Staff Preference,General</li><li><strong>Note: </strong>Staff Preference applies at the entry level grade only. A maximum of 2 seats can be filled through Staff Preference.</li></ul>"
610029,LOZANO,Rodolfo Lozano Bilingual & International Ctr ES,ES,https://www.cps.edu/schools/profiles/school-overview/LOZANO,https://lozano1501.org,41.908886,-87.665093,LOZANO-Magnet Cluster-World Language,None,"<ul><li><strong>Selection Type: </strong>Random Computerized Lottery</li>                                                        <li><strong>GPA: </strong>N/A</li><li><strong>HS Admissions Exam Minimum for ELA/Math: </strong></li>                                                        <ul><li>General Education and 504 Plan Students:  / </li><li>IEP and EL Students:  / </li></ul>                                                        <li><strong>Priority: </strong>Sibling Preference,Staff Preference,General</li><li><strong>Note: </strong>Staff Preference applies at the entry level grade only. A maximum of 2 seats can be filled through Staff Preference.World Languages offered = French, Spanish</li></ul>"
610030,KOZMINSKI,Charles Kozminski Elementary Community Academy,ES,https://www.cps.edu/schools/profiles/school-overview/KOZMINSKI,https://kozminski.cps.edu,41.798002,-87.602481,KOZMINSKI-Open Enrollment-General Education,None,"<ul><li><strong>Selection Type: </strong>Random Computerized Lottery</li>                                                        <li><strong>GPA: </strong>N/A</li><li><strong>HS Admissions Exam Minimum for ELA/Math: </strong></li>                                                        <ul><li>General Education and 504 Plan Students:  / </li><li>IEP and EL Students:  / </li></ul>                                                        <li><strong>Priority: </strong>Sibling Preference,Staff Preference,General</li><li><strong>Note: </strong>Staff Preference applies at the entry level grade only. A maximum of 2 seats can be filled through Staff Preference.</li></ul>"
610032,GREEN,Wendell E Green Elementary School,ES,https://www.cps.edu/schools/profiles/school-overview/GREEN,https://wendellgreenschool.com,41.719292,-87.6525,GREEN-Open Enrollment-General Education,None,"<ul><li><strong>Selection Type: </strong>Random Computerized Lottery</li>                                                        <li><strong>GPA: </strong>N/A</li><li><strong>HS Admissions Exam Minimum for ELA/Math: </strong></li>                                                        <ul><li>General Education and 504 Plan Students:  / </li><li>IEP and EL Students:  / </li></ul>                                                        <li><strong>Priority: </strong>Sibling Preference,Staff Preference,General</li><li><strong>Note: </strong>Staff Preference applies at the entry level grade only. A maximum of 2 seats can be filled through Staff Preference.</li></ul>"
610036,LEWIS,Leslie Lewis Elementary School,ES,https://www.cps.edu/schools/profiles/school-overview/LEWIS,https://lewisschoolofexcellence.org,41.906826,-87.75455,LEWIS-Open Enrollment-General Education,None,"<ul><li><strong>Selection Type: </strong>Random Computerized Lottery</li>                                                        <li><strong>GPA: </strong>N/A</li><li><strong>HS Admissions Exam Minimum for ELA/Math: </strong></li>                                                        <ul><li>General Education and 504 Plan Students:  / </li><li>IEP and EL Students:  / </li></ul>                                                        <li><strong>Priority: </strong>Sibling Preference,Staff Preference,General</li><li><strong>Note: </strong>Staff Preference applies at the entry level grade only. A maximum of 2 seats can be filled through Staff Preference.</li></ul>"
610037,LIBBY,Arthur A Libby Elementary School,ES,https://www.cps.edu/schools/profiles/school-overview/LIBBY,https://libby.cps.edu,41.797685,-87.659933,LIBBY-Magnet Cluster-Personalized Learning,None,"<ul><li><strong>Selection Type: </strong>Random Computerized Lottery</li>                                                        <li><strong>GPA: </strong>N/A</li><li><strong>HS Admissions Exam Minimum for ELA/Math: </strong></li>                                                        <ul><li>General Education and 504 Plan Students:  / </li><li>IEP and EL Students:  / </li></ul>                                                        <li><strong>Priority: </strong>Sibling Preference,Staff Preference,General</li><li><strong>Note: </strong>Staff Preference applies at the entry level grade only. A maximum of 2 seats can be filled through Staff Preference.</li></ul>"
610038,LINCOLN,Abraham Lincoln Elementary School,ES,https://www.cps.edu/schools/profiles/school-overview/LINCOLN,https://www.lincolnelementary.org,41.924525,-87.644497,LINCOLN-Open Enrollment-General Education,None,"<ul><li><strong>Selection Type: </strong>Random Computerized Lottery</li>                                                        <li><strong>GPA: </strong>N/A</li><li><strong>HS Admissions Exam Minimum for ELA/Math: </strong></li>                                                        <ul><li>General Education and 504 Plan Students:  / </li><li>IEP and EL Students:  / </li></ul>                                                        <li><strong>Priority: </strong>Sibling Preference,Staff Preference,General</li><li><strong>Note: </strong>Staff Preference applies at the entry level grade only. A maximum of 2 seats can be filled through Staff Preference.</li></ul>"
610039,VON LINNE,Carl von Linne Elementary School,ES,https://www.cps.edu/schools/profiles/school-overview/VON-LINNE,https://www.linneschool.org,41.940009,-87.702635,VON LINNE-Open Enrollment-General Education,None,"<ul><li><strong>Selection Type: </strong>Random Computerized Lottery</li>                                                        <li><strong>GPA: </strong>N/A</li><li><strong>HS Admissions Exam Minimum for ELA/Math: </strong></li>                                                        <ul><li>General Education and 504 Plan Students:  / </li><li>IEP and EL Students:  / </li></ul>                                                        <li><strong>Priority: </strong>Sibling Preference,Staff Preference,General</li><li><strong>Note: </strong>Staff Preference applies at the entry level grade only. A maximum of 2 seats can be filled through Staff Preference.</li></ul>"
610039,VON LINNE,Carl von Linne Elementary School,ES,https://www.cps.edu/schools/profiles/school-overview/VON-LINNE,https://www.linneschool.org,41.940009,-87.702635,VON LINNE-Open Enrollment-Dual Language,None,"<ul><li><strong>Selection Type: </strong>Random Computerized Lottery</li>                                                        <li><strong>GPA: </strong>N/A</li><li><strong>HS Admissions Exam Minimum for ELA/Math: </strong></li>                                                        <ul><li>General Education and 504 Plan Students:  / </li><li>IEP and EL Students:  / </li></ul>                                                        <li><strong>Priority: </strong>Sibling Preference,Staff Preference,General</li><li><strong>Note: </strong>Staff Preference applies at the entry level grade only. A maximum of 2 seats can be filled through Staff Preference.</li></ul>"
610040,LLOYD,Henry D Lloyd Elementary School,ES,https://www.cps.edu/schools/profiles/school-overview/LLOYD,https://lloydschool.org,41.918814,-87.748515,LLOYD-Open Enrollment-General Education,None,"<ul><li><strong>Selection Type: </strong>Random Computerized Lottery</li>                                                        <li><strong>GPA: </strong>N/A</li><li><strong>HS Admissions Exam Minimum for ELA/Math: </strong></li>                                                        <ul><li>General Education and 504 Plan Students:  / </li><li>IEP and EL Students:  / </li></ul>                                                        <li><strong>Priority: </strong>Sibling Preference,Staff Preference,General</li><li><strong>Note: </strong>Staff Preference applies at the entry level grade only. A maximum of 2 seats can be filled through Staff Preference.</li></ul>"
610043,LOVETT,Joseph Lovett Elementary School,ES,https://www.cps.edu/schools/profiles/school-overview/LOVETT,https://lovettelementary.org,41.912718,-87.783919,LOVETT-Open Enrollment-General Education,None,"<ul><li><strong>Selection Type: </strong>Random Computerized Lottery</li>                                                        <li><strong>GPA: </strong>N/A</li><li><strong>HS Admissions Exam Minimum for ELA/Math: </strong></li>                                                        <ul><li>General Education and 504 Plan Students:  / </li><li>IEP and EL Students:  / </li></ul>                                                        <li><strong>Priority: </strong>Sibling Preference,Staff Preference,General</li><li><strong>Note: </strong>Staff Preference applies at the entry level grade only. A maximum of 2 seats can be filled through Staff Preference.</li></ul>"
610044,LOWELL,James Russell Lowell Elementary School,ES,https://www.cps.edu/schools/profiles/school-overview/LOWELL,https://lowell.cps.edu,41.90652,-87.710217,LOWELL-Open Enrollment-General Education,None,"<ul><li><strong>Selection Type: </strong>Random Computerized Lottery</li>                                                        <li><strong>GPA: </strong>N/A</li><li><strong>HS Admissions Exam Minimum for ELA/Math: </strong></li>                                                        <ul><li>General Education and 504 Plan Students:  / </li><li>IEP and EL Students:  / </li></ul>                                                        <li><strong>Priority: </strong>Sibling Preference,Staff Preference,General</li><li><strong>Note: </strong>Staff Preference applies at the entry level grade only. A maximum of 2 seats can be filled through Staff Preference.</li></ul>"
610046,LYON,Mary Lyon Elementary School,ES,https://www.cps.edu/schools/profiles/school-overview/LYON,https://www.marylyonschool.com,41.934192,-87.777174,LYON-Open Enrollment-General Education,None,"<ul><li><strong>Selection Type: </strong>Random Computerized Lottery</li>                                                        <li><strong>GPA: </strong>N/A</li><li><strong>HS Admissions Exam Minimum for ELA/Math: </strong></li>                                                        <ul><li>General Education and 504 Plan Students:  / </li><li>IEP and EL Students:  / </li></ul>                                                        <li><strong>Priority: </strong>Sibling Preference,Staff Preference,General</li><li><strong>Note: </strong>Staff Preference applies at the entry level grade only. A maximum of 2 seats can be filled through Staff Preference.</li></ul>"
610047,MADISON,James Madison Elementary School,ES,https://www.cps.edu/schools/profiles/school-overview/MADISON,https://madison.cps.edu,41.759548,-87.590712,MADISON-Magnet Cluster-Fine & Performing Arts,None,"<ul><li><strong>Selection Type: </strong>Random Computerized Lottery</li>                                                        <li><strong>GPA: </strong>N/A</li><li><strong>HS Admissions Exam Minimum for ELA/Math: </strong></li>                                                        <ul><li>General Education and 504 Plan Students:  / </li><li>IEP and EL Students:  / </li></ul>                                                        <li><strong>Priority: </strong>Sibling Preference,Staff Preference,General</li><li><strong>Note: </strong>Staff Preference applies at the entry level grade only. A maximum of 2 seats can be filled through Staff Preference.</li></ul>"
610048,MANIERRE,George Manierre Elementary School,ES,https://www.cps.edu/schools/profiles/school-overview/MANIERRE,https://manierreferguson.org,41.908247,-87.639827,MANIERRE-Open Enrollment-General Education,None,"<ul><li><strong>Selection Type: </strong>Random Computerized Lottery</li>                                                        <li><strong>GPA: </strong>N/A</li><li><strong>HS Admissions Exam Minimum for ELA/Math: </strong></li>                                                        <ul><li>General Education and 504 Plan Students:  / </li><li>IEP and EL Students:  / </li></ul>                                                        <li><strong>Priority: </strong>Sibling Preference,Staff Preference,General</li><li><strong>Note: </strong>Staff Preference applies at the entry level grade only. A maximum of 2 seats can be filled through Staff Preference.</li></ul>"
610053,MARQUETTE,Marquette Elementary School,ES,https://www.cps.edu/schools/profiles/school-overview/MARQUETTE,https://marquettemustangs.org/,41.773881,-87.69703,MARQUETTE-Open Enrollment-General Education,None,"<ul><li><strong>Selection Type: </strong>Random Computerized Lottery</li>                                                        <li><strong>GPA: </strong>N/A</li><li><strong>HS Admissions Exam Minimum for ELA/Math: </strong></li>                                                        <ul><li>General Education and 504 Plan Students:  / </li><li>IEP and EL Students:  / </li></ul>                                                        <li><strong>Priority: </strong>Sibling Preference,Staff Preference,General</li><li><strong>Note: </strong>Staff Preference applies at the entry level grade only. A maximum of 2 seats can be filled through Staff Preference.</li></ul>"
610053,MARQUETTE,Marquette Elementary School,ES,https://www.cps.edu/schools/profiles/school-overview/MARQUETTE,https://marquettemustangs.org/,41.773881,-87.69703,MARQUETTE-Magnet Cluster-IB Middle Years Programme,None,"<ul><li><strong>Selection Type: </strong>Random Computerized Lottery</li>                                                        <li><strong>GPA: </strong>N/A</li><li><strong>HS Admissions Exam Minimum for ELA/Math: </strong></li>                                                        <ul><li>General Education and 504 Plan Students:  / </li><li>IEP and EL Students:  / </li></ul>                                                        <li><strong>Priority: </strong>Sibling Preference,General</li></ul>"
610062,MIÑOSO,Minnie Miñoso Academy,ES,https://www.cps.edu/schools/profiles/school-overview/MIÑOSO,https://www.minosoacademy.org/,41.829993,-87.641103,MINOSO-Open Enrollment-General Education,None,"<ul><li><strong>Selection Type: </strong>Random Computerized Lottery</li>                                                        <li><strong>GPA: </strong>N/A</li><li><strong>HS Admissions Exam Minimum for ELA/Math: </strong></li>                                                        <ul><li>General Education and 504 Plan Students:  / </li><li>IEP and EL Students:  / </li></ul>                                                        <li><strong>Priority: </strong>Sibling Preference,Staff Preference,General</li><li><strong>Note: </strong>Staff Preference applies at the entry level grade only. A maximum of 2 seats can be filled through Staff Preference.</li></ul>"
610063,MCCORMICK,Cyrus H McCormick Elementary School,ES,https://www.cps.edu/schools/profiles/school-overview/MCCORMICK,https://mccormick.cps.edu,41.842267,-87.7063,MCCORMICK-Magnet Cluster-World Language,None,"<ul><li><strong>Selection Type: </strong>Random Computerized Lottery</li>                                                        <li><strong>GPA: </strong>N/A</li><li><strong>HS Admissions Exam Minimum for ELA/Math: </strong></li>                                                        <ul><li>General Education and 504 Plan Students:  / </li><li>IEP and EL Students:  / </li></ul>                                                        <li><strong>Priority: </strong>Sibling Preference,Staff Preference,General</li><li><strong>Note: </strong>Staff Preference applies at the entry level grade only. A maximum of 2 seats can be filled through Staff Preference.World Language offered = Mandarin</li></ul>"
610065,TILL,Emmett Louis Till Math and Science Academy,ES,https://www.cps.edu/schools/profiles/school-overview/TILL,https://emmetttillelementary.com,41.775424,-87.609357,TILL-Magnet Cluster-Fine & Performing Arts,None,"<ul><li><strong>Selection Type: </strong>Random Computerized Lottery</li>                                                        <li><strong>GPA: </strong>N/A</li><li><strong>HS Admissions Exam Minimum for ELA/Math: </strong></li>                                                        <ul><li>General Education and 504 Plan Students:  / </li><li>IEP and EL Students:  / </li></ul>                                                        <li><strong>Priority: </strong>Sibling Preference,Staff Preference,General</li><li><strong>Note: </strong>Staff Preference applies at the entry level grade only. A maximum of 2 seats can be filled through Staff Preference.</li></ul>"
609924,FORT DEARBORN,Fort Dearborn Elementary School,ES,https://www.cps.edu/schools/profiles/school-overview/FORT-DEARBORN,https://fortdearborn.cps.edu,41.729673,-87.655481,FORT DEARBORN-Magnet Cluster-Fine & Performing Arts,None,"<ul><li><strong>Selection Type: </strong>Random Computerized Lottery</li>                                                        <li><strong>GPA: </strong>N/A</li><li><strong>HS Admissions Exam Minimum for ELA/Math: </strong></li>                                                        <ul><li>General Education and 504 Plan Students:  / </li><li>IEP and EL Students:  / </li></ul>                                                        <li><strong>Priority: </strong>Sibling Preference,Staff Preference,General</li><li><strong>Note: </strong>Staff Preference applies at the entry level grade only. A maximum of 2 seats can be filled through Staff Preference.</li></ul>"
609925,KELLMAN,Joseph Kellman Corporate Community ES,ES,https://www.cps.edu/schools/profiles/school-overview/KELLMAN,http://www.kellman.cps.edu/,41.870168,-87.702163,KELLMAN-Magnet Cluster-Technology,None,"<ul><li><strong>Selection Type: </strong>Random Computerized Lottery</li>                                                        <li><strong>GPA: </strong>N/A</li><li><strong>HS Admissions Exam Minimum for ELA/Math: </strong></li>                                                        <ul><li>General Education and 504 Plan Students:  / </li><li>IEP and EL Students:  / </li></ul>                                                        <li><strong>Priority: </strong>Sibling Preference,Staff Preference,General</li><li><strong>Note: </strong>Staff Preference applies at the entry level grade only. A maximum of 2 seats can be filled through Staff Preference.</li></ul>"
610052,MANN,Horace Mann Elementary School,ES,https://www.cps.edu/schools/profiles/school-overview/MANN,http://mann.cps.edu,41.748274,-87.574816,MANN-Open Enrollment-General Education,None,"<ul><li><strong>Selection Type: </strong>Random Computerized Lottery</li>                                                        <li><strong>GPA: </strong>N/A</li><li><strong>HS Admissions Exam Minimum for ELA/Math: </strong></li>                                                        <ul><li>General Education and 504 Plan Students:  / </li><li>IEP and EL Students:  / </li></ul>                                                        <li><strong>Priority: </strong>Sibling Preference,Staff Preference,General</li><li><strong>Note: </strong>Staff Preference applies at the entry level grade only. A maximum of 2 seats can be filled through Staff Preference.</li></ul>"
610070,MCPHERSON,James B McPherson Elementary School,ES,https://www.cps.edu/schools/profiles/school-overview/MCPHERSON,https://mcphersonib.org,41.967847,-87.676288,MCPHERSON - Selective Enrollment - Regional Gifted Center,Admissions Exam,"<ul><li><strong>Selection Type: </strong>Descending Point Score based on Academic Criteria</li>                                                        <li><strong>GPA: </strong>N/A</li><li><strong>HS Admissions Exam Minimum for ELA/Math: </strong></li>                                                        <ul><li>General Education and 504 Plan Students:  / </li><li>IEP and EL Students:  / </li></ul>                                                        <li><strong>Priority: </strong>General,Tier</li><li><strong>Note: </strong>Tier is only considered in the selection of kindergarten applicants. 30% of seats are filled based on test scores alone. The remaining seats are evenly divided among applicants from each of the four socio-economic tiers.</li></ul>"
610070,MCPHERSON,James B McPherson Elementary School,ES,https://www.cps.edu/schools/profiles/school-overview/MCPHERSON,https://mcphersonib.org,41.967847,-87.676288,MCPHERSON - Selective Enrollment - Regional Gifted Center,Admissions Exam,<ul><li><strong>Selection Type: </strong>Descending Point Score based on Academic Criteria</li>                                                        <li><strong>GPA: </strong>N/A</li><li><strong>HS Admissions Exam Minimum for ELA/Math: </strong></li>                                                        <ul><li>General Education and 504 Plan Students:  / </li><li>IEP and EL Students:  / </li></ul>                                                        <li><strong>Priority: </strong>General</li><li><strong>Note: </strong>McPherson is currently phasing in its Gifted program and will add one grade level each year until the program serves grades K-8.</li></ul>
610070,MCPHERSON,James B McPherson Elementary School,ES,https://www.cps.edu/schools/profiles/school-overview/MCPHERSON,https://mcphersonib.org,41.967847,-87.676288,MCPHERSON - Selective Enrollment - Regional Gifted Center (5),Admissions Exam,<ul><li><strong>Selection Type: </strong>Descending Point Score based on Academic Criteria</li>                                                        <li><strong>GPA: </strong>3.0</li><li><strong>HS Admissions Exam Minimum for ELA/Math: </strong></li>                                                        <ul><li>General Education and 504 Plan Students:  / </li><li>IEP and EL Students:  / </li></ul>                                                        <li><strong>Priority: </strong>General</li><li><strong>Note: </strong>McPherson is currently phasing in its Gifted program and will add one grade level each year until the program serves grades K-8.</li></ul>
610070,MCPHERSON,James B McPherson Elementary School,ES,https://www.cps.edu/schools/profiles/school-overview/MCPHERSON,https://mcphersonib.org,41.967847,-87.676288,MCPHERSON-IB Primary Years Programme,None,"<ul><li><strong>Selection Type: </strong>Random Computerized Lottery</li>                                                        <li><strong>GPA: </strong>N/A</li><li><strong>HS Admissions Exam Minimum for ELA/Math: </strong></li>                                                        <ul><li>General Education and 504 Plan Students:  / </li><li>IEP and EL Students:  / </li></ul>                                                        <li><strong>Priority: </strong>Sibling Preference,Staff Preference,General</li><li><strong>Note: </strong>Staff Preference applies at the entry level grade only. A maximum of 2 seats can be filled through Staff Preference.</li></ul>"
610073,MITCHELL,Ellen Mitchell Elementary School,ES,https://www.cps.edu/schools/profiles/school-overview/MITCHELL,https://mitchellschool.org,41.892082,-87.683185,MITCHELL-Open Enrollment-General Education,None,"<ul><li><strong>Selection Type: </strong>Random Computerized Lottery</li>                                                        <li><strong>GPA: </strong>N/A</li><li><strong>HS Admissions Exam Minimum for ELA/Math: </strong></li>                                                        <ul><li>General Education and 504 Plan Students:  / </li><li>IEP and EL Students:  / </li></ul>                                                        <li><strong>Priority: </strong>Sibling Preference,Staff Preference,General</li><li><strong>Note: </strong>Staff Preference applies at the entry level grade only. A maximum of 2 seats can be filled through Staff Preference.</li></ul>"
610074,LOGAN SQUARE,Logan Square Elementary School,ES,https://www.cps.edu/schools/profiles/school-overview/LOGAN-SQUARE,https://jamesmonroeschool.org,41.929989,-87.719224,LOGAN SQUARE-Magnet Cluster-World Language (formerly known as MONROE),None,"<ul><li><strong>Selection Type: </strong>Random Computerized Lottery</li>                                                        <li><strong>GPA: </strong>N/A</li><li><strong>HS Admissions Exam Minimum for ELA/Math: </strong></li>                                                        <ul><li>General Education and 504 Plan Students:  / </li><li>IEP and EL Students:  / </li></ul>                                                        <li><strong>Priority: </strong>Sibling Preference,Staff Preference,General</li><li><strong>Note: </strong>Staff Preference applies at the entry level grade only. A maximum of 2 seats can be filled through Staff Preference.World Language offered = Spanish</li></ul>"
610076,MOOS,Bernhard Moos Elementary School,ES,https://www.cps.edu/schools/profiles/school-overview/MOOS,https://mooselementary.org,41.912505,-87.696941,MOOS-Open Enrollment-Dual Language,None,"<ul><li><strong>Selection Type: </strong>Random Computerized Lottery</li>                                                        <li><strong>GPA: </strong>N/A</li><li><strong>HS Admissions Exam Minimum for ELA/Math: </strong></li>                                                        <ul><li>General Education and 504 Plan Students:  / </li><li>IEP and EL Students:  / </li></ul>                                                        <li><strong>Priority: </strong>Sibling Preference,Staff Preference,General</li><li><strong>Note: </strong>Staff Preference applies at the entry level grade only. A maximum of 2 seats can be filled through Staff Preference.</li></ul>"
610076,MOOS,Bernhard Moos Elementary School,ES,https://www.cps.edu/schools/profiles/school-overview/MOOS,https://mooselementary.org,41.912505,-87.696941,MOOS-Magnet Cluster-IB Middle Years Programme,None,"<ul><li><strong>Selection Type: </strong>Random Computerized Lottery</li>                                                        <li><strong>GPA: </strong>N/A</li><li><strong>HS Admissions Exam Minimum for ELA/Math: </strong></li>                                                        <ul><li>General Education and 504 Plan Students:  / </li><li>IEP and EL Students:  / </li></ul>                                                        <li><strong>Priority: </strong>Sibling Preference,General</li></ul>"
610076,MOOS,Bernhard Moos Elementary School,ES,https://www.cps.edu/schools/profiles/school-overview/MOOS,https://mooselementary.org,41.912505,-87.696941,MOOS-Magnet Cluster-IB Primary Years Programme,None,"<ul><li><strong>Selection Type: </strong>Random Computerized Lottery</li>                                                        <li><strong>GPA: </strong>N/A</li><li><strong>HS Admissions Exam Minimum for ELA/Math: </strong></li>                                                        <ul><li>General Education and 504 Plan Students:  / </li><li>IEP and EL Students:  / </li></ul>                                                        <li><strong>Priority: </strong>Sibling Preference,Staff Preference,General</li><li><strong>Note: </strong>Staff Preference applies at the entry level grade only. A maximum of 2 seats can be filled through Staff Preference.</li></ul>"
610082,MOUNT GREENWOOD,Mount Greenwood Elementary School,ES,https://www.cps.edu/schools/profiles/school-overview/MOUNT-GREENWOOD,https://mtgreenwood.cps.edu,41.695734,-87.70581,MOUNT GREENWOOD-Open Enrollment-General Education,None,"<ul><li><strong>Selection Type: </strong>Random Computerized Lottery</li>                                                        <li><strong>GPA: </strong>N/A</li><li><strong>HS Admissions Exam Minimum for ELA/Math: </strong></li>                                                        <ul><li>General Education and 504 Plan Students:  / </li><li>IEP and EL Students:  / </li></ul>                                                        <li><strong>Priority: </strong>Sibling Preference,Staff Preference,General</li><li><strong>Note: </strong>Staff Preference applies at the entry level grade only. A maximum of 2 seats can be filled through Staff Preference.</li></ul>"
610067,MCKAY,Francis M McKay Elementary School,ES,https://www.cps.edu/schools/profiles/school-overview/MCKAY,https://mckayschool.org,41.768143,-87.691787,MCKAY-Open Enrollment-General Education,None,"<ul><li><strong>Selection Type: </strong>Random Computerized Lottery</li>                                                        <li><strong>GPA: </strong>N/A</li><li><strong>HS Admissions Exam Minimum for ELA/Math: </strong></li>                                                        <ul><li>General Education and 504 Plan Students:  / </li><li>IEP and EL Students:  / </li></ul>                                                        <li><strong>Priority: </strong>Sibling Preference,Staff Preference,General</li><li><strong>Note: </strong>Staff Preference applies at the entry level grade only. A maximum of 2 seats can be filled through Staff Preference.</li></ul>"
610068,HANSON PARK,Hanson Park Elementary School,ES,https://www.cps.edu/schools/profiles/school-overview/HANSON-PARK,https://hanson.cps.edu,41.923955,-87.761515,HANSON PARK-Open Enrollment-General Education,None,"<ul><li><strong>Selection Type: </strong>Random Computerized Lottery</li>                                                        <li><strong>GPA: </strong>N/A</li><li><strong>HS Admissions Exam Minimum for ELA/Math: </strong></li>                                                        <ul><li>General Education and 504 Plan Students:  / </li><li>IEP and EL Students:  / </li></ul>                                                        <li><strong>Priority: </strong>Sibling Preference,Staff Preference,General</li><li><strong>Note: </strong>Staff Preference applies at the entry level grade only. A maximum of 2 seats can be filled through Staff Preference.</li></ul>"
610057,FAIRFIELD,Fairfield Elementary Academy,ES,https://www.cps.edu/schools/profiles/school-overview/FAIRFIELD,https://fairfieldacademy.org,41.780904,-87.692115,FAIRFIELD-Open Enrollment-General Education,None,"<ul><li><strong>Selection Type: </strong>Random Computerized Lottery</li>                                                        <li><strong>GPA: </strong>N/A</li><li><strong>HS Admissions Exam Minimum for ELA/Math: </strong></li>                                                        <ul><li>General Education and 504 Plan Students:  / </li><li>IEP and EL Students:  / </li></ul>                                                        <li><strong>Priority: </strong>Sibling Preference,Staff Preference,General</li><li><strong>Note: </strong>Staff Preference applies at the entry level grade only. A maximum of 2 seats can be filled through Staff Preference.</li></ul>"
610094,NETTELHORST,Louis Nettelhorst Elementary School,ES,https://www.cps.edu/schools/profiles/school-overview/NETTELHORST,https://nettelhorst.org,41.941637,-87.644561,NETTELHORST-Magnet Cluster-Fine & Performing Arts,None,"<ul><li><strong>Selection Type: </strong>Random Computerized Lottery</li>                                                        <li><strong>GPA: </strong>N/A</li><li><strong>HS Admissions Exam Minimum for ELA/Math: </strong></li>                                                        <ul><li>General Education and 504 Plan Students:  / </li><li>IEP and EL Students:  / </li></ul>                                                        <li><strong>Priority: </strong>Sibling Preference,Staff Preference,General</li><li><strong>Note: </strong>Staff Preference applies at the entry level grade only. A maximum of 2 seats can be filled through Staff Preference.</li></ul>"
610096,NIGHTINGALE,Florence Nightingale Elementary School,ES,https://www.cps.edu/schools/profiles/school-overview/NIGHTINGALE,http://nightingale.cps.edu,41.797714,-87.689139,NIGHTINGALE-Open Enrollment-General Education,None,"<ul><li><strong>Selection Type: </strong>Random Computerized Lottery</li>                                                        <li><strong>GPA: </strong>N/A</li><li><strong>HS Admissions Exam Minimum for ELA/Math: </strong></li>                                                        <ul><li>General Education and 504 Plan Students:  / </li><li>IEP and EL Students:  / </li></ul>                                                        <li><strong>Priority: </strong>Sibling Preference,Staff Preference,General</li><li><strong>Note: </strong>Staff Preference applies at the entry level grade only. A maximum of 2 seats can be filled through Staff Preference.</li></ul>"
610097,NIXON,William P Nixon Elementary School,ES,https://www.cps.edu/schools/profiles/school-overview/NIXON,http://nixon.cps.edu,41.919581,-87.73142,NIXON-Open Enrollment-General Education,None,"<ul><li><strong>Selection Type: </strong>Random Computerized Lottery</li>                                                        <li><strong>GPA: </strong>N/A</li><li><strong>HS Admissions Exam Minimum for ELA/Math: </strong></li>                                                        <ul><li>General Education and 504 Plan Students:  / </li><li>IEP and EL Students:  / </li></ul>                                                        <li><strong>Priority: </strong>Sibling Preference,Staff Preference,General</li><li><strong>Note: </strong>Staff Preference applies at the entry level grade only. A maximum of 2 seats can be filled through Staff Preference.</li></ul>"
610097,NIXON,William P Nixon Elementary School,ES,https://www.cps.edu/schools/profiles/school-overview/NIXON,http://nixon.cps.edu,41.919581,-87.73142,NIXON-Open Enrollment-Dual Language,None,"<ul><li><strong>Selection Type: </strong>Random Computerized Lottery</li>                                                        <li><strong>GPA: </strong>N/A</li><li><strong>HS Admissions Exam Minimum for ELA/Math: </strong></li>                                                        <ul><li>General Education and 504 Plan Students:  / </li><li>IEP and EL Students:  / </li></ul>                                                        <li><strong>Priority: </strong>Sibling Preference,Staff Preference,General</li><li><strong>Note: </strong>Staff Preference applies at the entry level grade only. A maximum of 2 seats can be filled through Staff Preference.</li></ul>"
610098,NOBEL,Alfred Nobel Elementary School,ES,https://www.cps.edu/schools/profiles/school-overview/NOBEL,http://nobel.cps.edu/,41.906155,-87.729955,NOBEL-Open Enrollment-General Education,None,"<ul><li><strong>Selection Type: </strong>Random Computerized Lottery</li>                                                        <li><strong>GPA: </strong>N/A</li><li><strong>HS Admissions Exam Minimum for ELA/Math: </strong></li>                                                        <ul><li>General Education and 504 Plan Students:  / </li><li>IEP and EL Students:  / </li></ul>                                                        <li><strong>Priority: </strong>Sibling Preference,Staff Preference,General</li><li><strong>Note: </strong>Staff Preference applies at the entry level grade only. A maximum of 2 seats can be filled through Staff Preference.</li></ul>"
610098,NOBEL,Alfred Nobel Elementary School,ES,https://www.cps.edu/schools/profiles/school-overview/NOBEL,http://nobel.cps.edu/,41.906155,-87.729955,NOBEL-Open Enrollment-Dual Language,None,"<ul><li><strong>Selection Type: </strong>Random Computerized Lottery</li>                                                        <li><strong>GPA: </strong>N/A</li><li><strong>HS Admissions Exam Minimum for ELA/Math: </strong></li>                                                        <ul><li>General Education and 504 Plan Students:  / </li><li>IEP and EL Students:  / </li></ul>                                                        <li><strong>Priority: </strong>Sibling Preference,Staff Preference,General</li><li><strong>Note: </strong>Staff Preference applies at the entry level grade only. A maximum of 2 seats can be filled through Staff Preference.</li></ul>"
610101,OGDEN ES,William B Ogden Elementary School,ES,https://www.cps.edu/schools/profiles/school-overview/OGDEN-ES,https://ogden.cps.edu,41.899976,-87.629297,OGDEN ES-Magnet Cluster-IB Primary Years Programme,None,"<ul><li><strong>Selection Type: </strong>Random Computerized Lottery</li>                                                        <li><strong>GPA: </strong>N/A</li><li><strong>HS Admissions Exam Minimum for ELA/Math: </strong></li>                                                        <ul><li>General Education and 504 Plan Students:  / </li><li>IEP and EL Students:  / </li></ul>                                                        <li><strong>Priority: </strong>Sibling Preference,Staff Preference,General</li><li><strong>Note: </strong>Staff Preference applies at the entry level grade only. A maximum of 2 seats can be filled through Staff Preference.Students in grades K-4 attend Ogden ES's East Campus (24 W Walton Street).</li></ul>"
610101,OGDEN ES,William B Ogden Elementary School,ES,https://www.cps.edu/schools/profiles/school-overview/OGDEN-ES,https://ogden.cps.edu,41.899976,-87.629297,OGDEN ES-Magnet Cluster-IB Middle Years Programme,None,"<ul><li><strong>Selection Type: </strong>Random Computerized Lottery</li>                                                        <li><strong>GPA: </strong>N/A</li><li><strong>HS Admissions Exam Minimum for ELA/Math: </strong></li>                                                        <ul><li>General Education and 504 Plan Students:  / </li><li>IEP and EL Students:  / </li></ul>                                                        <li><strong>Priority: </strong>Sibling Preference,General</li><li><strong>Note: </strong>Students in grades 5-8 attend Ogden ES's Jenner Campus (1119 N Cleveland Avenue).</li></ul>"
610102,OGLESBY,Richard J Oglesby Elementary School,ES,https://www.cps.edu/schools/profiles/school-overview/OGLESBY,https://oglesby.cps.edu,41.75467,-87.645469,OGLESBY-Open Enrollment-General Education,None,"<ul><li><strong>Selection Type: </strong>Random Computerized Lottery</li>                                                        <li><strong>GPA: </strong>N/A</li><li><strong>HS Admissions Exam Minimum for ELA/Math: </strong></li>                                                        <ul><li>General Education and 504 Plan Students:  / </li><li>IEP and EL Students:  / </li></ul>                                                        <li><strong>Priority: </strong>Sibling Preference,Staff Preference,General</li><li><strong>Note: </strong>Staff Preference applies at the entry level grade only. A maximum of 2 seats can be filled through Staff Preference.</li></ul>"
610103,OKEEFFE,Isabelle C O'Keeffe Elementary School,ES,https://www.cps.edu/schools/profiles/school-overview/OKEEFFE,https://okeeffesoe.org,41.768602,-87.572806,OKEEFFE-Open Enrollment-General Education,None,"<ul><li><strong>Selection Type: </strong>Random Computerized Lottery</li>                                                        <li><strong>GPA: </strong>N/A</li><li><strong>HS Admissions Exam Minimum for ELA/Math: </strong></li>                                                        <ul><li>General Education and 504 Plan Students:  / </li><li>IEP and EL Students:  / </li></ul>                                                        <li><strong>Priority: </strong>Sibling Preference,Staff Preference,General</li><li><strong>Note: </strong>Staff Preference applies at the entry level grade only. A maximum of 2 seats can be filled through Staff Preference.</li></ul>"
610104,ONAHAN,William J Onahan Elementary School,ES,https://www.cps.edu/schools/profiles/school-overview/ONAHAN,https://onahanschool.org,41.99379,-87.793108,ONAHAN-Open Enrollment-General Education,None,"<ul><li><strong>Selection Type: </strong>Random Computerized Lottery</li>                                                        <li><strong>GPA: </strong>N/A</li><li><strong>HS Admissions Exam Minimum for ELA/Math: </strong></li>                                                        <ul><li>General Education and 504 Plan Students:  / </li><li>IEP and EL Students:  / </li></ul>                                                        <li><strong>Priority: </strong>Sibling Preference,Staff Preference,General</li><li><strong>Note: </strong>Staff Preference applies at the entry level grade only. A maximum of 2 seats can be filled through Staff Preference.</li></ul>"
610105,ORIOLE PARK,Oriole Park Elementary School,ES,https://www.cps.edu/schools/profiles/school-overview/ORIOLE-PARK,https://orioleparkschool.com,41.978501,-87.812054,ORIOLE PARK -Open Enrollment-General Education,None,"<ul><li><strong>Selection Type: </strong>Random Computerized Lottery</li>                                                        <li><strong>GPA: </strong>N/A</li><li><strong>HS Admissions Exam Minimum for ELA/Math: </strong></li>                                                        <ul><li>General Education and 504 Plan Students:  / </li><li>IEP and EL Students:  / </li></ul>                                                        <li><strong>Priority: </strong>Sibling Preference,Staff Preference,General</li><li><strong>Note: </strong>Staff Preference applies at the entry level grade only. A maximum of 2 seats can be filled through Staff Preference.</li></ul>"
610106,PICCOLO,Brian Piccolo Elementary Specialty School,ES,https://www.cps.edu/schools/profiles/school-overview/PICCOLO,https://piccoloschoolofexcellence.org,41.90014,-87.731261,PICCOLO-Open Enrollment-General Education,None,"<ul><li><strong>Selection Type: </strong>Random Computerized Lottery</li>                                                        <li><strong>GPA: </strong>N/A</li><li><strong>HS Admissions Exam Minimum for ELA/Math: </strong></li>                                                        <ul><li>General Education and 504 Plan Students:  / </li><li>IEP and EL Students:  / </li></ul>                                                        <li><strong>Priority: </strong>Sibling Preference,Staff Preference,General</li><li><strong>Note: </strong>Staff Preference applies at the entry level grade only. A maximum of 2 seats can be filled through Staff Preference.</li></ul>"
610107,OTIS,James Otis Elementary School,ES,https://www.cps.edu/schools/profiles/school-overview/OTIS,https://otis.cps.edu,41.891806,-87.665426,"OTIS-Magnet Cluster-World Language, Personalized Learning",None,"<ul><li><strong>Selection Type: </strong>Random Computerized Lottery</li>                                                        <li><strong>GPA: </strong>N/A</li><li><strong>HS Admissions Exam Minimum for ELA/Math: </strong></li>                                                        <ul><li>General Education and 504 Plan Students:  / </li><li>IEP and EL Students:  / </li></ul>                                                        <li><strong>Priority: </strong>Sibling Preference,Staff Preference,General</li><li><strong>Note: </strong>Staff Preference applies at the entry level grade only. A maximum of 2 seats can be filled through Staff Preference.World Languages offered = French, Spanish</li></ul>"
610108,OTOOLE,Luke O'Toole Elementary School,ES,https://www.cps.edu/schools/profiles/school-overview/OTOOLE,https://otoolelions.org,41.774571,-87.674865,OTOOLE-Open Enrollment-General Education,None,"<ul><li><strong>Selection Type: </strong>Random Computerized Lottery</li>                                                        <li><strong>GPA: </strong>N/A</li><li><strong>HS Admissions Exam Minimum for ELA/Math: </strong></li>                                                        <ul><li>General Education and 504 Plan Students:  / </li><li>IEP and EL Students:  / </li></ul>                                                        <li><strong>Priority: </strong>Sibling Preference,Staff Preference,General</li><li><strong>Note: </strong>Staff Preference applies at the entry level grade only. A maximum of 2 seats can be filled through Staff Preference.</li></ul>"
610091,BROWN R,Ronald Brown Elementary Community Academy,ES,https://www.cps.edu/schools/profiles/school-overview/BROWN-R,https://www.brownacademyeagles.org,41.664873,-87.638958,BROWN R - Magnet Cluster - World Language,None,"<ul><li><strong>Selection Type: </strong>Random Computerized Lottery</li>                                                        <li><strong>GPA: </strong>N/A</li><li><strong>HS Admissions Exam Minimum for ELA/Math: </strong></li>                                                        <ul><li>General Education and 504 Plan Students:  / </li><li>IEP and EL Students:  / </li></ul>                                                        <li><strong>Priority: </strong>Sibling Preference,Staff Preference,General</li><li><strong>Note: </strong>Staff Preference applies at the entry level grade only. A maximum of 2 seats can be filled through Staff Preference.World Language offered = Spanish</li></ul>"
610092,NASH,Henry H Nash Elementary School,ES,https://www.cps.edu/schools/profiles/school-overview/NASH,https://nashelementary.org,41.89181,-87.747936,NASH - Magnet Cluster - Fine & Performing Arts,None,"<ul><li><strong>Selection Type: </strong>Random Computerized Lottery</li>                                                        <li><strong>GPA: </strong>N/A</li><li><strong>HS Admissions Exam Minimum for ELA/Math: </strong></li>                                                        <ul><li>General Education and 504 Plan Students:  / </li><li>IEP and EL Students:  / </li></ul>                                                        <li><strong>Priority: </strong>Sibling Preference,Staff Preference,General</li><li><strong>Note: </strong>Staff Preference applies at the entry level grade only. A maximum of 2 seats can be filled through Staff Preference.</li></ul>"
610093,NEIL,Jane A Neil Elementary School,ES,https://www.cps.edu/schools/profiles/school-overview/NEIL,https://neil.cps.edu,41.738407,-87.620933,NEIL-Open Enrollment-General Education,None,"<ul><li><strong>Selection Type: </strong>Random Computerized Lottery</li>                                                        <li><strong>GPA: </strong>N/A</li><li><strong>HS Admissions Exam Minimum for ELA/Math: </strong></li>                                                        <ul><li>General Education and 504 Plan Students:  / </li><li>IEP and EL Students:  / </li></ul>                                                        <li><strong>Priority: </strong>Sibling Preference,Staff Preference,General</li><li><strong>Note: </strong>Staff Preference applies at the entry level grade only. A maximum of 2 seats can be filled through Staff Preference.</li></ul>"
610086,MOUNT VERNON,Mount Vernon Elementary School,ES,https://www.cps.edu/schools/profiles/school-overview/MOUNT-VERNON,https://mtvernon.cps.edu,41.701952,-87.647652,MOUNT VERNON-Magnet Cluster-Personalized Learning,None,"<ul><li><strong>Selection Type: </strong>Random Computerized Lottery</li>                                                        <li><strong>GPA: </strong>N/A</li><li><strong>HS Admissions Exam Minimum for ELA/Math: </strong></li>                                                        <ul><li>General Education and 504 Plan Students:  / </li><li>IEP and EL Students:  / </li></ul>                                                        <li><strong>Priority: </strong>Sibling Preference,Staff Preference,General</li><li><strong>Note: </strong>Staff Preference applies at the entry level grade only. A maximum of 2 seats can be filled through Staff Preference.</li></ul>"
610088,MOZART,Wolfgang A Mozart Elementary School,ES,https://www.cps.edu/schools/profiles/school-overview/MOZART,https://mozartmustangs.org,41.92091,-87.721888,MOZART-Open Enrollment-General Education,None,"<ul><li><strong>Selection Type: </strong>Random Computerized Lottery</li>                                                        <li><strong>GPA: </strong>N/A</li><li><strong>HS Admissions Exam Minimum for ELA/Math: </strong></li>                                                        <ul><li>General Education and 504 Plan Students:  / </li><li>IEP and EL Students:  / </li></ul>                                                        <li><strong>Priority: </strong>Sibling Preference,Staff Preference,General</li><li><strong>Note: </strong>Staff Preference applies at the entry level grade only. A maximum of 2 seats can be filled through Staff Preference.</li></ul>"
610088,MOZART,Wolfgang A Mozart Elementary School,ES,https://www.cps.edu/schools/profiles/school-overview/MOZART,https://mozartmustangs.org,41.92091,-87.721888,MOZART-Open Enrollment-Dual Language,None,"<ul><li><strong>Selection Type: </strong>Random Computerized Lottery</li>                                                        <li><strong>GPA: </strong>N/A</li><li><strong>HS Admissions Exam Minimum for ELA/Math: </strong></li>                                                        <ul><li>General Education and 504 Plan Students:  / </li><li>IEP and EL Students:  / </li></ul>                                                        <li><strong>Priority: </strong>Sibling Preference,Staff Preference,General</li><li><strong>Note: </strong>Staff Preference applies at the entry level grade only. A maximum of 2 seats can be filled through Staff Preference.</li></ul>"
610089,MURPHY,John B Murphy Elementary School,ES,https://www.cps.edu/schools/profiles/school-overview/MURPHY,http://www.murphy.cps.edu/,41.950078,-87.716832,MURPHY-Magnet Cluster-Fine & Performing Arts,None,"<ul><li><strong>Selection Type: </strong>Random Computerized Lottery</li>                                                        <li><strong>GPA: </strong>N/A</li><li><strong>HS Admissions Exam Minimum for ELA/Math: </strong></li>                                                        <ul><li>General Education and 504 Plan Students:  / </li><li>IEP and EL Students:  / </li></ul>                                                        <li><strong>Priority: </strong>Sibling Preference,Staff Preference,General</li><li><strong>Note: </strong>Staff Preference applies at the entry level grade only. A maximum of 2 seats can be filled through Staff Preference.</li></ul>"
610133,WARD L,Laura S Ward Elementary School,ES,https://www.cps.edu/schools/profiles/school-overview/WARD-L,http://lwardstem.cps.edu,41.893236,-87.718797,WARD L-Magnet Cluster-STEM,None,"<ul><li><strong>Selection Type: </strong>Random Computerized Lottery</li>                                                        <li><strong>GPA: </strong>N/A</li><li><strong>HS Admissions Exam Minimum for ELA/Math: </strong></li>                                                        <ul><li>General Education and 504 Plan Students:  / </li><li>IEP and EL Students:  / </li></ul>                                                        <li><strong>Priority: </strong>Sibling Preference,Staff Preference,General</li><li><strong>Note: </strong>Staff Preference applies at the entry level grade only. A maximum of 2 seats can be filled through Staff Preference.</li></ul>"
610135,PORTAGE PARK,Portage Park Elementary School,ES,https://www.cps.edu/schools/profiles/school-overview/PORTAGE-PARK,https://portageparkschool.org,41.956988,-87.761007,PORTAGE PARK-Magnet Cluster-Fine & Performing Arts,None,"<ul><li><strong>Selection Type: </strong>Random Computerized Lottery</li>                                                        <li><strong>GPA: </strong>N/A</li><li><strong>HS Admissions Exam Minimum for ELA/Math: </strong></li>                                                        <ul><li>General Education and 504 Plan Students:  / </li><li>IEP and EL Students:  / </li></ul>                                                        <li><strong>Priority: </strong>Sibling Preference,Staff Preference,General</li><li><strong>Note: </strong>Staff Preference applies at the entry level grade only. A maximum of 2 seats can be filled through Staff Preference.</li></ul>"
610136,PRESCOTT,William H Prescott Elementary School,ES,https://www.cps.edu/schools/profiles/school-overview/PRESCOTT,https://prescottparents.com,41.928841,-87.669528,PRESCOTT-Open Enrollment-General Education,None,"<ul><li><strong>Selection Type: </strong>Random Computerized Lottery</li>                                                        <li><strong>GPA: </strong>N/A</li><li><strong>HS Admissions Exam Minimum for ELA/Math: </strong></li>                                                        <ul><li>General Education and 504 Plan Students:  / </li><li>IEP and EL Students:  / </li></ul>                                                        <li><strong>Priority: </strong>Sibling Preference,Staff Preference,General</li><li><strong>Note: </strong>Staff Preference applies at the entry level grade only. A maximum of 2 seats can be filled through Staff Preference.</li></ul>"
610137,PRUSSING,Ernst Prussing Elementary School,ES,https://www.cps.edu/schools/profiles/school-overview/PRUSSING,http://prussing.cps.edu,41.965619,-87.772414,PRUSSING-Magnet Cluster-World Language,None,"<ul><li><strong>Selection Type: </strong>Random Computerized Lottery</li>                                                        <li><strong>GPA: </strong>N/A</li><li><strong>HS Admissions Exam Minimum for ELA/Math: </strong></li>                                                        <ul><li>General Education and 504 Plan Students:  / </li><li>IEP and EL Students:  / </li></ul>                                                        <li><strong>Priority: </strong>Sibling Preference,Staff Preference,General</li><li><strong>Note: </strong>Staff Preference applies at the entry level grade only. A maximum of 2 seats can be filled through Staff Preference.World Language offered = French</li></ul>"
610138,PULASKI,Pulaski International School of Chicago,ES,https://www.cps.edu/schools/profiles/school-overview/PULASKI,http://www.pulaskischool.org,41.918486,-87.683801,PULASKI-Magnet Cluster-IB Primary Years Programme,None,"<ul><li><strong>Selection Type: </strong>Random Computerized Lottery</li>                                                        <li><strong>GPA: </strong>N/A</li><li><strong>HS Admissions Exam Minimum for ELA/Math: </strong></li>                                                        <ul><li>General Education and 504 Plan Students:  / </li><li>IEP and EL Students:  / </li></ul>                                                        <li><strong>Priority: </strong>Sibling Preference,Staff Preference,General</li><li><strong>Note: </strong>Staff Preference applies at the entry level grade only. A maximum of 2 seats can be filled through Staff Preference.</li></ul>"
610138,PULASKI,Pulaski International School of Chicago,ES,https://www.cps.edu/schools/profiles/school-overview/PULASKI,http://www.pulaskischool.org,41.918486,-87.683801,PULASKI-Magnet Cluster-IB Middle Years Programme,None,"<ul><li><strong>Selection Type: </strong>Random Computerized Lottery</li>                                                        <li><strong>GPA: </strong>N/A</li><li><strong>HS Admissions Exam Minimum for ELA/Math: </strong></li>                                                        <ul><li>General Education and 504 Plan Students:  / </li><li>IEP and EL Students:  / </li></ul>                                                        <li><strong>Priority: </strong>Sibling Preference,General</li></ul>"
610138,PULASKI,Pulaski International School of Chicago,ES,https://www.cps.edu/schools/profiles/school-overview/PULASKI,http://www.pulaskischool.org,41.918486,-87.683801,PULASKI - Selective Enrollment - EL Regional Gifted Center,Admissions Exam,"<ul><li><strong>Selection Type: </strong>Descending Point Score based on Academic Criteria</li>                                                        <li><strong>GPA: </strong>N/A</li><li><strong>HS Admissions Exam Minimum for ELA/Math: </strong></li>                                                        <ul><li>General Education and 504 Plan Students:  / </li><li>IEP and EL Students:  / </li></ul>                                                        <li><strong>Priority: </strong>General,Tier</li><li><strong>Note: </strong>The distribution of available seats into the 4 socio-economic tiers will only be applicable at the entry-level grade (kindergarten).</li></ul>"
610138,PULASKI,Pulaski International School of Chicago,ES,https://www.cps.edu/schools/profiles/school-overview/PULASKI,http://www.pulaskischool.org,41.918486,-87.683801,PULASKI - Selective Enrollment - EL Regional Gifted Center,Admissions Exam,<ul><li><strong>Selection Type: </strong>Descending Point Score based on Academic Criteria</li>                                                        <li><strong>GPA: </strong>2.5</li><li><strong>HS Admissions Exam Minimum for ELA/Math: </strong></li>                                                        <ul><li>General Education and 504 Plan Students:  / </li><li>IEP and EL Students:  / </li></ul>                                                        <li><strong>Priority: </strong>General</li></ul>
610139,PULLMAN,George M Pullman Elementary School,ES,https://www.cps.edu/schools/profiles/school-overview/PULLMAN,https://pullmanschool.org,41.688819,-87.609431,PULLMAN-Magnet Cluster-Personalized Learning,None,"<ul><li><strong>Selection Type: </strong>Random Computerized Lottery</li>                                                        <li><strong>GPA: </strong>N/A</li><li><strong>HS Admissions Exam Minimum for ELA/Math: </strong></li>                                                        <ul><li>General Education and 504 Plan Students:  / </li><li>IEP and EL Students:  / </li></ul>                                                        <li><strong>Priority: </strong>Sibling Preference,Staff Preference,General</li><li><strong>Note: </strong>Staff Preference applies at the entry level grade only. A maximum of 2 seats can be filled through Staff Preference.</li></ul>"
610141,RAVENSWOOD,Ravenswood Elementary School,ES,https://www.cps.edu/schools/profiles/school-overview/RAVENSWOOD,https://www.ravenswoodelementary.org,41.960746,-87.670922,RAVENSWOOD-Magnet Cluster-Fine & Performing Arts,None,"<ul><li><strong>Selection Type: </strong>Random Computerized Lottery</li>                                                        <li><strong>GPA: </strong>N/A</li><li><strong>HS Admissions Exam Minimum for ELA/Math: </strong></li>                                                        <ul><li>General Education and 504 Plan Students:  / </li><li>IEP and EL Students:  / </li></ul>                                                        <li><strong>Priority: </strong>Sibling Preference,Staff Preference,General</li><li><strong>Note: </strong>Staff Preference applies at the entry level grade only. A maximum of 2 seats can be filled through Staff Preference.</li></ul>"
610142,RAY,William H Ray Elementary School,ES,https://www.cps.edu/schools/profiles/school-overview/RAY,http://ray.cps.edu,41.792348,-87.594752,RAY-Magnet Cluster-World Language,None,"<ul><li><strong>Selection Type: </strong>Random Computerized Lottery</li>                                                        <li><strong>GPA: </strong>N/A</li><li><strong>HS Admissions Exam Minimum for ELA/Math: </strong></li>                                                        <ul><li>General Education and 504 Plan Students:  / </li><li>IEP and EL Students:  / </li></ul>                                                        <li><strong>Priority: </strong>Sibling Preference,Staff Preference,General</li><li><strong>Note: </strong>Staff Preference applies at the entry level grade only. A maximum of 2 seats can be filled through Staff Preference.World Language offered = Spanish</li></ul>"
610143,REAVIS,William C Reavis Math & Science Specialty ES,ES,https://www.cps.edu/schools/profiles/school-overview/REAVIS,http://www.reaviselementaryschool.org/,41.804174,-87.604925,REAVIS-Open Enrollment-General Education,None,"<ul><li><strong>Selection Type: </strong>Random Computerized Lottery</li>                                                        <li><strong>GPA: </strong>N/A</li><li><strong>HS Admissions Exam Minimum for ELA/Math: </strong></li>                                                        <ul><li>General Education and 504 Plan Students:  / </li><li>IEP and EL Students:  / </li></ul>                                                        <li><strong>Priority: </strong>Sibling Preference,Staff Preference,General</li><li><strong>Note: </strong>Staff Preference applies at the entry level grade only. A maximum of 2 seats can be filled through Staff Preference.</li></ul>"
610144,REILLY,Frank W Reilly Elementary School,ES,https://www.cps.edu/schools/profiles/school-overview/REILLY,http://www.reillyschool.com,41.941094,-87.719541,REILLY-Open Enrollment-General Education,None,"<ul><li><strong>Selection Type: </strong>Random Computerized Lottery</li>                                                        <li><strong>GPA: </strong>N/A</li><li><strong>HS Admissions Exam Minimum for ELA/Math: </strong></li>                                                        <ul><li>General Education and 504 Plan Students:  / </li><li>IEP and EL Students:  / </li></ul>                                                        <li><strong>Priority: </strong>Sibling Preference,Staff Preference,General</li><li><strong>Note: </strong>Staff Preference applies at the entry level grade only. A maximum of 2 seats can be filled through Staff Preference.</li></ul>"
610145,REINBERG,Peter A Reinberg Elementary School,ES,https://www.cps.edu/schools/profiles/school-overview/REINBERG,https://reinberg.cps.edu,41.943019,-87.768983,REINBERG-Open Enrollment-General Education,None,"<ul><li><strong>Selection Type: </strong>Random Computerized Lottery</li>                                                        <li><strong>GPA: </strong>N/A</li><li><strong>HS Admissions Exam Minimum for ELA/Math: </strong></li>                                                        <ul><li>General Education and 504 Plan Students:  / </li><li>IEP and EL Students:  / </li></ul>                                                        <li><strong>Priority: </strong>Sibling Preference,Staff Preference,General</li><li><strong>Note: </strong>Staff Preference applies at the entry level grade only. A maximum of 2 seats can be filled through Staff Preference.</li></ul>"
610146,REVERE,Paul Revere Elementary School,ES,https://www.cps.edu/schools/profiles/school-overview/REVERE,https://wearerevere.org,41.764196,-87.600177,REVERE-Open Enrollment-General Education,None,"<ul><li><strong>Selection Type: </strong>Random Computerized Lottery</li>                                                        <li><strong>GPA: </strong>N/A</li><li><strong>HS Admissions Exam Minimum for ELA/Math: </strong></li>                                                        <ul><li>General Education and 504 Plan Students:  / </li><li>IEP and EL Students:  / </li></ul>                                                        <li><strong>Priority: </strong>Sibling Preference,Staff Preference,General</li><li><strong>Note: </strong>Staff Preference applies at the entry level grade only. A maximum of 2 seats can be filled through Staff Preference.</li></ul>"
610147,ROGERS,Philip Rogers Elementary School,ES,https://www.cps.edu/schools/profiles/school-overview/ROGERS,https://philiprogersschool.org,42.015265,-87.697185,ROGERS-Magnet Cluster-Fine & Performing Arts,None,"<ul><li><strong>Selection Type: </strong>Random Computerized Lottery</li>                                                        <li><strong>GPA: </strong>N/A</li><li><strong>HS Admissions Exam Minimum for ELA/Math: </strong></li>                                                        <ul><li>General Education and 504 Plan Students:  / </li><li>IEP and EL Students:  / </li></ul>                                                        <li><strong>Priority: </strong>Sibling Preference,Staff Preference,General</li><li><strong>Note: </strong>Staff Preference applies at the entry level grade only. A maximum of 2 seats can be filled through Staff Preference.</li></ul>"
610148,CHAVEZ,Cesar E Chavez Multicultural Academic Center ES,ES,https://www.cps.edu/schools/profiles/school-overview/CHAVEZ,https://chavez.cps.edu,41.807143,-87.666037,CHAVEZ - Open Enrollment - General Education,None,"<ul><li><strong>Selection Type: </strong>Random Computerized Lottery</li>                                                        <li><strong>GPA: </strong>N/A</li><li><strong>HS Admissions Exam Minimum for ELA/Math: </strong></li>                                                        <ul><li>General Education and 504 Plan Students:  / </li><li>IEP and EL Students:  / </li></ul>                                                        <li><strong>Priority: </strong>Sibling Preference,Staff Preference,General</li><li><strong>Note: </strong>Staff Preference applies at the entry level grade only. A maximum of 2 seats can be filled through Staff Preference.</li></ul>"
610152,RUGGLES,Martha Ruggles Elementary School,ES,https://www.cps.edu/schools/profiles/school-overview/RUGGLES,https://ruggleselementary.org,41.751946,-87.618066,RUGGLES - Magnet Cluster - STEAM,None,"<ul><li><strong>Selection Type: </strong>Random Computerized Lottery</li>                                                        <li><strong>GPA: </strong>N/A</li><li><strong>HS Admissions Exam Minimum for ELA/Math: </strong></li>                                                        <ul><li>General Education and 504 Plan Students:  / </li><li>IEP and EL Students:  / </li></ul>                                                        <li><strong>Priority: </strong>Sibling Preference,Staff Preference,General</li><li><strong>Note: </strong>Staff Preference applies at the entry level grade only. A maximum of 2 seats can be filled through Staff Preference.</li></ul>"
610153,RYDER,William H Ryder Math & Science Specialty ES,ES,https://www.cps.edu/schools/profiles/school-overview/RYDER,https://ryderschool.org,41.735379,-87.638843,RYDER-Open Enrollment-General Education,None,"<ul><li><strong>Selection Type: </strong>Random Computerized Lottery</li>                                                        <li><strong>GPA: </strong>N/A</li><li><strong>HS Admissions Exam Minimum for ELA/Math: </strong></li>                                                        <ul><li>General Education and 504 Plan Students:  / </li><li>IEP and EL Students:  / </li></ul>                                                        <li><strong>Priority: </strong>Sibling Preference,Staff Preference,General</li><li><strong>Note: </strong>Staff Preference applies at the entry level grade only. A maximum of 2 seats can be filled through Staff Preference.</li></ul>"
610155,SAUGANASH,Sauganash Elementary School,ES,https://www.cps.edu/schools/profiles/school-overview/SAUGANASH,http://sauganash.cps.edu,41.991169,-87.745951,SAUGANASH-Open Enrollment-General Education,None,"<ul><li><strong>Selection Type: </strong>Random Computerized Lottery</li>                                                        <li><strong>GPA: </strong>N/A</li><li><strong>HS Admissions Exam Minimum for ELA/Math: </strong></li>                                                        <ul><li>General Education and 504 Plan Students:  / </li><li>IEP and EL Students:  / </li></ul>                                                        <li><strong>Priority: </strong>Sibling Preference,Staff Preference,General</li><li><strong>Note: </strong>Staff Preference applies at the entry level grade only. A maximum of 2 seats can be filled through Staff Preference.</li></ul>"
610157,SAWYER,Sidney Sawyer Elementary School,ES,https://www.cps.edu/schools/profiles/school-overview/SAWYER,https://sawyer.cps.edu,41.797498,-87.705006,SAWYER-Open Enrollment-General Education,None,"<ul><li><strong>Selection Type: </strong>Random Computerized Lottery</li>                                                        <li><strong>GPA: </strong>N/A</li><li><strong>HS Admissions Exam Minimum for ELA/Math: </strong></li>                                                        <ul><li>General Education and 504 Plan Students:  / </li><li>IEP and EL Students:  / </li></ul>                                                        <li><strong>Priority: </strong>Sibling Preference,Staff Preference,General</li><li><strong>Note: </strong>Staff Preference applies at the entry level grade only. A maximum of 2 seats can be filled through Staff Preference.</li></ul>"
610158,SAYRE,Harriet E Sayre Elementary Language Academy,ES,https://www.cps.edu/schools/profiles/school-overview/SAYRE,https://sayre.cps.edu,41.914151,-87.798721,SAYRE-Magnet Cluster-World Language,None,"<ul><li><strong>Selection Type: </strong>Random Computerized Lottery</li>                                                        <li><strong>GPA: </strong>N/A</li><li><strong>HS Admissions Exam Minimum for ELA/Math: </strong></li>                                                        <ul><li>General Education and 504 Plan Students:  / </li><li>IEP and EL Students:  / </li></ul>                                                        <li><strong>Priority: </strong>Sibling Preference,Staff Preference,General</li><li><strong>Note: </strong>Staff Preference applies at the entry level grade only. A maximum of 2 seats can be filled through Staff Preference.World Language offered = Spanish</li></ul>"
610158,SAYRE,Harriet E Sayre Elementary Language Academy,ES,https://www.cps.edu/schools/profiles/school-overview/SAYRE,https://sayre.cps.edu,41.914151,-87.798721,"SAYRE-Magnet Cluster-World Language, IB Middle Years Programme",,"<ul><li><strong>Selection Type: </strong>Random Computerized Lottery</li>                                                        <li><strong>GPA: </strong>N/A</li><li><strong>HS Admissions Exam Minimum for ELA/Math: </strong></li>                                                        <ul><li>General Education and 504 Plan Students:  / </li><li>IEP and EL Students:  / </li></ul>                                                        <li><strong>Priority: </strong>Sibling Preference,General</li></ul>"
610159,SCAMMON,Jonathan Y Scammon Elementary School,ES,https://www.cps.edu/schools/profiles/school-overview/SCAMMON,https://scammon.cps.edu,41.941678,-87.732179,SCAMMON-Open Enrollment-General Education,None,"<ul><li><strong>Selection Type: </strong>Random Computerized Lottery</li>                                                        <li><strong>GPA: </strong>N/A</li><li><strong>HS Admissions Exam Minimum for ELA/Math: </strong></li>                                                        <ul><li>General Education and 504 Plan Students:  / </li><li>IEP and EL Students:  / </li></ul>                                                        <li><strong>Priority: </strong>Sibling Preference,Staff Preference,General</li><li><strong>Note: </strong>Staff Preference applies at the entry level grade only. A maximum of 2 seats can be filled through Staff Preference.</li></ul>"
610165,SCHUBERT,Franz Peter Schubert Elementary School,ES,https://www.cps.edu/schools/profiles/school-overview/SCHUBERT,https://schubertes.org,41.930403,-87.76119,SCHUBERT - Open Enrollment - Dual Language,None,"<ul><li><strong>Selection Type: </strong>Random Computerized Lottery</li>                                                        <li><strong>GPA: </strong>N/A</li><li><strong>HS Admissions Exam Minimum for ELA/Math: </strong></li>                                                        <ul><li>General Education and 504 Plan Students:  / </li><li>IEP and EL Students:  / </li></ul>                                                        <li><strong>Priority: </strong>Sibling Preference,Staff Preference,General</li><li><strong>Note: </strong>Staff Preference applies at the entry level grade only. A maximum of 2 seats can be filled through Staff Preference.</li></ul>"
610165,SCHUBERT,Franz Peter Schubert Elementary School,ES,https://www.cps.edu/schools/profiles/school-overview/SCHUBERT,https://schubertes.org,41.930403,-87.76119,SCHUBERT-Open Enrollment-General Education,None,"<ul><li><strong>Selection Type: </strong>Random Computerized Lottery</li>                                                        <li><strong>GPA: </strong>N/A</li><li><strong>HS Admissions Exam Minimum for ELA/Math: </strong></li>                                                        <ul><li>General Education and 504 Plan Students:  / </li><li>IEP and EL Students:  / </li></ul>                                                        <li><strong>Priority: </strong>Sibling Preference,Staff Preference,General</li><li><strong>Note: </strong>Staff Preference applies at the entry level grade only. A maximum of 2 seats can be filled through Staff Preference.</li></ul>"
610167,SEWARD,William H Seward Communication Arts Academy ES,ES,https://www.cps.edu/schools/profiles/school-overview/SEWARD,https://seward.cps.edu,41.810333,-87.668772,SEWARD-Open Enrollment-General Education,None,"<ul><li><strong>Selection Type: </strong>Random Computerized Lottery</li>                                                        <li><strong>GPA: </strong>N/A</li><li><strong>HS Admissions Exam Minimum for ELA/Math: </strong></li>                                                        <ul><li>General Education and 504 Plan Students:  / </li><li>IEP and EL Students:  / </li></ul>                                                        <li><strong>Priority: </strong>Sibling Preference,Staff Preference,General</li><li><strong>Note: </strong>Staff Preference applies at the entry level grade only. A maximum of 2 seats can be filled through Staff Preference.</li></ul>"
610167,SEWARD,William H Seward Communication Arts Academy ES,ES,https://www.cps.edu/schools/profiles/school-overview/SEWARD,https://seward.cps.edu,41.810333,-87.668772,SEWARD-Magnet Cluster-IB Middle Years Programme,None,"<ul><li><strong>Selection Type: </strong>Random Computerized Lottery</li>                                                        <li><strong>GPA: </strong>N/A</li><li><strong>HS Admissions Exam Minimum for ELA/Math: </strong></li>                                                        <ul><li>General Education and 504 Plan Students:  / </li><li>IEP and EL Students:  / </li></ul>                                                        <li><strong>Priority: </strong>Sibling Preference,General</li></ul>"
610170,COLUMBIA EXPLORERS,Columbia Explorers Elementary Academy,ES,https://www.cps.edu/schools/profiles/school-overview/COLUMBIA-EXPLORERS,https://columbiaexplorers.org,41.811069,-87.704199,COLUMBIA EXPLORERS - Magnet Cluster - STEM,None,"<ul><li><strong>Selection Type: </strong>Random Computerized Lottery</li>                                                        <li><strong>GPA: </strong>N/A</li><li><strong>HS Admissions Exam Minimum for ELA/Math: </strong></li>                                                        <ul><li>General Education and 504 Plan Students:  / </li><li>IEP and EL Students:  / </li></ul>                                                        <li><strong>Priority: </strong>Sibling Preference,Staff Preference,General</li><li><strong>Note: </strong>Staff Preference applies at the entry level grade only. A maximum of 2 seats can be filled through Staff Preference.</li></ul>"
610171,MIRELES,Arnold Mireles Elementary Academy,ES,https://www.cps.edu/schools/profiles/school-overview/MIRELES,http://mireleselementary.org,41.731717,-87.552788,MIRELES-Magnet Cluster-World Language,None,"<ul><li><strong>Selection Type: </strong>Random Computerized Lottery</li>                                                        <li><strong>GPA: </strong>N/A</li><li><strong>HS Admissions Exam Minimum for ELA/Math: </strong></li>                                                        <ul><li>General Education and 504 Plan Students:  / </li><li>IEP and EL Students:  / </li></ul>                                                        <li><strong>Priority: </strong>Sibling Preference,Staff Preference,General</li><li><strong>Note: </strong>Staff Preference applies at the entry level grade only. A maximum of 2 seats can be filled through Staff Preference.</li></ul>"
610172,SHERMAN,William T Sherman Elementary School,ES,https://www.cps.edu/schools/profiles/school-overview/SHERMAN,https://sherman.cps.edu,41.799766,-87.650221,SHERMAN-Magnet Cluster-Personalized Learning,None,"<ul><li><strong>Selection Type: </strong>Random Computerized Lottery</li>                                                        <li><strong>GPA: </strong>N/A</li><li><strong>HS Admissions Exam Minimum for ELA/Math: </strong></li>                                                        <ul><li>General Education and 504 Plan Students:  / </li><li>IEP and EL Students:  / </li></ul>                                                        <li><strong>Priority: </strong>Sibling Preference,Staff Preference,General</li><li><strong>Note: </strong>Staff Preference applies at the entry level grade only. A maximum of 2 seats can be filled through Staff Preference.</li></ul>"
610173,SHERWOOD,Jesse Sherwood Elementary School,ES,https://www.cps.edu/schools/profiles/school-overview/SHERWOOD,https://sherwood.cps.edu,41.7908,-87.632279,SHERWOOD-Open Enrollment-General Education,None,"<ul><li><strong>Selection Type: </strong>Random Computerized Lottery</li>                                                        <li><strong>GPA: </strong>N/A</li><li><strong>HS Admissions Exam Minimum for ELA/Math: </strong></li>                                                        <ul><li>General Education and 504 Plan Students:  / </li><li>IEP and EL Students:  / </li></ul>                                                        <li><strong>Priority: </strong>Sibling Preference,Staff Preference,General</li><li><strong>Note: </strong>Staff Preference applies at the entry level grade only. A maximum of 2 seats can be filled through Staff Preference.</li></ul>"
610174,SHIELDS,James Shields Elementary School,ES,https://www.cps.edu/schools/profiles/school-overview/SHIELDS,http://shields.cps.edu,41.815909,-87.689647,SHIELDS-Open Enrollment-General Education,None,"<ul><li><strong>Selection Type: </strong>Random Computerized Lottery</li>                                                        <li><strong>GPA: </strong>N/A</li><li><strong>HS Admissions Exam Minimum for ELA/Math: </strong></li>                                                        <ul><li>General Education and 504 Plan Students:  / </li><li>IEP and EL Students:  / </li></ul>                                                        <li><strong>Priority: </strong>Sibling Preference,Staff Preference,General</li><li><strong>Note: </strong>Staff Preference applies at the entry level grade only. A maximum of 2 seats can be filled through Staff Preference.</li></ul>"
610175,SHOESMITH,Beulah Shoesmith Elementary School,ES,https://www.cps.edu/schools/profiles/school-overview/SHOESMITH,http://shoesmith.cps.edu,41.804294,-87.593905,SHOESMITH-Open Enrollment-General Education,None,"<ul><li><strong>Selection Type: </strong>Random Computerized Lottery</li>                                                        <li><strong>GPA: </strong>N/A</li><li><strong>HS Admissions Exam Minimum for ELA/Math: </strong></li>                                                        <ul><li>General Education and 504 Plan Students:  / </li><li>IEP and EL Students:  / </li></ul>                                                        <li><strong>Priority: </strong>Sibling Preference,Staff Preference,General</li><li><strong>Note: </strong>Staff Preference applies at the entry level grade only. A maximum of 2 seats can be filled through Staff Preference.</li></ul>"
610176,SHOOP,John D Shoop Math-Science Technical Academy ES,ES,https://www.cps.edu/schools/profiles/school-overview/SHOOP,https://shoop.cps.edu,41.690919,-87.658669,SHOOP-Magnet Cluster-STEM,None,"<ul><li><strong>Selection Type: </strong>Random Computerized Lottery</li>                                                        <li><strong>GPA: </strong>N/A</li><li><strong>HS Admissions Exam Minimum for ELA/Math: </strong></li>                                                        <ul><li>General Education and 504 Plan Students:  / </li><li>IEP and EL Students:  / </li></ul>                                                        <li><strong>Priority: </strong>Sibling Preference,Staff Preference,General</li><li><strong>Note: </strong>Staff Preference applies at the entry level grade only. A maximum of 2 seats can be filled through Staff Preference.</li></ul>"
610202,TILTON,George W Tilton Elementary School,ES,https://www.cps.edu/schools/profiles/school-overview/TILTON,https://tiltonstem.com,41.884102,-87.730566,TILTON-Magnet Cluster-STEM,None,"<ul><li><strong>Selection Type: </strong>Random Computerized Lottery</li>                                                        <li><strong>GPA: </strong>N/A</li><li><strong>HS Admissions Exam Minimum for ELA/Math: </strong></li>                                                        <ul><li>General Education and 504 Plan Students:  / </li><li>IEP and EL Students:  / </li></ul>                                                        <li><strong>Priority: </strong>Sibling Preference,Staff Preference,General</li><li><strong>Note: </strong>Staff Preference applies at the entry level grade only. A maximum of 2 seats can be filled through Staff Preference.</li></ul>"
610203,MONARCAS,Monarcas Academy,ES,https://www.cps.edu/schools/profiles/school-overview/MONARCAS,https://www.monarcasacademy.org/,41.787523,-87.708179,MONARCAS-Open Enrollment-General Education,None,"<ul><li><strong>Selection Type: </strong>Random Computerized Lottery</li>                                                        <li><strong>GPA: </strong>N/A</li><li><strong>HS Admissions Exam Minimum for ELA/Math: </strong></li>                                                        <ul><li>General Education and 504 Plan Students:  / </li><li>IEP and EL Students:  / </li></ul>                                                        <li><strong>Priority: </strong>Sibling Preference,Staff Preference,General</li><li><strong>Note: </strong>Staff Preference applies at the entry level grade only. A maximum of 2 seats can be filled through Staff Preference.</li></ul>"
610206,TWAIN,Mark Twain Elementary School,ES,https://www.cps.edu/schools/profiles/school-overview/TWAIN,https://twain.cps.edu,41.799046,-87.758928,TWAIN-Open Enrollment-General Education,None,"<ul><li><strong>Selection Type: </strong>Random Computerized Lottery</li>                                                        <li><strong>GPA: </strong>N/A</li><li><strong>HS Admissions Exam Minimum for ELA/Math: </strong></li>                                                        <ul><li>General Education and 504 Plan Students:  / </li><li>IEP and EL Students:  / </li></ul>                                                        <li><strong>Priority: </strong>Sibling Preference,Staff Preference,General</li><li><strong>Note: </strong>Staff Preference applies at the entry level grade only. A maximum of 2 seats can be filled through Staff Preference.</li></ul>"
610182,SOLOMON,Hannah G Solomon Elementary School,ES,https://www.cps.edu/schools/profiles/school-overview/SOLOMON,https://solomon.cps.edu,41.993942,-87.724043,SOLOMON-Open Enrollment-General Education,None,"<ul><li><strong>Selection Type: </strong>Random Computerized Lottery</li>                                                        <li><strong>GPA: </strong>N/A</li><li><strong>HS Admissions Exam Minimum for ELA/Math: </strong></li>                                                        <ul><li>General Education and 504 Plan Students:  / </li><li>IEP and EL Students:  / </li></ul>                                                        <li><strong>Priority: </strong>Sibling Preference,Staff Preference,General</li><li><strong>Note: </strong>Staff Preference applies at the entry level grade only. A maximum of 2 seats can be filled through Staff Preference.</li></ul>"
610183,SPENCER,Spencer Technology Academy,ES,https://www.cps.edu/schools/profiles/school-overview/SPENCER,https://spencertech.cps.edu,41.884876,-87.750445,SPENCER-Magnet Cluster-Technology,None,"<ul><li><strong>Selection Type: </strong>Random Computerized Lottery</li>                                                        <li><strong>GPA: </strong>N/A</li><li><strong>HS Admissions Exam Minimum for ELA/Math: </strong></li>                                                        <ul><li>General Education and 504 Plan Students:  / </li><li>IEP and EL Students:  / </li></ul>                                                        <li><strong>Priority: </strong>Sibling Preference,Staff Preference,General</li><li><strong>Note: </strong>Staff Preference applies at the entry level grade only. A maximum of 2 seats can be filled through Staff Preference.</li></ul>"
610199,COLEMON,Johnnie Colemon Elementary Academy,ES,https://www.cps.edu/schools/profiles/school-overview/COLEMON,https://colemon.cps.edu,41.677505,-87.658111,COLEMON - Open Enrollment - General Education,None,"<ul><li><strong>Selection Type: </strong>Random Computerized Lottery</li>                                                        <li><strong>GPA: </strong>N/A</li><li><strong>HS Admissions Exam Minimum for ELA/Math: </strong></li>                                                        <ul><li>General Education and 504 Plan Students:  / </li><li>IEP and EL Students:  / </li></ul>                                                        <li><strong>Priority: </strong>Sibling Preference,Staff Preference,General</li><li><strong>Note: </strong>Staff Preference applies at the entry level grade only. A maximum of 2 seats can be filled through Staff Preference.</li></ul>"
610184,SPRY ES,John Spry Elementary Community School,ES,https://www.cps.edu/schools/profiles/school-overview/SPRY-ES,http://spry.cps.edu,41.847747,-87.700184,SPRY ES-Magnet Cluster-Fine & Performing Arts,None,"<ul><li><strong>Selection Type: </strong>Random Computerized Lottery</li>                                                        <li><strong>GPA: </strong>N/A</li><li><strong>HS Admissions Exam Minimum for ELA/Math: </strong></li>                                                        <ul><li>General Education and 504 Plan Students:  / </li><li>IEP and EL Students:  / </li></ul>                                                        <li><strong>Priority: </strong>Sibling Preference,Staff Preference,General</li><li><strong>Note: </strong>Staff Preference applies at the entry level grade only. A maximum of 2 seats can be filled through Staff Preference.</li></ul>"
610184,SPRY ES,John Spry Elementary Community School,ES,https://www.cps.edu/schools/profiles/school-overview/SPRY-ES,http://spry.cps.edu,41.847747,-87.700184,SPRY ES-Open Enrollment-Dual Language,None,"<ul><li><strong>Selection Type: </strong>Random Computerized Lottery</li>                                                        <li><strong>GPA: </strong>N/A</li><li><strong>HS Admissions Exam Minimum for ELA/Math: </strong></li>                                                        <ul><li>General Education and 504 Plan Students:  / </li><li>IEP and EL Students:  / </li></ul>                                                        <li><strong>Priority: </strong>Sibling Preference,Staff Preference,General</li><li><strong>Note: </strong>Staff Preference applies at the entry level grade only. A maximum of 2 seats can be filled through Staff Preference.</li></ul>"
610185,STEVENSON,Adlai E Stevenson Elementary School,ES,https://www.cps.edu/schools/profiles/school-overview/STEVENSON,http://stevenson.cps.edu,41.747107,-87.731666,STEVENSON-Open Enrollment-General Education,None,"<ul><li><strong>Selection Type: </strong>Random Computerized Lottery</li>                                                        <li><strong>GPA: </strong>N/A</li><li><strong>HS Admissions Exam Minimum for ELA/Math: </strong></li>                                                        <ul><li>General Education and 504 Plan Students:  / </li><li>IEP and EL Students:  / </li></ul>                                                        <li><strong>Priority: </strong>Sibling Preference,Staff Preference,General</li><li><strong>Note: </strong>Staff Preference applies at the entry level grade only. A maximum of 2 seats can be filled through Staff Preference.</li></ul>"
610188,DUNNE,Dunne Technology Academy,ES,https://www.cps.edu/schools/profiles/school-overview/DUNNE,https://www.dunnestemacademy.org,41.696496,-87.639974,DUNNE-Magnet Cluster-STEM,None,"<ul><li><strong>Selection Type: </strong>Random Computerized Lottery</li>                                                        <li><strong>GPA: </strong>N/A</li><li><strong>HS Admissions Exam Minimum for ELA/Math: </strong></li>                                                        <ul><li>General Education and 504 Plan Students:  / </li><li>IEP and EL Students:  / </li></ul>                                                        <li><strong>Priority: </strong>Sibling Preference,Staff Preference,General</li><li><strong>Note: </strong>Staff Preference applies at the entry level grade only. A maximum of 2 seats can be filled through Staff Preference.</li></ul>"
610192,STOWE,Harriet Beecher Stowe Elementary School,ES,https://www.cps.edu/schools/profiles/school-overview/STOWE,https://stowe.cps.edu,41.911938,-87.713318,STOWE-Magnet Cluster-Fine & Performing Arts,None,"<ul><li><strong>Selection Type: </strong>Random Computerized Lottery</li>                                                        <li><strong>GPA: </strong>N/A</li><li><strong>HS Admissions Exam Minimum for ELA/Math: </strong></li>                                                        <ul><li>General Education and 504 Plan Students:  / </li><li>IEP and EL Students:  / </li></ul>                                                        <li><strong>Priority: </strong>Sibling Preference,Staff Preference,General</li><li><strong>Note: </strong>Staff Preference applies at the entry level grade only. A maximum of 2 seats can be filled through Staff Preference.</li></ul>"
610192,STOWE,Harriet Beecher Stowe Elementary School,ES,https://www.cps.edu/schools/profiles/school-overview/STOWE,https://stowe.cps.edu,41.911938,-87.713318,STOWE-Open Enrollment-Dual Language,None,"<ul><li><strong>Selection Type: </strong>Random Computerized Lottery</li>                                                        <li><strong>GPA: </strong>N/A</li><li><strong>HS Admissions Exam Minimum for ELA/Math: </strong></li>                                                        <ul><li>General Education and 504 Plan Students:  / </li><li>IEP and EL Students:  / </li></ul>                                                        <li><strong>Priority: </strong>Sibling Preference,Staff Preference,General</li><li><strong>Note: </strong>Staff Preference applies at the entry level grade only. A maximum of 2 seats can be filled through Staff Preference.</li></ul>"
610193,NEW SULLIVAN,William K New Sullivan Elementary School,ES,https://www.cps.edu/schools/profiles/school-overview/NEW-SULLIVAN,https://newsullivan.cps.edu,41.743829,-87.542928,NEW SULLIVAN-Magnet Cluster-Fine & Performing Arts,None,"<ul><li><strong>Selection Type: </strong>Random Computerized Lottery</li>                                                        <li><strong>GPA: </strong>N/A</li><li><strong>HS Admissions Exam Minimum for ELA/Math: </strong></li>                                                        <ul><li>General Education and 504 Plan Students:  / </li><li>IEP and EL Students:  / </li></ul>                                                        <li><strong>Priority: </strong>Sibling Preference,Staff Preference,General</li><li><strong>Note: </strong>Staff Preference applies at the entry level grade only. A maximum of 2 seats can be filled through Staff Preference.</li></ul>"
610194,SUMNER,Charles Sumner  Math & Science Community Acad ES,ES,https://www.cps.edu/schools/profiles/school-overview/SUMNER,https://sumnermsca.org,41.870828,-87.733524,SUMNER-Open Enrollment,None,"<ul><li><strong>Selection Type: </strong>Random Computerized Lottery</li>                                                        <li><strong>GPA: </strong>N/A</li><li><strong>HS Admissions Exam Minimum for ELA/Math: </strong></li>                                                        <ul><li>General Education and 504 Plan Students:  / </li><li>IEP and EL Students:  / </li></ul>                                                        <li><strong>Priority: </strong>Sibling Preference,Staff Preference,General</li><li><strong>Note: </strong>Staff Preference applies at the entry level grade only. A maximum of 2 seats can be filled through Staff Preference.</li></ul>"
610195,SUTHERLAND,Elizabeth H Sutherland Elementary School,ES,https://www.cps.edu/schools/profiles/school-overview/SUTHERLAND,https://sutherland.cps.edu,41.711445,-87.676821,SUTHERLAND-Open Enrollment-General Education,None,"<ul><li><strong>Selection Type: </strong>Random Computerized Lottery</li>                                                        <li><strong>GPA: </strong>N/A</li><li><strong>HS Admissions Exam Minimum for ELA/Math: </strong></li>                                                        <ul><li>General Education and 504 Plan Students:  / </li><li>IEP and EL Students:  / </li></ul>                                                        <li><strong>Priority: </strong>Sibling Preference,Staff Preference,General</li><li><strong>Note: </strong>Staff Preference applies at the entry level grade only. A maximum of 2 seats can be filled through Staff Preference.</li></ul>"
610195,SUTHERLAND,Elizabeth H Sutherland Elementary School,ES,https://www.cps.edu/schools/profiles/school-overview/SUTHERLAND,https://sutherland.cps.edu,41.711445,-87.676821,SUTHERLAND-Magnet Cluster-IB Middle Years Programme,None,"<ul><li><strong>Selection Type: </strong>Random Computerized Lottery</li>                                                        <li><strong>GPA: </strong>N/A</li><li><strong>HS Admissions Exam Minimum for ELA/Math: </strong></li>                                                        <ul><li>General Education and 504 Plan Students:  / </li><li>IEP and EL Students:  / </li></ul>                                                        <li><strong>Priority: </strong>Sibling Preference,General</li></ul>"
610196,SWIFT,George B Swift Elementary Specialty School,ES,https://www.cps.edu/schools/profiles/school-overview/SWIFT,https://swiftelementary.org,41.989139,-87.658296,SWIFT-Magnet Cluster-Fine & Performing Arts,None,"<ul><li><strong>Selection Type: </strong>Random Computerized Lottery</li>                                                        <li><strong>GPA: </strong>N/A</li><li><strong>HS Admissions Exam Minimum for ELA/Math: </strong></li>                                                        <ul><li>General Education and 504 Plan Students:  / </li><li>IEP and EL Students:  / </li></ul>                                                        <li><strong>Priority: </strong>Sibling Preference,Staff Preference,General</li><li><strong>Note: </strong>Staff Preference applies at the entry level grade only. A maximum of 2 seats can be filled through Staff Preference.</li></ul>"
610197,TALCOTT,Mancel Talcott Elementary School,ES,https://www.cps.edu/schools/profiles/school-overview/TALCOTT,https://talcottfama.org,41.892405,-87.673723,TALCOTT-Magnet Cluster-Fine & Performing Arts,None,"<ul><li><strong>Selection Type: </strong>Random Computerized Lottery</li>                                                        <li><strong>GPA: </strong>N/A</li><li><strong>HS Admissions Exam Minimum for ELA/Math: </strong></li>                                                        <ul><li>General Education and 504 Plan Students:  / </li><li>IEP and EL Students:  / </li></ul>                                                        <li><strong>Priority: </strong>Sibling Preference,Staff Preference,General</li><li><strong>Note: </strong>Staff Preference applies at the entry level grade only. A maximum of 2 seats can be filled through Staff Preference.</li></ul>"
610197,TALCOTT,Mancel Talcott Elementary School,ES,https://www.cps.edu/schools/profiles/school-overview/TALCOTT,https://talcottfama.org,41.892405,-87.673723,TALCOTT-Open Enrollment-Dual Language,None,"<ul><li><strong>Selection Type: </strong>Random Computerized Lottery</li>                                                        <li><strong>GPA: </strong>N/A</li><li><strong>HS Admissions Exam Minimum for ELA/Math: </strong></li>                                                        <ul><li>General Education and 504 Plan Students:  / </li><li>IEP and EL Students:  / </li></ul>                                                        <li><strong>Priority: </strong>Sibling Preference,Staff Preference,General</li><li><strong>Note: </strong>Staff Preference applies at the entry level grade only. A maximum of 2 seats can be filled through Staff Preference.</li></ul>"
610198,TAYLOR,Douglas Taylor Elementary School,ES,https://www.cps.edu/schools/profiles/school-overview/TAYLOR,http://taylor.cps.edu/,41.71547,-87.532971,TAYLOR-Open Enrollment-General Education,None,"<ul><li><strong>Selection Type: </strong>Random Computerized Lottery</li>                                                        <li><strong>GPA: </strong>N/A</li><li><strong>HS Admissions Exam Minimum for ELA/Math: </strong></li>                                                        <ul><li>General Education and 504 Plan Students:  / </li><li>IEP and EL Students:  / </li></ul>                                                        <li><strong>Priority: </strong>Sibling Preference,Staff Preference,General</li><li><strong>Note: </strong>Staff Preference applies at the entry level grade only. A maximum of 2 seats can be filled through Staff Preference.</li></ul>"
610200,THORP J,James N Thorp Elementary School,ES,https://www.cps.edu/schools/profiles/school-overview/THORP-J,https://jnthorp.org,41.733324,-87.54428,THORP J-Open Enrollment-General Education,None,"<ul><li><strong>Selection Type: </strong>Random Computerized Lottery</li>                                                        <li><strong>GPA: </strong>N/A</li><li><strong>HS Admissions Exam Minimum for ELA/Math: </strong></li>                                                        <ul><li>General Education and 504 Plan Students:  / </li><li>IEP and EL Students:  / </li></ul>                                                        <li><strong>Priority: </strong>Sibling Preference,Staff Preference,General</li><li><strong>Note: </strong>Staff Preference applies at the entry level grade only. A maximum of 2 seats can be filled through Staff Preference.</li></ul>"
610127,PETERSON,Mary Gage Peterson Elementary School,ES,https://www.cps.edu/schools/profiles/school-overview/PETERSON,http://www.peterson.cps.edu/,41.981557,-87.712583,PETERSON-Magnet Cluster-STEAM,None,"<ul><li><strong>Selection Type: </strong>Random Computerized Lottery</li>                                                        <li><strong>GPA: </strong>N/A</li><li><strong>HS Admissions Exam Minimum for ELA/Math: </strong></li>                                                        <ul><li>General Education and 504 Plan Students:  / </li><li>IEP and EL Students:  / </li></ul>                                                        <li><strong>Priority: </strong>Sibling Preference,Staff Preference,General</li><li><strong>Note: </strong>Staff Preference applies at the entry level grade only. A maximum of 2 seats can be filled through Staff Preference.</li></ul>"
610128,GARVEY,Marcus Moziah Garvey Elementary School,ES,https://www.cps.edu/schools/profiles/school-overview/GARVEY,https://garvey.cps.edu,41.706603,-87.647577,GARVEY-Open Enrollment-General Education,None,"<ul><li><strong>Selection Type: </strong>Random Computerized Lottery</li>                                                        <li><strong>GPA: </strong>N/A</li><li><strong>HS Admissions Exam Minimum for ELA/Math: </strong></li>                                                        <ul><li>General Education and 504 Plan Students:  / </li><li>IEP and EL Students:  / </li></ul>                                                        <li><strong>Priority: </strong>Sibling Preference,Staff Preference,General</li><li><strong>Note: </strong>Staff Preference applies at the entry level grade only. A maximum of 2 seats can be filled through Staff Preference.</li></ul>"
610129,PICKARD,Josiah Pickard Elementary School,ES,https://www.cps.edu/schools/profiles/school-overview/PICKARD,http://www.pickard.cps.edu,41.8529,-87.683291,PICKARD-Open Enrollment,None,"<ul><li><strong>Selection Type: </strong>Random Computerized Lottery</li>                                                        <li><strong>GPA: </strong>N/A</li><li><strong>HS Admissions Exam Minimum for ELA/Math: </strong></li>                                                        <ul><li>General Education and 504 Plan Students:  / </li><li>IEP and EL Students:  / </li></ul>                                                        <li><strong>Priority: </strong>Sibling Preference,Staff Preference,General</li><li><strong>Note: </strong>Staff Preference applies at the entry level grade only. A maximum of 2 seats can be filled through Staff Preference.</li></ul>"
610129,PICKARD,Josiah Pickard Elementary School,ES,https://www.cps.edu/schools/profiles/school-overview/PICKARD,http://www.pickard.cps.edu,41.8529,-87.683291,PICKARD-IB Middle Years Programme,None,"<ul><li><strong>Selection Type: </strong>Random Computerized Lottery</li>                                                        <li><strong>GPA: </strong>N/A</li><li><strong>HS Admissions Exam Minimum for ELA/Math: </strong></li>                                                        <ul><li>General Education and 504 Plan Students:  / </li><li>IEP and EL Students:  / </li></ul>                                                        <li><strong>Priority: </strong>Sibling Preference,General</li></ul>"
610130,PIRIE,John T Pirie Fine Arts & Academic Center ES,ES,https://www.cps.edu/schools/profiles/school-overview/PIRIE,https://pirie.cps.edu,41.74034,-87.607891,PIRIE-Magnet Cluster-Fine & Performing Arts,None,"<ul><li><strong>Selection Type: </strong>Random Computerized Lottery</li>                                                        <li><strong>GPA: </strong>N/A</li><li><strong>HS Admissions Exam Minimum for ELA/Math: </strong></li>                                                        <ul><li>General Education and 504 Plan Students:  / </li><li>IEP and EL Students:  / </li></ul>                                                        <li><strong>Priority: </strong>Sibling Preference,Staff Preference,General</li><li><strong>Note: </strong>Staff Preference applies at the entry level grade only. A maximum of 2 seats can be filled through Staff Preference.</li></ul>"
610131,PLAMONDON,Ambrose Plamondon Elementary School,ES,https://www.cps.edu/schools/profiles/school-overview/PLAMONDON,https://sites.google.com/cps.edu/plamondonpantherforparents/home,41.860259,-87.692526,PLAMONDON-Magnet Cluster-STEM,None,"<ul><li><strong>Selection Type: </strong>Random Computerized Lottery</li>                                                        <li><strong>GPA: </strong>N/A</li><li><strong>HS Admissions Exam Minimum for ELA/Math: </strong></li>                                                        <ul><li>General Education and 504 Plan Students:  / </li><li>IEP and EL Students:  / </li></ul>                                                        <li><strong>Priority: </strong>Sibling Preference,Staff Preference,General</li><li><strong>Note: </strong>Staff Preference applies at the entry level grade only. A maximum of 2 seats can be filled through Staff Preference.</li></ul>"
610178,SCHMID,Theophilus Schmid Elementary School,ES,https://www.cps.edu/schools/profiles/school-overview/SCHMID,https://schmidchargers.org,41.716989,-87.596932,SCHMID-Open Enrollment-General Education,None,"<ul><li><strong>Selection Type: </strong>Random Computerized Lottery</li>                                                        <li><strong>GPA: </strong>N/A</li><li><strong>HS Admissions Exam Minimum for ELA/Math: </strong></li>                                                        <ul><li>General Education and 504 Plan Students:  / </li><li>IEP and EL Students:  / </li></ul>                                                        <li><strong>Priority: </strong>Sibling Preference,Staff Preference,General</li><li><strong>Note: </strong>Staff Preference applies at the entry level grade only. A maximum of 2 seats can be filled through Staff Preference.</li></ul>"
610179,SMYSER,Washington D Smyser Elementary School,ES,https://www.cps.edu/schools/profiles/school-overview/SMYSER,https://smyser.org,41.958868,-87.781975,SMYSER-Open Enrollment-General Education,None,"<ul><li><strong>Selection Type: </strong>Random Computerized Lottery</li>                                                        <li><strong>GPA: </strong>N/A</li><li><strong>HS Admissions Exam Minimum for ELA/Math: </strong></li>                                                        <ul><li>General Education and 504 Plan Students:  / </li><li>IEP and EL Students:  / </li></ul>                                                        <li><strong>Priority: </strong>Sibling Preference,Staff Preference,General</li><li><strong>Note: </strong>Staff Preference applies at the entry level grade only. A maximum of 2 seats can be filled through Staff Preference.</li></ul>"
610111,PALMER,John Palmer Elementary School,ES,https://www.cps.edu/schools/profiles/school-overview/PALMER,https://palmerpride.org,41.973289,-87.739213,PALMER-Open Enrollment-General Education,None,"<ul><li><strong>Selection Type: </strong>Random Computerized Lottery</li>                                                        <li><strong>GPA: </strong>N/A</li><li><strong>HS Admissions Exam Minimum for ELA/Math: </strong></li>                                                        <ul><li>General Education and 504 Plan Students:  / </li><li>IEP and EL Students:  / </li></ul>                                                        <li><strong>Priority: </strong>Sibling Preference,Staff Preference,General</li><li><strong>Note: </strong>Staff Preference applies at the entry level grade only. A maximum of 2 seats can be filled through Staff Preference.</li></ul>"
610112,PARKER,Francis W Parker Elementary Community Academy,ES,https://www.cps.edu/schools/profiles/school-overview/PARKER,https://parker.cps.edu,41.77078,-87.634086,PARKER-Open Enrollment-General Education,None,"<ul><li><strong>Selection Type: </strong>Random Computerized Lottery</li>                                                        <li><strong>GPA: </strong>N/A</li><li><strong>HS Admissions Exam Minimum for ELA/Math: </strong></li>                                                        <ul><li>General Education and 504 Plan Students:  / </li><li>IEP and EL Students:  / </li></ul>                                                        <li><strong>Priority: </strong>Sibling Preference,Staff Preference,General</li><li><strong>Note: </strong>Staff Preference applies at the entry level grade only. A maximum of 2 seats can be filled through Staff Preference.</li></ul>"
610115,PARK MANOR,Park Manor Elementary School,ES,https://www.cps.edu/schools/profiles/school-overview/PARK-MANOR,https://www.parkmanor.cps.edu,41.766477,-87.611546,PARK MANOR-Open Enrollment-General Education,None,"<ul><li><strong>Selection Type: </strong>Random Computerized Lottery</li>                                                        <li><strong>GPA: </strong>N/A</li><li><strong>HS Admissions Exam Minimum for ELA/Math: </strong></li>                                                        <ul><li>General Education and 504 Plan Students:  / </li><li>IEP and EL Students:  / </li></ul>                                                        <li><strong>Priority: </strong>Sibling Preference,Staff Preference,General</li><li><strong>Note: </strong>Staff Preference applies at the entry level grade only. A maximum of 2 seats can be filled through Staff Preference.</li></ul>"
610116,PARKSIDE,Parkside Elementary Community Academy,ES,https://www.cps.edu/schools/profiles/school-overview/PARKSIDE,https://parksideacademy.org,41.768555,-87.582954,PARKSIDE-Magnet Cluster-STEAM,None,"<ul><li><strong>Selection Type: </strong>Random Computerized Lottery</li>                                                        <li><strong>GPA: </strong>N/A</li><li><strong>HS Admissions Exam Minimum for ELA/Math: </strong></li>                                                        <ul><li>General Education and 504 Plan Students:  / </li><li>IEP and EL Students:  / </li></ul>                                                        <li><strong>Priority: </strong>Sibling Preference,Staff Preference,General</li><li><strong>Note: </strong>Staff Preference applies at the entry level grade only. A maximum of 2 seats can be filled through Staff Preference.</li></ul>"
610117,PASTEUR,Louis Pasteur Elementary School,ES,https://www.cps.edu/schools/profiles/school-overview/PASTEUR,http://pasteur.cps.edu,41.786895,-87.732666,PASTEUR-Open Enrollment-General Education,None,"<ul><li><strong>Selection Type: </strong>Random Computerized Lottery</li>                                                        <li><strong>GPA: </strong>N/A</li><li><strong>HS Admissions Exam Minimum for ELA/Math: </strong></li>                                                        <ul><li>General Education and 504 Plan Students:  / </li><li>IEP and EL Students:  / </li></ul>                                                        <li><strong>Priority: </strong>Sibling Preference,Staff Preference,General</li><li><strong>Note: </strong>Staff Preference applies at the entry level grade only. A maximum of 2 seats can be filled through Staff Preference.</li></ul>"
610120,PECK,Ferdinand Peck Elementary School,ES,https://www.cps.edu/schools/profiles/school-overview/PECK,https://peckelementary.org,41.787899,-87.719216,PECK-Magnet Cluster-STEM,None,"<ul><li><strong>Selection Type: </strong>Random Computerized Lottery</li>                                                        <li><strong>GPA: </strong>N/A</li><li><strong>HS Admissions Exam Minimum for ELA/Math: </strong></li>                                                        <ul><li>General Education and 504 Plan Students:  / </li><li>IEP and EL Students:  / </li></ul>                                                        <li><strong>Priority: </strong>Sibling Preference,Staff Preference,General</li><li><strong>Note: </strong>Staff Preference applies at the entry level grade only. A maximum of 2 seats can be filled through Staff Preference.</li></ul>"
610123,PENN,William Penn Elementary School,ES,https://www.cps.edu/schools/profiles/school-overview/PENN,https://penn.cps.edu,41.858372,-87.722386,PENN-Open Enrollment-General Education,None,"<ul><li><strong>Selection Type: </strong>Random Computerized Lottery</li>                                                        <li><strong>GPA: </strong>N/A</li><li><strong>HS Admissions Exam Minimum for ELA/Math: </strong></li>                                                        <ul><li>General Education and 504 Plan Students:  / </li><li>IEP and EL Students:  / </li></ul>                                                        <li><strong>Priority: </strong>Sibling Preference,Staff Preference,General</li><li><strong>Note: </strong>Staff Preference applies at the entry level grade only. A maximum of 2 seats can be filled through Staff Preference.</li></ul>"
610124,WASHINGTON H ES,Harold Washington Elementary School,ES,https://www.cps.edu/schools/profiles/school-overview/WASHINGTON-H-ES,https://www.hwespacers.org,41.728534,-87.596257,WASHINGTON H ES-Magnet Cluster-Fine & Performing Arts,None,"<ul><li><strong>Selection Type: </strong>Random Computerized Lottery</li>                                                        <li><strong>GPA: </strong>N/A</li><li><strong>HS Admissions Exam Minimum for ELA/Math: </strong></li>                                                        <ul><li>General Education and 504 Plan Students:  / </li><li>IEP and EL Students:  / </li></ul>                                                        <li><strong>Priority: </strong>Sibling Preference,Staff Preference,General</li><li><strong>Note: </strong>Staff Preference applies at the entry level grade only. A maximum of 2 seats can be filled through Staff Preference.</li></ul>"
610125,RUIZ,Irma C Ruiz Elementary School,ES,https://www.cps.edu/schools/profiles/school-overview/RUIZ,https://ruizelementaryschool.org,41.848101,-87.680745,RUIZ-Magnet Cluster-Fine & Performing Arts,None,"<ul><li><strong>Selection Type: </strong>Random Computerized Lottery</li>                                                        <li><strong>GPA: </strong>N/A</li><li><strong>HS Admissions Exam Minimum for ELA/Math: </strong></li>                                                        <ul><li>General Education and 504 Plan Students:  / </li><li>IEP and EL Students:  / </li></ul>                                                        <li><strong>Priority: </strong>Sibling Preference,Staff Preference,General</li><li><strong>Note: </strong>Staff Preference applies at the entry level grade only. A maximum of 2 seats can be filled through Staff Preference.</li></ul>"
609782,AUDUBON,John J Audubon Elementary School,ES,https://www.cps.edu/schools/profiles/school-overview/AUDUBON,https://audubonelementary.org,41.945062,-87.681041,AUDUBON - Magnet Cluster - Technology,None,"<ul><li><strong>Selection Type: </strong>Random Computerized Lottery</li>                                                        <li><strong>GPA: </strong>N/A</li><li><strong>HS Admissions Exam Minimum for ELA/Math: </strong></li>                                                        <ul><li>General Education and 504 Plan Students:  / </li><li>IEP and EL Students:  / </li></ul>                                                        <li><strong>Priority: </strong>Sibling Preference,Staff Preference,General</li><li><strong>Note: </strong>Staff Preference applies at the entry level grade only. A maximum of 2 seats can be filled through Staff Preference.</li></ul>"
609786,AVALON PARK,Avalon Park Elementary School,ES,https://www.cps.edu/schools/profiles/school-overview/AVALON-PARK,https://avalonparkarts.org/,41.748247,-87.591654,AVALON PARK - Magnet Cluster - Fine & Performing Arts,None,"<ul><li><strong>Selection Type: </strong>Random Computerized Lottery</li>                                                        <li><strong>GPA: </strong>N/A</li><li><strong>HS Admissions Exam Minimum for ELA/Math: </strong></li>                                                        <ul><li>General Education and 504 Plan Students:  / </li><li>IEP and EL Students:  / </li></ul>                                                        <li><strong>Priority: </strong>Sibling Preference,Staff Preference,General</li><li><strong>Note: </strong>Staff Preference applies at the entry level grade only. A maximum of 2 seats can be filled through Staff Preference.</li></ul>"
609788,BARNARD,Alice L Barnard Computer Math & Science Ctr ES,ES,https://www.cps.edu/schools/profiles/school-overview/BARNARD,https://barnard.cps.edu,41.705131,-87.658074,BARNARD - Open Enrollment - General Education,None,"<ul><li><strong>Selection Type: </strong>Random Computerized Lottery</li>                                                        <li><strong>GPA: </strong>N/A</li><li><strong>HS Admissions Exam Minimum for ELA/Math: </strong></li>                                                        <ul><li>General Education and 504 Plan Students:  / </li><li>IEP and EL Students:  / </li></ul>                                                        <li><strong>Priority: </strong>Sibling Preference,Staff Preference,General</li><li><strong>Note: </strong>Staff Preference applies at the entry level grade (kindergarten) only. A maximum of 2 seats can be filled through Staff Preference.</li></ul>"
609788,BARNARD,Alice L Barnard Computer Math & Science Ctr ES,ES,https://www.cps.edu/schools/profiles/school-overview/BARNARD,https://barnard.cps.edu,41.705131,-87.658074,BARNARD - Magnet Cluster - IB Middle Years Programme,None,"<ul><li><strong>Selection Type: </strong>Random Computerized Lottery</li>                                                        <li><strong>GPA: </strong>N/A</li><li><strong>HS Admissions Exam Minimum for ELA/Math: </strong></li>                                                        <ul><li>General Education and 504 Plan Students:  / </li><li>IEP and EL Students:  / </li></ul>                                                        <li><strong>Priority: </strong>Sibling Preference,General</li></ul>"
609789,BARRY,John Barry Elementary School,ES,https://www.cps.edu/schools/profiles/school-overview/BARRY,https://barry.cps.edu,41.932511,-87.739388,BARRY - Open Enrollment - General Education,None,"<ul><li><strong>Selection Type: </strong>Random Computerized Lottery</li>                                                        <li><strong>GPA: </strong>N/A</li><li><strong>HS Admissions Exam Minimum for ELA/Math: </strong></li>                                                        <ul><li>General Education and 504 Plan Students:  / </li><li>IEP and EL Students:  / </li></ul>                                                        <li><strong>Priority: </strong>Sibling Preference,Staff Preference,General</li><li><strong>Note: </strong>Staff Preference applies at the entry level grade (kindergarten) only. A maximum of 2 seats can be filled through Staff Preference.</li></ul>"
609789,BARRY,John Barry Elementary School,ES,https://www.cps.edu/schools/profiles/school-overview/BARRY,https://barry.cps.edu,41.932511,-87.739388,BARRY - Open Enrollment - Dual Language,None,"<ul><li><strong>Selection Type: </strong>Random Computerized Lottery</li>                                                        <li><strong>GPA: </strong>N/A</li><li><strong>HS Admissions Exam Minimum for ELA/Math: </strong></li>                                                        <ul><li>General Education and 504 Plan Students:  / </li><li>IEP and EL Students:  / </li></ul>                                                        <li><strong>Priority: </strong>Sibling Preference,Staff Preference,General</li><li><strong>Note: </strong>Staff Preference applies at the entry level grade only. A maximum of 2 seats can be filled through Staff Preference.</li></ul>"
609790,BARTON,Clara Barton Elementary School,ES,https://www.cps.edu/schools/profiles/school-overview/BARTON,https://bartonschoolchicago.org,41.754194,-87.670927,BARTON - Open Enrollment - General Education,None,"<ul><li><strong>Selection Type: </strong>Random Computerized Lottery</li>                                                        <li><strong>GPA: </strong>N/A</li><li><strong>HS Admissions Exam Minimum for ELA/Math: </strong></li>                                                        <ul><li>General Education and 504 Plan Students:  / </li><li>IEP and EL Students:  / </li></ul>                                                        <li><strong>Priority: </strong>Sibling Preference,Staff Preference,General</li><li><strong>Note: </strong>Staff Preference applies at the entry level grade (kindergarten) only. A maximum of 2 seats can be filled through Staff Preference.</li></ul>"
609791,BASS,Perkins Bass Elementary School,ES,https://www.cps.edu/schools/profiles/school-overview/BASS,https://perkinsbasselementary.org/,41.774246,-87.653532,"BASS - Magnet Cluster - Fine & Performing Arts, Personalized Learning",None,"<ul><li><strong>Selection Type: </strong>Random Computerized Lottery</li>                                                        <li><strong>GPA: </strong>N/A</li><li><strong>HS Admissions Exam Minimum for ELA/Math: </strong></li>                                                        <ul><li>General Education and 504 Plan Students:  / </li><li>IEP and EL Students:  / </li></ul>                                                        <li><strong>Priority: </strong>Sibling Preference,Staff Preference,General</li><li><strong>Note: </strong>Staff Preference applies at the entry level grade only. A maximum of 2 seats can be filled through Staff Preference.</li></ul>"
609792,BATEMAN,Newton Bateman Elementary School,ES,https://www.cps.edu/schools/profiles/school-overview/BATEMAN,http://bateman.cps.edu,41.95822,-87.702151,BATEMAN - Open Enrollment - General Education,None,"<ul><li><strong>Selection Type: </strong>Random Computerized Lottery</li>                                                        <li><strong>GPA: </strong>N/A</li><li><strong>HS Admissions Exam Minimum for ELA/Math: </strong></li>                                                        <ul><li>General Education and 504 Plan Students:  / </li><li>IEP and EL Students:  / </li></ul>                                                        <li><strong>Priority: </strong>Sibling Preference,Staff Preference,General</li><li><strong>Note: </strong>Staff Preference applies at the entry level grade (kindergarten) only. A maximum of 2 seats can be filled through Staff Preference.</li></ul>"
609792,BATEMAN,Newton Bateman Elementary School,ES,https://www.cps.edu/schools/profiles/school-overview/BATEMAN,http://bateman.cps.edu,41.95822,-87.702151,BATEMAN - Open Enrollment - Dual Language,None,"<ul><li><strong>Selection Type: </strong>Random Computerized Lottery</li>                                                        <li><strong>GPA: </strong>N/A</li><li><strong>HS Admissions Exam Minimum for ELA/Math: </strong></li>                                                        <ul><li>General Education and 504 Plan Students:  / </li><li>IEP and EL Students:  / </li></ul>                                                        <li><strong>Priority: </strong>Sibling Preference,Staff Preference,General</li><li><strong>Note: </strong>Staff Preference applies at the entry level grade only. A maximum of 2 seats can be filled through Staff Preference.</li></ul>"
609793,NICHOLSON,Lillian R. Nicholson STEM Academy,ES,https://www.cps.edu/schools/profiles/school-overview/NICHOLSON,https://www.nicholsonstemacademy.org,41.784942,-87.647453,NICHOLSON-Magnet Cluster-STEM,None,"<ul><li><strong>Selection Type: </strong>Random Computerized Lottery</li>                                                        <li><strong>GPA: </strong>N/A</li><li><strong>HS Admissions Exam Minimum for ELA/Math: </strong></li>                                                        <ul><li>General Education and 504 Plan Students:  / </li><li>IEP and EL Students:  / </li></ul>                                                        <li><strong>Priority: </strong>Sibling Preference,Staff Preference,General</li><li><strong>Note: </strong>Staff Preference applies at the entry level grade only. A maximum of 2 seats can be filled through Staff Preference.</li></ul>"
609795,CLARK ES,George Rogers Clark Elementary School,ES,https://www.cps.edu/schools/profiles/school-overview/CLARK-ES,https://georgerogersclarkes.org,41.867813,-87.770418,CLARK ES - Magnet Cluster - Fine & Performing Arts,None,"<ul><li><strong>Selection Type: </strong>Random Computerized Lottery</li>                                                        <li><strong>GPA: </strong>N/A</li><li><strong>HS Admissions Exam Minimum for ELA/Math: </strong></li>                                                        <ul><li>General Education and 504 Plan Students:  / </li><li>IEP and EL Students:  / </li></ul>                                                        <li><strong>Priority: </strong>Sibling Preference,Staff Preference,General</li><li><strong>Note: </strong>Staff Preference applies at the entry level grade only. A maximum of 2 seats can be filled through Staff Preference.</li></ul>"
609797,BEIDLER,Jacob Beidler Elementary School,ES,https://www.cps.edu/schools/profiles/school-overview/BEIDLER,https://www.beidlerschool.org/,41.885321,-87.705855,BEIDLER - Open Enrollment - General Education,None,"<ul><li><strong>Selection Type: </strong>Random Computerized Lottery</li>                                                        <li><strong>GPA: </strong>N/A</li><li><strong>HS Admissions Exam Minimum for ELA/Math: </strong></li>                                                        <ul><li>General Education and 504 Plan Students:  / </li><li>IEP and EL Students:  / </li></ul>                                                        <li><strong>Priority: </strong>Sibling Preference,Staff Preference,General</li><li><strong>Note: </strong>Staff Preference applies at the entry level grade (kindergarten) only. A maximum of 2 seats can be filled through Staff Preference.</li></ul>"
609800,BENNETT,Frank I Bennett Elementary School,ES,https://www.cps.edu/schools/profiles/school-overview/BENNETT,https://bennettschool.org,41.710435,-87.61739,BENNETT - Open Enrollment - General Education,None,"<ul><li><strong>Selection Type: </strong>Random Computerized Lottery</li>                                                        <li><strong>GPA: </strong>N/A</li><li><strong>HS Admissions Exam Minimum for ELA/Math: </strong></li>                                                        <ul><li>General Education and 504 Plan Students:  / </li><li>IEP and EL Students:  / </li></ul>                                                        <li><strong>Priority: </strong>Sibling Preference,Staff Preference,General</li><li><strong>Note: </strong>Staff Preference applies at the entry level grade (kindergarten) only. A maximum of 2 seats can be filled through Staff Preference.</li></ul>"
609798,BELDING,Hiram H Belding Elementary School,ES,https://www.cps.edu/schools/profiles/school-overview/BELDING,https://beldingelementary.com,41.958938,-87.73402,BELDING - Open Enrollment - General Education,None,"<ul><li><strong>Selection Type: </strong>Random Computerized Lottery</li>                                                        <li><strong>GPA: </strong>N/A</li><li><strong>HS Admissions Exam Minimum for ELA/Math: </strong></li>                                                        <ul><li>General Education and 504 Plan Students:  / </li><li>IEP and EL Students:  / </li></ul>                                                        <li><strong>Priority: </strong>Sibling Preference,Staff Preference,General</li><li><strong>Note: </strong>Staff Preference applies at the entry level grade (kindergarten) only. A maximum of 2 seats can be filled through Staff Preference.</li></ul>"
609798,BELDING,Hiram H Belding Elementary School,ES,https://www.cps.edu/schools/profiles/school-overview/BELDING,https://beldingelementary.com,41.958938,-87.73402,BELDING - Magnet Cluster - IB Middle Years Programme,,"<ul><li><strong>Selection Type: </strong>Random Computerized Lottery</li>                                                        <li><strong>GPA: </strong>N/A</li><li><strong>HS Admissions Exam Minimum for ELA/Math: </strong></li>                                                        <ul><li>General Education and 504 Plan Students:  / </li><li>IEP and EL Students:  / </li></ul>                                                        <li><strong>Priority: </strong>Sibling Preference,General</li></ul>"
609774,ALCOTT ES,Louisa May Alcott College Preparatory ES,ES,https://www.cps.edu/schools/profiles/school-overview/ALCOTT-ES,https://alcottelementary.net,41.92985,-87.646413,ALCOTT ES - Open Enrollment - General Education,None,"<ul><li><strong>Selection Type: </strong>Random Computerized Lottery</li>                                                        <li><strong>GPA: </strong>N/A</li><li><strong>HS Admissions Exam Minimum for ELA/Math: </strong></li>                                                        <ul><li>General Education and 504 Plan Students:  / </li><li>IEP and EL Students:  / </li></ul>                                                        <li><strong>Priority: </strong>Sibling Preference,Staff Preference,General</li><li><strong>Note: </strong>Staff Preference applies at the entry level grade (kindergarten) only. A maximum of 2 seats can be filled through Staff Preference.</li></ul>"
609772,ADDAMS,Jane Addams Elementary School,ES,https://www.cps.edu/schools/profiles/school-overview/ADDAMS,https://addamses.enschool.org/,41.698739,-87.532976,ADDAMS - Magnet Cluster - Personalized Learning,None,"<ul><li><strong>Selection Type: </strong>Random Computerized Lottery</li>                                                        <li><strong>GPA: </strong>N/A</li><li><strong>HS Admissions Exam Minimum for ELA/Math: </strong></li>                                                        <ul><li>General Education and 504 Plan Students:  / </li><li>IEP and EL Students:  / </li></ul>                                                        <li><strong>Priority: </strong>Sibling Preference,Staff Preference,General</li><li><strong>Note: </strong>Staff Preference applies at the entry level grade only. A maximum of 2 seats can be filled through Staff Preference.</li></ul>"
609773,TUBMAN,Harriet Tubman Elementary School,ES,https://www.cps.edu/schools/profiles/school-overview/TUBMAN,https://tubmanelementarycps.org/,41.934126,-87.656229,"TUBMAN-Magnet Cluster-Fine & Performing Arts, IB Primary Years Programme",None,"<ul><li><strong>Selection Type: </strong>Random Computerized Lottery</li>                                                        <li><strong>GPA: </strong>N/A</li><li><strong>HS Admissions Exam Minimum for ELA/Math: </strong></li>                                                        <ul><li>General Education and 504 Plan Students:  / </li><li>IEP and EL Students:  / </li></ul>                                                        <li><strong>Priority: </strong>Sibling Preference,Staff Preference,General</li><li><strong>Note: </strong>Staff Preference applies at the entry level grade only. A maximum of 2 seats can be filled through Staff Preference.</li></ul>"
609773,TUBMAN,Harriet Tubman Elementary School,ES,https://www.cps.edu/schools/profiles/school-overview/TUBMAN,https://tubmanelementarycps.org/,41.934126,-87.656229,"TUBMAN-Magnet Cluster-Fine & Performing Arts, IB Middle Years Programme",None,"<ul><li><strong>Selection Type: </strong>Random Computerized Lottery</li>                                                        <li><strong>GPA: </strong>N/A</li><li><strong>HS Admissions Exam Minimum for ELA/Math: </strong></li>                                                        <ul><li>General Education and 504 Plan Students:  / </li><li>IEP and EL Students:  / </li></ul>                                                        <li><strong>Priority: </strong>Sibling Preference,General</li></ul>"
609777,ARMOUR,Phillip D Armour Elementary School,ES,https://www.cps.edu/schools/profiles/school-overview/ARMOUR,https://armourelementary.org/,41.833854,-87.650653,ARMOUR - Magnet Cluster - STEM,None,"<ul><li><strong>Selection Type: </strong>Random Computerized Lottery</li>                                                        <li><strong>GPA: </strong>N/A</li><li><strong>HS Admissions Exam Minimum for ELA/Math: </strong></li>                                                        <ul><li>General Education and 504 Plan Students:  / </li><li>IEP and EL Students:  / </li></ul>                                                        <li><strong>Priority: </strong>Sibling Preference,Staff Preference,General</li><li><strong>Note: </strong>Staff Preference applies at the entry level grade only. A maximum of 2 seats can be filled through Staff Preference.</li></ul>"
609779,ARMSTRONG G,George Armstrong International Studies ES,ES,https://www.cps.edu/schools/profiles/school-overview/ARMSTRONG-G,https://georgearmstrongelementary.org,42.01015,-87.684442,ARMSTRONG G - Open Enrollment - General Education,None,"<ul><li><strong>Selection Type: </strong>Random Computerized Lottery</li>                                                        <li><strong>GPA: </strong>N/A</li><li><strong>HS Admissions Exam Minimum for ELA/Math: </strong></li>                                                        <ul><li>General Education and 504 Plan Students:  / </li><li>IEP and EL Students:  / </li></ul>                                                        <li><strong>Priority: </strong>Sibling Preference,Staff Preference,General</li><li><strong>Note: </strong>Staff Preference applies at the entry level grade (kindergarten) only. A maximum of 2 seats can be filled through Staff Preference.</li></ul>"
609828,BURR,Jonathan Burr Elementary School,ES,https://www.cps.edu/schools/profiles/school-overview/BURR,https://burrschool.org,41.912358,-87.668661,"BURR - Magnet Cluster - World Language, Personalized Learning",None,"<ul><li><strong>Selection Type: </strong>Random Computerized Lottery</li>                                                        <li><strong>GPA: </strong>N/A</li><li><strong>HS Admissions Exam Minimum for ELA/Math: </strong></li>                                                        <ul><li>General Education and 504 Plan Students:  / </li><li>IEP and EL Students:  / </li></ul>                                                        <li><strong>Priority: </strong>Sibling Preference,Staff Preference,General</li><li><strong>Note: </strong>Staff Preference applies at the entry level grade only. A maximum of 2 seats can be filled through Staff Preference.World Language offered = Japanese</li></ul>"
609829,BURROUGHS,John C Burroughs Elementary School,ES,https://www.cps.edu/schools/profiles/school-overview/BURROUGHS,http://burroughs.cps.edu,41.828868,-87.692457,BURROUGHS - Open Enrollment - General Education,None,"<ul><li><strong>Selection Type: </strong>Random Computerized Lottery</li>                                                        <li><strong>GPA: </strong>N/A</li><li><strong>HS Admissions Exam Minimum for ELA/Math: </strong></li>                                                        <ul><li>General Education and 504 Plan Students:  / </li><li>IEP and EL Students:  / </li></ul>                                                        <li><strong>Priority: </strong>Sibling Preference,Staff Preference,General</li><li><strong>Note: </strong>Staff Preference applies at the entry level grade only. A maximum of 2 seats can be filled through Staff Preference.</li></ul>"
609830,BRUNSON,Milton Brunson Math & Science Specialty ES ,ES,https://www.cps.edu/schools/profiles/school-overview/BRUNSON,https://brunsonbulldogs.org,41.897663,-87.765606,"BRUNSON - Magnet Cluster - Technology, Personalized Learning",None,"<ul><li><strong>Selection Type: </strong>Random Computerized Lottery</li>                                                        <li><strong>GPA: </strong>N/A</li><li><strong>HS Admissions Exam Minimum for ELA/Math: </strong></li>                                                        <ul><li>General Education and 504 Plan Students:  / </li><li>IEP and EL Students:  / </li></ul>                                                        <li><strong>Priority: </strong>Sibling Preference,Staff Preference,General</li><li><strong>Note: </strong>Staff Preference applies at the entry level grade only. A maximum of 2 seats can be filled through Staff Preference.</li></ul>"
609832,BYRNE,Michael M Byrne Elementary School,ES,https://www.cps.edu/schools/profiles/school-overview/BYRNE,https://byrnecps.org,41.795031,-87.791544,BYRNE - Open Enrollment - General Education,None,"<ul><li><strong>Selection Type: </strong>Random Computerized Lottery</li>                                                        <li><strong>GPA: </strong>N/A</li><li><strong>HS Admissions Exam Minimum for ELA/Math: </strong></li>                                                        <ul><li>General Education and 504 Plan Students:  / </li><li>IEP and EL Students:  / </li></ul>                                                        <li><strong>Priority: </strong>Sibling Preference,Staff Preference,General</li><li><strong>Note: </strong>Staff Preference applies at the entry level grade only. A maximum of 2 seats can be filled through Staff Preference.</li></ul>"
609832,BYRNE,Michael M Byrne Elementary School,ES,https://www.cps.edu/schools/profiles/school-overview/BYRNE,https://byrnecps.org,41.795031,-87.791544,BYRNE - Magnet Cluster - IB Middle Years Programme,None,"<ul><li><strong>Selection Type: </strong>Random Computerized Lottery</li>                                                        <li><strong>GPA: </strong>N/A</li><li><strong>HS Admissions Exam Minimum for ELA/Math: </strong></li>                                                        <ul><li>General Education and 504 Plan Students:  / </li><li>IEP and EL Students:  / </li></ul>                                                        <li><strong>Priority: </strong>Sibling Preference,General</li></ul>"
609833,DAISY BATES,Daisy Bates Academy of Social Justice,ES,https://www.cps.edu/schools/profiles/school-overview/DAISY-BATES,https://daisybatesacademy.org,41.739226,-87.580729,DAISY BATES - Open Enrollment - General Education,None,"<ul><li><strong>Selection Type: </strong>Random Computerized Lottery</li>                                                        <li><strong>GPA: </strong>N/A</li><li><strong>HS Admissions Exam Minimum for ELA/Math: </strong></li>                                                        <ul><li>General Education and 504 Plan Students:  / </li><li>IEP and EL Students:  / </li></ul>                                                        <li><strong>Priority: </strong>Sibling Preference,Staff Preference,General</li><li><strong>Note: </strong>Staff Preference applies at the entry level grade only. A maximum of 2 seats can be filled through Staff Preference.</li></ul>"
609834,LITTLE VILLAGE,Little Village Elementary School,ES,https://www.cps.edu/schools/profiles/school-overview/LITTLE-VILLAGE,https://lva.cps.edu,41.843698,-87.717319,LITTLE VILLAGE-Open Enrollment-General Education,None,"<ul><li><strong>Selection Type: </strong>Random Computerized Lottery</li>                                                        <li><strong>GPA: </strong>N/A</li><li><strong>HS Admissions Exam Minimum for ELA/Math: </strong></li>                                                        <ul><li>General Education and 504 Plan Students:  / </li><li>IEP and EL Students:  / </li></ul>                                                        <li><strong>Priority: </strong>Sibling Preference,Staff Preference,General</li><li><strong>Note: </strong>Staff Preference applies at the entry level grade only. A maximum of 2 seats can be filled through Staff Preference.</li></ul>"
609834,LITTLE VILLAGE,Little Village Elementary School,ES,https://www.cps.edu/schools/profiles/school-overview/LITTLE-VILLAGE,https://lva.cps.edu,41.843698,-87.717319,LITTLE VILLAGE-Magnet Cluster-IB Middle Years Programme,,"<ul><li><strong>Selection Type: </strong>Random Computerized Lottery</li>                                                        <li><strong>GPA: </strong>N/A</li><li><strong>HS Admissions Exam Minimum for ELA/Math: </strong></li>                                                        <ul><li>General Education and 504 Plan Students:  / </li><li>IEP and EL Students:  / </li></ul>                                                        <li><strong>Priority: </strong>Sibling Preference,General</li></ul>"
609835,CAMERON,Daniel R Cameron Elementary School,ES,https://www.cps.edu/schools/profiles/school-overview/CAMERON,https://www.cameronmsa.com/,41.903792,-87.717927,CAMERON - Magnet Cluster - Fine & Performing Arts,None,"<ul><li><strong>Selection Type: </strong>Random Computerized Lottery</li>                                                        <li><strong>GPA: </strong>N/A</li><li><strong>HS Admissions Exam Minimum for ELA/Math: </strong></li>                                                        <ul><li>General Education and 504 Plan Students:  / </li><li>IEP and EL Students:  / </li></ul>                                                        <li><strong>Priority: </strong>Sibling Preference,Staff Preference,General</li><li><strong>Note: </strong>Staff Preference applies at the entry level grade only. A maximum of 2 seats can be filled through Staff Preference.</li></ul>"
609836,CANTY,Arthur E Canty Elementary School,ES,https://www.cps.edu/schools/profiles/school-overview/CANTY,https://www.cantyschool.org,41.948007,-87.829296,CANTY - Magnet Cluster - Fine & Performing Arts,None,"<ul><li><strong>Selection Type: </strong>Random Computerized Lottery</li>                                                        <li><strong>GPA: </strong>N/A</li><li><strong>HS Admissions Exam Minimum for ELA/Math: </strong></li>                                                        <ul><li>General Education and 504 Plan Students:  / </li><li>IEP and EL Students:  / </li></ul>                                                        <li><strong>Priority: </strong>Sibling Preference,Staff Preference,General</li><li><strong>Note: </strong>Staff Preference applies at the entry level grade only. A maximum of 2 seats can be filled through Staff Preference.</li></ul>"
609867,COOPER,Peter Cooper Elementary Dual Language Academy,ES,https://www.cps.edu/schools/profiles/school-overview/COOPER,http://cooper.cps.edu,41.856031,-87.667227,COOPER	 - Open Enrollment - General Education,None,"<ul><li><strong>Selection Type: </strong>Random Computerized Lottery</li>                                                        <li><strong>GPA: </strong>N/A</li><li><strong>HS Admissions Exam Minimum for ELA/Math: </strong></li>                                                        <ul><li>General Education and 504 Plan Students:  / </li><li>IEP and EL Students:  / </li></ul>                                                        <li><strong>Priority: </strong>Sibling Preference,Staff Preference,General</li><li><strong>Note: </strong>Staff Preference applies at the entry level grade only. A maximum of 2 seats can be filled through Staff Preference.</li></ul>"
609867,COOPER,Peter Cooper Elementary Dual Language Academy,ES,https://www.cps.edu/schools/profiles/school-overview/COOPER,http://cooper.cps.edu,41.856031,-87.667227,COOPER - Open Enrollment - Dual Language,None,"<ul><li><strong>Selection Type: </strong>Random Computerized Lottery</li>                                                        <li><strong>GPA: </strong>N/A</li><li><strong>HS Admissions Exam Minimum for ELA/Math: </strong></li>                                                        <ul><li>General Education and 504 Plan Students:  / </li><li>IEP and EL Students:  / </li></ul>                                                        <li><strong>Priority: </strong>Sibling Preference,Staff Preference,General</li><li><strong>Note: </strong>Staff Preference applies at the entry level grade only. A maximum of 2 seats can be filled through Staff Preference.</li></ul>"
609869,LANGFORD,Anna R. Langford Community Academy,ES,https://www.cps.edu/schools/profiles/school-overview/LANGFORD,https://langfordacademy.org,41.784681,-87.657169,LANGFORD-Open Enrollment-General Education,None,"<ul><li><strong>Selection Type: </strong>Random Computerized Lottery</li>                                                        <li><strong>GPA: </strong>N/A</li><li><strong>HS Admissions Exam Minimum for ELA/Math: </strong></li>                                                        <ul><li>General Education and 504 Plan Students:  / </li><li>IEP and EL Students:  / </li></ul>                                                        <li><strong>Priority: </strong>Sibling Preference,Staff Preference,General</li><li><strong>Note: </strong>Staff Preference applies at the entry level grade only. A maximum of 2 seats can be filled through Staff Preference.</li></ul>"
609870,CORKERY,Daniel J Corkery Elementary School,ES,https://www.cps.edu/schools/profiles/school-overview/CORKERY,https://corkery.cps.edu,41.845602,-87.731193,CORKERY - Open Enrollment - General Education,None,"<ul><li><strong>Selection Type: </strong>Random Computerized Lottery</li>                                                        <li><strong>GPA: </strong>N/A</li><li><strong>HS Admissions Exam Minimum for ELA/Math: </strong></li>                                                        <ul><li>General Education and 504 Plan Students:  / </li><li>IEP and EL Students:  / </li></ul>                                                        <li><strong>Priority: </strong>Sibling Preference,Staff Preference,General</li><li><strong>Note: </strong>Staff Preference applies at the entry level grade only. A maximum of 2 seats can be filled through Staff Preference.</li></ul>"
609872,PEREZ,Manuel Perez Elementary School,ES,https://www.cps.edu/schools/profiles/school-overview/PEREZ,https://perezelementary.org/,41.856029,-87.65798,PEREZ-Magnet Cluster-Fine & Performing Arts,None,"<ul><li><strong>Selection Type: </strong>Random Computerized Lottery</li>                                                        <li><strong>GPA: </strong>N/A</li><li><strong>HS Admissions Exam Minimum for ELA/Math: </strong></li>                                                        <ul><li>General Education and 504 Plan Students:  / </li><li>IEP and EL Students:  / </li></ul>                                                        <li><strong>Priority: </strong>Sibling Preference,Staff Preference,General</li><li><strong>Note: </strong>Staff Preference applies at the entry level grade only. A maximum of 2 seats can be filled through Staff Preference.</li></ul>"
609873,CROWN,Crown Community Academy of Fine Arts Center ES,ES,https://www.cps.edu/schools/profiles/school-overview/CROWN,https://crown.cps.edu,41.852663,-87.71247,CROWN - Magnet Cluster - Fine & Performing Arts,None,"<ul><li><strong>Selection Type: </strong>Random Computerized Lottery</li>                                                        <li><strong>GPA: </strong>N/A</li><li><strong>HS Admissions Exam Minimum for ELA/Math: </strong></li>                                                        <ul><li>General Education and 504 Plan Students:  / </li><li>IEP and EL Students:  / </li></ul>                                                        <li><strong>Priority: </strong>Sibling Preference,Staff Preference,General</li><li><strong>Note: </strong>Staff Preference applies at the entry level grade only. A maximum of 2 seats can be filled through Staff Preference.</li></ul>"
609874,DIRKSEN,Everett McKinley Dirksen Elementary School,ES,https://www.cps.edu/schools/profiles/school-overview/DIRKSEN,http://dirksen.cps.edu,41.973715,-87.841041,DIRKSEN-Open Enrollment-General Education,None,"<ul><li><strong>Selection Type: </strong>Random Computerized Lottery</li>                                                        <li><strong>GPA: </strong>N/A</li><li><strong>HS Admissions Exam Minimum for ELA/Math: </strong></li>                                                        <ul><li>General Education and 504 Plan Students:  / </li><li>IEP and EL Students:  / </li></ul>                                                        <li><strong>Priority: </strong>Sibling Preference,Staff Preference,General</li><li><strong>Note: </strong>Staff Preference applies at the entry level grade only. A maximum of 2 seats can be filled through Staff Preference.</li></ul>"
609875,DARWIN,Charles R Darwin Elementary School,ES,https://www.cps.edu/schools/profiles/school-overview/DARWIN,https://www.darwin.cps.edu,41.923323,-87.705413,DARWIN-Magnet Cluster-World Language,None,"<ul><li><strong>Selection Type: </strong>Random Computerized Lottery</li>                                                        <li><strong>GPA: </strong>N/A</li><li><strong>HS Admissions Exam Minimum for ELA/Math: </strong></li>                                                        <ul><li>General Education and 504 Plan Students:  / </li><li>IEP and EL Students:  / </li></ul>                                                        <li><strong>Priority: </strong>Sibling Preference,Staff Preference,General</li><li><strong>Note: </strong>Staff Preference applies at the entry level grade only. A maximum of 2 seats can be filled through Staff Preference.World Language offered = Spanish</li></ul>"
609875,DARWIN,Charles R Darwin Elementary School,ES,https://www.cps.edu/schools/profiles/school-overview/DARWIN,https://www.darwin.cps.edu,41.923323,-87.705413,DARWIN-Open Enrollment-Dual Language,None,"<ul><li><strong>Selection Type: </strong>Random Computerized Lottery</li>                                                        <li><strong>GPA: </strong>N/A</li><li><strong>HS Admissions Exam Minimum for ELA/Math: </strong></li>                                                        <ul><li>General Education and 504 Plan Students:  / </li><li>IEP and EL Students:  / </li></ul>                                                        <li><strong>Priority: </strong>Sibling Preference,Staff Preference,General</li><li><strong>Note: </strong>Staff Preference applies at the entry level grade only. A maximum of 2 seats can be filled through Staff Preference.</li></ul>"
609876,DAVIS N,Nathan S Davis Elementary School,ES,https://www.cps.edu/schools/profiles/school-overview/DAVIS-N,http://nathansdavis.cps.edu,41.821852,-87.700202,DAVIS N-Open Enrollment-General Education,None,"<ul><li><strong>Selection Type: </strong>Random Computerized Lottery</li>                                                        <li><strong>GPA: </strong>N/A</li><li><strong>HS Admissions Exam Minimum for ELA/Math: </strong></li>                                                        <ul><li>General Education and 504 Plan Students:  / </li><li>IEP and EL Students:  / </li></ul>                                                        <li><strong>Priority: </strong>Sibling Preference,Staff Preference,General</li><li><strong>Note: </strong>Staff Preference applies at the entry level grade only. A maximum of 2 seats can be filled through Staff Preference.</li></ul>"
609876,DAVIS N,Nathan S Davis Elementary School,ES,https://www.cps.edu/schools/profiles/school-overview/DAVIS-N,http://nathansdavis.cps.edu,41.821852,-87.700202,DAVIS N - Open Enrollment - Dual Language,None,"<ul><li><strong>Selection Type: </strong>Random Computerized Lottery</li>                                                        <li><strong>GPA: </strong>N/A</li><li><strong>HS Admissions Exam Minimum for ELA/Math: </strong></li>                                                        <ul><li>General Education and 504 Plan Students:  / </li><li>IEP and EL Students:  / </li></ul>                                                        <li><strong>Priority: </strong>Sibling Preference,Staff Preference,General</li><li><strong>Note: </strong>Staff Preference applies at the entry level grade only. A maximum of 2 seats can be filled through Staff Preference.</li></ul>"
609879,DAWES,Charles Gates Dawes Elementary School,ES,https://www.cps.edu/schools/profiles/school-overview/DAWES,https://dawes.cps.edu,41.745078,-87.717353,DAWES-Magnet Cluster-Fine & Performing Arts,None,"<ul><li><strong>Selection Type: </strong>Random Computerized Lottery</li>                                                        <li><strong>GPA: </strong>N/A</li><li><strong>HS Admissions Exam Minimum for ELA/Math: </strong></li>                                                        <ul><li>General Education and 504 Plan Students:  / </li><li>IEP and EL Students:  / </li></ul>                                                        <li><strong>Priority: </strong>Sibling Preference,Staff Preference,General</li><li><strong>Note: </strong>Staff Preference applies at the entry level grade only. A maximum of 2 seats can be filled through Staff Preference.</li></ul>"
609910,FALCONER,Laughlin Falconer Elementary School,ES,https://www.cps.edu/schools/profiles/school-overview/FALCONER,https://falconerelementary.com,41.935785,-87.749331,FALCONER-Magnet Cluster-Technology,None,"<ul><li><strong>Selection Type: </strong>Random Computerized Lottery</li>                                                        <li><strong>GPA: </strong>N/A</li><li><strong>HS Admissions Exam Minimum for ELA/Math: </strong></li>                                                        <ul><li>General Education and 504 Plan Students:  / </li><li>IEP and EL Students:  / </li></ul>                                                        <li><strong>Priority: </strong>Sibling Preference,Staff Preference,General</li><li><strong>Note: </strong>Staff Preference applies at the entry level grade only. A maximum of 2 seats can be filled through Staff Preference.</li></ul>"
609912,FARNSWORTH,James B Farnsworth Elementary School,ES,https://www.cps.edu/schools/profiles/school-overview/FARNSWORTH,https://sites.google.com/cps.edu/farnsworth,41.97979,-87.766072,FARNSWORTH-Open Enrollment-General Education,None,"<ul><li><strong>Selection Type: </strong>Random Computerized Lottery</li>                                                        <li><strong>GPA: </strong>N/A</li><li><strong>HS Admissions Exam Minimum for ELA/Math: </strong></li>                                                        <ul><li>General Education and 504 Plan Students:  / </li><li>IEP and EL Students:  / </li></ul>                                                        <li><strong>Priority: </strong>Sibling Preference,Staff Preference,General</li><li><strong>Note: </strong>Staff Preference applies at the entry level grade only. A maximum of 2 seats can be filled through Staff Preference.</li></ul>"
609917,FERNWOOD,Fernwood Elementary School,ES,https://www.cps.edu/schools/profiles/school-overview/FERNWOOD,http://www.fernwoodelementary.org/,41.711184,-87.640414,FERNWOOD-Open Enrollment-General Education,None,"<ul><li><strong>Selection Type: </strong>Random Computerized Lottery</li>                                                        <li><strong>GPA: </strong>N/A</li><li><strong>HS Admissions Exam Minimum for ELA/Math: </strong></li>                                                        <ul><li>General Education and 504 Plan Students:  / </li><li>IEP and EL Students:  / </li></ul>                                                        <li><strong>Priority: </strong>Sibling Preference,Staff Preference,General</li><li><strong>Note: </strong>Staff Preference applies at the entry level grade only. A maximum of 2 seats can be filled through Staff Preference.</li></ul>"
609918,FIELD,Eugene Field Elementary School,ES,https://www.cps.edu/schools/profiles/school-overview/FIELD,https://eugenefield.org,42.009664,-87.669985,FIELD-Open Enrollment-General Education,None,"<ul><li><strong>Selection Type: </strong>Random Computerized Lottery</li>                                                        <li><strong>GPA: </strong>N/A</li><li><strong>HS Admissions Exam Minimum for ELA/Math: </strong></li>                                                        <ul><li>General Education and 504 Plan Students:  / </li><li>IEP and EL Students:  / </li></ul>                                                        <li><strong>Priority: </strong>Sibling Preference,Staff Preference,General</li><li><strong>Note: </strong>Staff Preference applies at the entry level grade only. A maximum of 2 seats can be filled through Staff Preference.</li></ul>"
609919,FISKE,John Fiske Elementary School,ES,https://www.cps.edu/schools/profiles/school-overview/FISKE,https://fiskeelementary.org,41.785183,-87.608633,FISKE-Magnet Cluster-Technology,None,"<ul><li><strong>Selection Type: </strong>Random Computerized Lottery</li>                                                        <li><strong>GPA: </strong>N/A</li><li><strong>HS Admissions Exam Minimum for ELA/Math: </strong></li>                                                        <ul><li>General Education and 504 Plan Students:  / </li><li>IEP and EL Students:  / </li></ul>                                                        <li><strong>Priority: </strong>Sibling Preference,Staff Preference,General</li><li><strong>Note: </strong>Staff Preference applies at the entry level grade only. A maximum of 2 seats can be filled through Staff Preference.</li></ul>"
609919,FISKE,John Fiske Elementary School,ES,https://www.cps.edu/schools/profiles/school-overview/FISKE,https://fiskeelementary.org,41.785183,-87.608633,"FISKE-Magnet Cluster-Technology, IB Middle Years Programme",None,"<ul><li><strong>Selection Type: </strong>Random Computerized Lottery</li>                                                        <li><strong>GPA: </strong>N/A</li><li><strong>HS Admissions Exam Minimum for ELA/Math: </strong></li>                                                        <ul><li>General Education and 504 Plan Students:  / </li><li>IEP and EL Students:  / </li></ul>                                                        <li><strong>Priority: </strong>Sibling Preference,General</li></ul>"
609920,KANOON,Gerald Delgado Kanoon Elementary Magnet School,ES,https://www.cps.edu/schools/profiles/school-overview/KANOON,https://kanoonmagnet.com,41.850771,-87.705112,KANOON-Magnet with Boundary-World Language,None,"<ul><li><strong>Selection Type: </strong>Random Computerized Lottery</li>                                                        <li><strong>GPA: </strong>N/A</li><li><strong>HS Admissions Exam Minimum for ELA/Math: </strong></li>                                                        <ul><li>General Education and 504 Plan Students:  / </li><li>IEP and EL Students:  / </li></ul>                                                        <li><strong>Priority: </strong>Sibling Preference,Staff Preference,General</li><li><strong>Note: </strong>Staff Preference applies at the entry level grade only. A maximum of 2 seats can be filled through Staff Preference.World Language offered = Spanish</li></ul>"
609921,TELPOCHCALLI,Telpochcalli Elementary School,ES,https://www.cps.edu/schools/profiles/school-overview/TELPOCHCALLI,http://www.telpochcalli.cps.edu,41.847947,-87.696006,TELPOCHCALLI-Magnet Cluster-World Language,None,"<ul><li><strong>Selection Type: </strong>Random Computerized Lottery</li>                                                        <li><strong>GPA: </strong>N/A</li><li><strong>HS Admissions Exam Minimum for ELA/Math: </strong></li>                                                        <ul><li>General Education and 504 Plan Students:  / </li><li>IEP and EL Students:  / </li></ul>                                                        <li><strong>Priority: </strong>Sibling Preference,Staff Preference,General</li><li><strong>Note: </strong>Staff Preference applies at the entry level grade only. A maximum of 2 seats can be filled through Staff Preference.</li></ul>"
609921,TELPOCHCALLI,Telpochcalli Elementary School,ES,https://www.cps.edu/schools/profiles/school-overview/TELPOCHCALLI,http://www.telpochcalli.cps.edu,41.847947,-87.696006,TELPOCHCALLI-Open Enrollment-Dual Language,None,"<ul><li><strong>Selection Type: </strong>Random Computerized Lottery</li>                                                        <li><strong>GPA: </strong>N/A</li><li><strong>HS Admissions Exam Minimum for ELA/Math: </strong></li>                                                        <ul><li>General Education and 504 Plan Students:  / </li><li>IEP and EL Students:  / </li></ul>                                                        <li><strong>Priority: </strong>Sibling Preference,Staff Preference,General</li><li><strong>Note: </strong>Staff Preference applies at the entry level grade only. A maximum of 2 seats can be filled through Staff Preference.</li></ul>"
609883,DENEEN,Charles S Deneen Elementary School,ES,https://www.cps.edu/schools/profiles/school-overview/DENEEN,https://deneen.cps.edu,41.76249,-87.623345,DENEEN-Open Enrollment-General Education,None,"<ul><li><strong>Selection Type: </strong>Random Computerized Lottery</li>                                                        <li><strong>GPA: </strong>N/A</li><li><strong>HS Admissions Exam Minimum for ELA/Math: </strong></li>                                                        <ul><li>General Education and 504 Plan Students:  / </li><li>IEP and EL Students:  / </li></ul>                                                        <li><strong>Priority: </strong>Sibling Preference,Staff Preference,General</li><li><strong>Note: </strong>Staff Preference applies at the entry level grade only. A maximum of 2 seats can be filled through Staff Preference.</li></ul>"
609884,DEVER,William E Dever Elementary School,ES,https://www.cps.edu/schools/profiles/school-overview/DEVER,https://dever.cps.edu/,41.942552,-87.813132,DEVER-Open Enrollment-General Education,None,"<ul><li><strong>Selection Type: </strong>Random Computerized Lottery</li>                                                        <li><strong>GPA: </strong>N/A</li><li><strong>HS Admissions Exam Minimum for ELA/Math: </strong></li>                                                        <ul><li>General Education and 504 Plan Students:  / </li><li>IEP and EL Students:  / </li></ul>                                                        <li><strong>Priority: </strong>Sibling Preference,Staff Preference,General</li><li><strong>Note: </strong>Staff Preference applies at the entry level grade only. A maximum of 2 seats can be filled through Staff Preference.</li></ul>"
609885,DEWEY,Dewey Elementary Academy of Fine Arts,ES,https://www.cps.edu/schools/profiles/school-overview/DEWEY,https://deweysoe.org,41.795646,-87.642652,DEWEY-Magnet Cluster-Fine & Performing Arts,None,"<ul><li><strong>Selection Type: </strong>Random Computerized Lottery</li>                                                        <li><strong>GPA: </strong>N/A</li><li><strong>HS Admissions Exam Minimum for ELA/Math: </strong></li>                                                        <ul><li>General Education and 504 Plan Students:  / </li><li>IEP and EL Students:  / </li></ul>                                                        <li><strong>Priority: </strong>Sibling Preference,Staff Preference,General</li><li><strong>Note: </strong>Staff Preference applies at the entry level grade only. A maximum of 2 seats can be filled through Staff Preference.</li></ul>"
609891,DOOLITTLE,James R Doolittle Jr Elementary School,ES,https://www.cps.edu/schools/profiles/school-overview/DOOLITTLE,https://doolittleelementary.org,41.831121,-87.612275,DOOLITTLE-Open Enrollment-General Education,None,"<ul><li><strong>Selection Type: </strong>Random Computerized Lottery</li>                                                        <li><strong>GPA: </strong>N/A</li><li><strong>HS Admissions Exam Minimum for ELA/Math: </strong></li>                                                        <ul><li>General Education and 504 Plan Students:  / </li><li>IEP and EL Students:  / </li></ul>                                                        <li><strong>Priority: </strong>Sibling Preference,Staff Preference,General</li><li><strong>Note: </strong>Staff Preference applies at the entry level grade only. A maximum of 2 seats can be filled through Staff Preference.</li></ul>"
609887,DIXON,Arthur Dixon Elementary School,ES,https://www.cps.edu/schools/profiles/school-overview/DIXON,http://www.dixoneagles.org,41.743669,-87.609979,DIXON-Open Enrollment-General Education,None,"<ul><li><strong>Selection Type: </strong>Random Computerized Lottery</li>                                                        <li><strong>GPA: </strong>N/A</li><li><strong>HS Admissions Exam Minimum for ELA/Math: </strong></li>                                                        <ul><li>General Education and 504 Plan Students:  / </li><li>IEP and EL Students:  / </li></ul>                                                        <li><strong>Priority: </strong>Sibling Preference,Staff Preference,General</li><li><strong>Note: </strong>Staff Preference applies at the entry level grade only. A maximum of 2 seats can be filled through Staff Preference.</li></ul>"
609893,DORE,John C Dore Elementary School,ES,https://www.cps.edu/schools/profiles/school-overview/DORE,https://www.dorebulldogschicago.org,41.773825866,-87.79974193,DORE-Open Enrollment-General Education,None,"<ul><li><strong>Selection Type: </strong>Random Computerized Lottery</li>                                                        <li><strong>GPA: </strong>N/A</li><li><strong>HS Admissions Exam Minimum for ELA/Math: </strong></li>                                                        <ul><li>General Education and 504 Plan Students:  / </li><li>IEP and EL Students:  / </li></ul>                                                        <li><strong>Priority: </strong>Sibling Preference,Staff Preference,General</li><li><strong>Note: </strong>Staff Preference applies at the entry level grade only. A maximum of 2 seats can be filled through Staff Preference.</li></ul>"
609894,DRAKE,John B Drake Elementary School,ES,https://www.cps.edu/schools/profiles/school-overview/DRAKE,https://drake.cps.edu,41.844043,-87.628553,DRAKE-Open Enrollment-General Education,None,"<ul><li><strong>Selection Type: </strong>Random Computerized Lottery</li>                                                        <li><strong>GPA: </strong>N/A</li><li><strong>HS Admissions Exam Minimum for ELA/Math: </strong></li>                                                        <ul><li>General Education and 504 Plan Students:  / </li><li>IEP and EL Students:  / </li></ul>                                                        <li><strong>Priority: </strong>Sibling Preference,Staff Preference,General</li><li><strong>Note: </strong>Staff Preference applies at the entry level grade only. A maximum of 2 seats can be filled through Staff Preference.</li></ul>"
609803,BLAINE,James G Blaine Elementary School,ES,https://www.cps.edu/schools/profiles/school-overview/BLAINE,https://blaine.cps.edu,41.950781,-87.664968,BLAINE - Magnet Cluster - Fine & Performing Arts,None,"<ul><li><strong>Selection Type: </strong>Random Computerized Lottery</li>                                                        <li><strong>GPA: </strong>N/A</li><li><strong>HS Admissions Exam Minimum for ELA/Math: </strong></li>                                                        <ul><li>General Education and 504 Plan Students:  / </li><li>IEP and EL Students:  / </li></ul>                                                        <li><strong>Priority: </strong>Sibling Preference,Staff Preference,General</li><li><strong>Note: </strong>Staff Preference applies at the entry level grade only. A maximum of 2 seats can be filled through Staff Preference.</li></ul>"
609804,MOSAIC,Mosaic School of Fine Arts,ES,https://www.cps.edu/schools/profiles/school-overview/MOSAIC,http://mosaic.cps.edu,42.003412,-87.697463,MOSAIC - Magnet Cluster - Fine & Performing Arts,None,"<ul><li><strong>Selection Type: </strong>Random Computerized Lottery</li>                                                        <li><strong>GPA: </strong>N/A</li><li><strong>HS Admissions Exam Minimum for ELA/Math: </strong></li>                                                        <ul><li>General Education and 504 Plan Students:  / </li><li>IEP and EL Students:  / </li></ul>                                                        <li><strong>Priority: </strong>Sibling Preference,Staff Preference,General</li><li><strong>Note: </strong>Staff Preference applies at the entry level grade only. A maximum of 2 seats can be filled through Staff Preference.</li></ul>"
609805,JOPLIN,Scott Joplin Elementary School,ES,https://www.cps.edu/schools/profiles/school-overview/JOPLIN,https://scottjoplinschool.org,41.749339,-87.669366,JOPLIN-Open Enrollment-General Education,None,"<ul><li><strong>Selection Type: </strong>Random Computerized Lottery</li>                                                        <li><strong>GPA: </strong>N/A</li><li><strong>HS Admissions Exam Minimum for ELA/Math: </strong></li>                                                        <ul><li>General Education and 504 Plan Students:  / </li><li>IEP and EL Students:  / </li></ul>                                                        <li><strong>Priority: </strong>Sibling Preference,Staff Preference,General</li><li><strong>Note: </strong>Staff Preference applies at the entry level grade (kindergarten) only. A maximum of 2 seats can be filled through Staff Preference.</li></ul>"
609806,BRADWELL,Myra Bradwell Communications Arts & Sciences ES,ES,https://www.cps.edu/schools/profiles/school-overview/BRADWELL,https://bradwellbruins.org,41.754365,-87.557142,BRADWELL - Open Enrollment - General Education,None,"<ul><li><strong>Selection Type: </strong>Random Computerized Lottery</li>                                                        <li><strong>GPA: </strong>N/A</li><li><strong>HS Admissions Exam Minimum for ELA/Math: </strong></li>                                                        <ul><li>General Education and 504 Plan Students:  / </li><li>IEP and EL Students:  / </li></ul>                                                        <li><strong>Priority: </strong>Sibling Preference,Staff Preference,General</li><li><strong>Note: </strong>Staff Preference applies at the entry level grade only. A maximum of 2 seats can be filled through Staff Preference.</li></ul>"
609807,HAMPTON,Lionel Hampton Fine & Performing Arts ES,ES,https://www.cps.edu/schools/profiles/school-overview/HAMPTON,https://hamptoncps.org,41.753457,-87.708731,HAMPTON-Magnet Cluster-Fine & Performing Arts,None,"<ul><li><strong>Selection Type: </strong>Random Computerized Lottery</li>                                                        <li><strong>GPA: </strong>N/A</li><li><strong>HS Admissions Exam Minimum for ELA/Math: </strong></li>                                                        <ul><li>General Education and 504 Plan Students:  / </li><li>IEP and EL Students:  / </li></ul>                                                        <li><strong>Priority: </strong>Sibling Preference,Staff Preference,General</li><li><strong>Note: </strong>Staff Preference applies at the entry level grade only. A maximum of 2 seats can be filled through Staff Preference.</li></ul>"
609808,HALEY,Alex Haley Elementary Academy,ES,https://www.cps.edu/schools/profiles/school-overview/HALEY,https://www.alexhaleyacademy.com,41.68666,-87.633632,HALEY-Magnet Cluster-Fine & Performing Arts,None,"<ul><li><strong>Selection Type: </strong>Random Computerized Lottery</li>                                                        <li><strong>GPA: </strong>N/A</li><li><strong>HS Admissions Exam Minimum for ELA/Math: </strong></li>                                                        <ul><li>General Education and 504 Plan Students:  / </li><li>IEP and EL Students:  / </li></ul>                                                        <li><strong>Priority: </strong>Sibling Preference,Staff Preference,General</li><li><strong>Note: </strong>Staff Preference applies at the entry level grade only. A maximum of 2 seats can be filled through Staff Preference.</li></ul>"
609809,BRENTANO,Lorenz Brentano Math & Science Academy ES,ES,https://www.cps.edu/schools/profiles/school-overview/BRENTANO,https://brentanomathandscienceacademy.org,41.930966,-87.696294,BRENTANO - Open Enrollment - General Education,None,"<ul><li><strong>Selection Type: </strong>Random Computerized Lottery</li>                                                        <li><strong>GPA: </strong>N/A</li><li><strong>HS Admissions Exam Minimum for ELA/Math: </strong></li>                                                        <ul><li>General Education and 504 Plan Students:  / </li><li>IEP and EL Students:  / </li></ul>                                                        <li><strong>Priority: </strong>Sibling Preference,Staff Preference,General</li><li><strong>Note: </strong>Staff Preference applies at the entry level grade only. A maximum of 2 seats can be filled through Staff Preference.</li></ul>"
609810,BRIDGE,Norman A Bridge Elementary School,ES,https://www.cps.edu/schools/profiles/school-overview/BRIDGE,https://bridge.cps.edu,41.949114,-87.798669,BRIDGE - Open Enrollment - General Education,None,"<ul><li><strong>Selection Type: </strong>Random Computerized Lottery</li>                                                        <li><strong>GPA: </strong>N/A</li><li><strong>HS Admissions Exam Minimum for ELA/Math: </strong></li>                                                        <ul><li>General Education and 504 Plan Students:  / </li><li>IEP and EL Students:  / </li></ul>                                                        <li><strong>Priority: </strong>Sibling Preference,Staff Preference,General</li><li><strong>Note: </strong>Staff Preference applies at the entry level grade only. A maximum of 2 seats can be filled through Staff Preference.</li></ul>"
609811,BRIGHT,Orville T Bright Elementary School,ES,https://www.cps.edu/schools/profiles/school-overview/BRIGHT,https://orvillebright.org,41.699726,-87.562084,BRIGHT - Magnet Cluster - Fine & Performing Arts,None,"<ul><li><strong>Selection Type: </strong>Random Computerized Lottery</li>                                                        <li><strong>GPA: </strong>N/A</li><li><strong>HS Admissions Exam Minimum for ELA/Math: </strong></li>                                                        <ul><li>General Education and 504 Plan Students:  / </li><li>IEP and EL Students:  / </li></ul>                                                        <li><strong>Priority: </strong>Sibling Preference,Staff Preference,General</li><li><strong>Note: </strong>Staff Preference applies at the entry level grade only. A maximum of 2 seats can be filled through Staff Preference.</li></ul>"
609812,BROWN W,William H Brown STEM Magnet Elementary School,ES,https://www.cps.edu/schools/profiles/school-overview/BROWN-W,https://wbrownstem.org,41.882997,-87.670682,BROWN W - Magnet Cluster - STEM,None,"<ul><li><strong>Selection Type: </strong>Random Computerized Lottery</li>                                                        <li><strong>GPA: </strong>N/A</li><li><strong>HS Admissions Exam Minimum for ELA/Math: </strong></li>                                                        <ul><li>General Education and 504 Plan Students:  / </li><li>IEP and EL Students:  / </li></ul>                                                        <li><strong>Priority: </strong>Sibling Preference,General</li></ul>"
609812,BROWN W,William H Brown STEM Magnet Elementary School,ES,https://www.cps.edu/schools/profiles/school-overview/BROWN-W,https://wbrownstem.org,41.882997,-87.670682,BROWN W - Magnet - STEM,None,"<ul><li><strong>Selection Type: </strong>Random Computerized Lottery</li>                                                        <li><strong>GPA: </strong>N/A</li><li><strong>HS Admissions Exam Minimum for ELA/Math: </strong></li>                                                        <ul><li>General Education and 504 Plan Students:  / </li><li>IEP and EL Students:  / </li></ul>                                                        <li><strong>Priority: </strong>Sibling Preference,Staff Preference,Tier,General</li><li><strong>Note: </strong>The distribution of available seats into the 4 socio-economic tiers will only be applicable at the entry-level grade. Staff Preference applies at the entry level grade only. A maximum of 2 seats can be filled through Staff Preference.</li></ul>"
609813,BROWNELL,Charles S Brownell Elementary School,ES,https://www.cps.edu/schools/profiles/school-overview/BROWNELL,https://brownellcps.org,41.77162,-87.621746,BROWNELL - Open Enrollment - General Education,None,"<ul><li><strong>Selection Type: </strong>Random Computerized Lottery</li>                                                        <li><strong>GPA: </strong>N/A</li><li><strong>HS Admissions Exam Minimum for ELA/Math: </strong></li>                                                        <ul><li>General Education and 504 Plan Students:  / </li><li>IEP and EL Students:  / </li></ul>                                                        <li><strong>Priority: </strong>Sibling Preference,Staff Preference,General</li><li><strong>Note: </strong>Staff Preference applies at the entry level grade only. A maximum of 2 seats can be filled through Staff Preference.</li></ul>"
609815,BOUCHET,Edward A Bouchet Math & Science Academy ES,ES,https://www.cps.edu/schools/profiles/school-overview/BOUCHET,https://bouchet-brynmawr.cps.edu,41.760847,-87.576075,BOUCHET - Magnet Cluster - IB Primary Years Programme,None,"<ul><li><strong>Selection Type: </strong>Random Computerized Lottery</li>                                                        <li><strong>GPA: </strong>N/A</li><li><strong>HS Admissions Exam Minimum for ELA/Math: </strong></li>                                                        <ul><li>General Education and 504 Plan Students:  / </li><li>IEP and EL Students:  / </li></ul>                                                        <li><strong>Priority: </strong>Sibling Preference,Staff Preference,General</li><li><strong>Note: </strong>Staff Preference applies at the entry level grade only. A maximum of 2 seats can be filled through Staff Preference.</li></ul>"
609815,BOUCHET,Edward A Bouchet Math & Science Academy ES,ES,https://www.cps.edu/schools/profiles/school-overview/BOUCHET,https://bouchet-brynmawr.cps.edu,41.760847,-87.576075,BOUCHET - Magnet Cluster - IB Middle Years Programme,None,"<ul><li><strong>Selection Type: </strong>Random Computerized Lottery</li>                                                        <li><strong>GPA: </strong>N/A</li><li><strong>HS Admissions Exam Minimum for ELA/Math: </strong></li>                                                        <ul><li>General Education and 504 Plan Students:  / </li><li>IEP and EL Students:  / </li></ul>                                                        <li><strong>Priority: </strong>Sibling Preference,General</li></ul>"
609817,BUDLONG,Lyman A Budlong Elementary School,ES,https://www.cps.edu/schools/profiles/school-overview/BUDLONG,https://budlong.cps.edu,41.975754,-87.696556,BUDLONG - Open Enrollment - General Education,None,"<ul><li><strong>Selection Type: </strong>Random Computerized Lottery</li>                                                        <li><strong>GPA: </strong>N/A</li><li><strong>HS Admissions Exam Minimum for ELA/Math: </strong></li>                                                        <ul><li>General Education and 504 Plan Students:  / </li><li>IEP and EL Students:  / </li></ul>                                                        <li><strong>Priority: </strong>Sibling Preference,Staff Preference,General</li><li><strong>Note: </strong>Staff Preference applies at the entry level grade only. A maximum of 2 seats can be filled through Staff Preference.</li></ul>"
609818,BURBANK,Luther Burbank Elementary School,ES,https://www.cps.edu/schools/profiles/school-overview/BURBANK,https://burbank.cps.edu,41.917598,-87.7827,BURBANK - Open Enrollment - General Education,None,"<ul><li><strong>Selection Type: </strong>Random Computerized Lottery</li>                                                        <li><strong>GPA: </strong>N/A</li><li><strong>HS Admissions Exam Minimum for ELA/Math: </strong></li>                                                        <ul><li>General Education and 504 Plan Students:  / </li><li>IEP and EL Students:  / </li></ul>                                                        <li><strong>Priority: </strong>Sibling Preference,Staff Preference,General</li><li><strong>Note: </strong>Staff Preference applies at the entry level grade only. A maximum of 2 seats can be filled through Staff Preference.</li></ul>"
609819,BURKE,Edmond Burke Elementary School,ES,https://www.cps.edu/schools/profiles/school-overview/BURKE,http://burke.cps.edu,41.79676,-87.616141,BURKE - Open Enrollment - General Education,None,"<ul><li><strong>Selection Type: </strong>Random Computerized Lottery</li>                                                        <li><strong>GPA: </strong>N/A</li><li><strong>HS Admissions Exam Minimum for ELA/Math: </strong></li>                                                        <ul><li>General Education and 504 Plan Students:  / </li><li>IEP and EL Students:  / </li></ul>                                                        <li><strong>Priority: </strong>Sibling Preference,Staff Preference,General</li><li><strong>Note: </strong>Staff Preference applies at the entry level grade only. A maximum of 2 seats can be filled through Staff Preference.</li></ul>"
609820,BURLEY,Augustus H Burley Elementary School,ES,https://www.cps.edu/schools/profiles/school-overview/BURLEY,http://burley.cps.edu,41.937937,-87.669853,BURLEY - Magnet Cluster - Technology,None,"<ul><li><strong>Selection Type: </strong>Random Computerized Lottery</li>                                                        <li><strong>GPA: </strong>N/A</li><li><strong>HS Admissions Exam Minimum for ELA/Math: </strong></li>                                                        <ul><li>General Education and 504 Plan Students:  / </li><li>IEP and EL Students:  / </li></ul>                                                        <li><strong>Priority: </strong>Sibling Preference,Staff Preference,General</li><li><strong>Note: </strong>Staff Preference applies at the entry level grade only. A maximum of 2 seats can be filled through Staff Preference.</li></ul>"
609821,BURNHAM,Burnham Elementary Inclusive Academy,ES,https://www.cps.edu/schools/profiles/school-overview/BURNHAM,https://burnham.cps.edu,41.714402,-87.567131,BURNHAM - Open Enrollment - General Education,None,"<ul><li><strong>Selection Type: </strong>Random Computerized Lottery</li>                                                        <li><strong>GPA: </strong>N/A</li><li><strong>HS Admissions Exam Minimum for ELA/Math: </strong></li>                                                        <ul><li>General Education and 504 Plan Students:  / </li><li>IEP and EL Students:  / </li></ul>                                                        <li><strong>Priority: </strong>Sibling Preference,Staff Preference,General</li><li><strong>Note: </strong>Staff Preference applies at the entry level grade only. A maximum of 2 seats can be filled through Staff Preference.</li></ul>"
609839,CARROLL,Carroll-Rosenwald Specialty Elementary School,ES,https://www.cps.edu/schools/profiles/school-overview/CARROLL,https://carroll-rosenwald.cps.edu,41.742517,-87.696012,CARROLL - Open Enrollment - General Education,None,"<ul><li><strong>Selection Type: </strong>Random Computerized Lottery</li>                                                        <li><strong>GPA: </strong>N/A</li><li><strong>HS Admissions Exam Minimum for ELA/Math: </strong></li>                                                        <ul><li>General Education and 504 Plan Students:  / </li><li>IEP and EL Students:  / </li></ul>                                                        <li><strong>Priority: </strong>Sibling Preference,Staff Preference,General</li><li><strong>Note: </strong>Staff Preference applies at the entry level grade only. A maximum of 2 seats can be filled through Staff Preference.</li></ul>"
609842,CARSON,Rachel Carson Elementary School,ES,https://www.cps.edu/schools/profiles/school-overview/CARSON,https://carson.cps.edu,41.793272,-87.6878,CARSON - Magnet Cluster - World Language,None,"<ul><li><strong>Selection Type: </strong>Random Computerized Lottery</li>                                                        <li><strong>GPA: </strong>N/A</li><li><strong>HS Admissions Exam Minimum for ELA/Math: </strong></li>                                                        <ul><li>General Education and 504 Plan Students:  / </li><li>IEP and EL Students:  / </li></ul>                                                        <li><strong>Priority: </strong>Sibling Preference,Staff Preference,General</li><li><strong>Note: </strong>Staff Preference applies at the entry level grade only. A maximum of 2 seats can be filled through Staff Preference.World Language offered = Spanish</li></ul>"
609842,CARSON,Rachel Carson Elementary School,ES,https://www.cps.edu/schools/profiles/school-overview/CARSON,https://carson.cps.edu,41.793272,-87.6878,CARSON - Open Enrollment - Dual Language,None,"<ul><li><strong>Selection Type: </strong>Random Computerized Lottery</li>                                                        <li><strong>GPA: </strong>N/A</li><li><strong>HS Admissions Exam Minimum for ELA/Math: </strong></li>                                                        <ul><li>General Education and 504 Plan Students:  / </li><li>IEP and EL Students:  / </li></ul>                                                        <li><strong>Priority: </strong>Sibling Preference,Staff Preference,General</li><li><strong>Note: </strong>Staff Preference applies at the entry level grade only. A maximum of 2 seats can be filled through Staff Preference.</li></ul>"
609844,CARTER,William W Carter Elementary School,ES,https://www.cps.edu/schools/profiles/school-overview/CARTER,https://cartersoe.cps.edu,41.789828,-87.622453,CARTER - Open Enrollment - General Education,None,"<ul><li><strong>Selection Type: </strong>Random Computerized Lottery</li>                                                        <li><strong>GPA: </strong>N/A</li><li><strong>HS Admissions Exam Minimum for ELA/Math: </strong></li>                                                        <ul><li>General Education and 504 Plan Students:  / </li><li>IEP and EL Students:  / </li></ul>                                                        <li><strong>Priority: </strong>Sibling Preference,Staff Preference,General</li><li><strong>Note: </strong>Staff Preference applies at the entry level grade only. A maximum of 2 seats can be filled through Staff Preference.</li></ul>"
609845,CARVER G,George Washington Carver Primary School,ES,https://www.cps.edu/schools/profiles/school-overview/CARVER-G,https://gwcarver.cps.edu,41.653702,-87.599516,CARVER G - Magnet Cluster - Fine & Performing Arts,None,"<ul><li><strong>Selection Type: </strong>Random Computerized Lottery</li>                                                        <li><strong>GPA: </strong>N/A</li><li><strong>HS Admissions Exam Minimum for ELA/Math: </strong></li>                                                        <ul><li>General Education and 504 Plan Students:  / </li><li>IEP and EL Students:  / </li></ul>                                                        <li><strong>Priority: </strong>Sibling Preference,Staff Preference,General</li><li><strong>Note: </strong>Staff Preference applies at the entry level grade only. A maximum of 2 seats can be filled through Staff Preference.</li></ul>"
609848,ALDRIDGE,Ira F Aldridge Elementary School,ES,https://www.cps.edu/schools/profiles/school-overview/ALDRIDGE,https://aldridge.cps.edu,41.657405,-87.606474,ALDRIDGE - Open Enrollment - General Education,None,"<ul><li><strong>Selection Type: </strong>Random Computerized Lottery</li>                                                        <li><strong>GPA: </strong>N/A</li><li><strong>HS Admissions Exam Minimum for ELA/Math: </strong></li>                                                        <ul><li>General Education and 504 Plan Students:  / </li><li>IEP and EL Students:  / </li></ul>                                                        <li><strong>Priority: </strong>Sibling Preference,Staff Preference,General</li><li><strong>Note: </strong>Staff Preference applies at the entry level grade only. A maximum of 2 seats can be filled through Staff Preference.</li></ul>"
609849,CASSELL,George F Cassell Elementary School,ES,https://www.cps.edu/schools/profiles/school-overview/CASSELL,https://cassell.cps.edu,41.687347,-87.703215,CASSELL - Magnet Cluster - Fine & Performing Arts,None,"<ul><li><strong>Selection Type: </strong>Random Computerized Lottery</li>                                                        <li><strong>GPA: </strong>N/A</li><li><strong>HS Admissions Exam Minimum for ELA/Math: </strong></li>                                                        <ul><li>General Education and 504 Plan Students:  / </li><li>IEP and EL Students:  / </li></ul>                                                        <li><strong>Priority: </strong>Sibling Preference,Staff Preference,General</li><li><strong>Note: </strong>Staff Preference applies at the entry level grade only. A maximum of 2 seats can be filled through Staff Preference.</li></ul>"
609850,GREELEY,Horace Greeley Elementary School,ES,https://www.cps.edu/schools/profiles/school-overview/GREELEY,https://greeleyelementary.com,41.95281,-87.65098,GREELEY-Magnet Cluster-World Language,None,"<ul><li><strong>Selection Type: </strong>Random Computerized Lottery</li>                                                        <li><strong>GPA: </strong>N/A</li><li><strong>HS Admissions Exam Minimum for ELA/Math: </strong></li>                                                        <ul><li>General Education and 504 Plan Students:  / </li><li>IEP and EL Students:  / </li></ul>                                                        <li><strong>Priority: </strong>Sibling Preference,Staff Preference,General</li><li><strong>Note: </strong>Staff Preference applies at the entry level grade only. A maximum of 2 seats can be filled through Staff Preference.World Languages offered = Polish, Spanish</li></ul>"
609850,GREELEY,Horace Greeley Elementary School,ES,https://www.cps.edu/schools/profiles/school-overview/GREELEY,https://greeleyelementary.com,41.95281,-87.65098,GREELEY - Selective Enrollment - EL Regional Gifted Center,Admissions Exam,"<ul><li><strong>Selection Type: </strong>Descending Point Score based on Academic Criteria</li>                                                        <li><strong>GPA: </strong>N/A</li><li><strong>HS Admissions Exam Minimum for ELA/Math: </strong></li>                                                        <ul><li>General Education and 504 Plan Students:  / </li><li>IEP and EL Students:  / </li></ul>                                                        <li><strong>Priority: </strong>General,Tier</li><li><strong>Note: </strong>The distribution of available seats into the 4 socio-economic tiers will only be applicable at the entry-level grade (kindergarten).</li></ul>"
609850,GREELEY,Horace Greeley Elementary School,ES,https://www.cps.edu/schools/profiles/school-overview/GREELEY,https://greeleyelementary.com,41.95281,-87.65098,GREELEY - Selective Enrollment - EL Regional Gifted Center,Admissions Exam,<ul><li><strong>Selection Type: </strong>Descending Point Score based on Academic Criteria</li>                                                        <li><strong>GPA: </strong>2.5</li><li><strong>HS Admissions Exam Minimum for ELA/Math: </strong></li>                                                        <ul><li>General Education and 504 Plan Students:  / </li><li>IEP and EL Students:  / </li></ul>                                                        <li><strong>Priority: </strong>General</li></ul>
609851,CHALMERS,Thomas Chalmers STEAM Elementary School,ES,https://www.cps.edu/schools/profiles/school-overview/CHALMERS,https://chalmerssoe.org,41.866435,-87.695259,CHALMERS - Magnet Cluster - STEAM,None,"<ul><li><strong>Selection Type: </strong>Random Computerized Lottery</li>                                                        <li><strong>GPA: </strong>N/A</li><li><strong>HS Admissions Exam Minimum for ELA/Math: </strong></li>                                                        <ul><li>General Education and 504 Plan Students:  / </li><li>IEP and EL Students:  / </li></ul>                                                        <li><strong>Priority: </strong>Sibling Preference,Staff Preference,General</li><li><strong>Note: </strong>Staff Preference applies at the entry level grade only. A maximum of 2 seats can be filled through Staff Preference.</li></ul>"
609852,CHAPPELL,Eliza Chappell Elementary School,ES,https://www.cps.edu/schools/profiles/school-overview/CHAPPELL,https://chappellelementaryschool.org,41.975894,-87.683264,CHAPPELL - Magnet Cluster - World Language,None,"<ul><li><strong>Selection Type: </strong>Random Computerized Lottery</li>                                                        <li><strong>GPA: </strong>N/A</li><li><strong>HS Admissions Exam Minimum for ELA/Math: </strong></li>                                                        <ul><li>General Education and 504 Plan Students:  / </li><li>IEP and EL Students:  / </li></ul>                                                        <li><strong>Priority: </strong>Sibling Preference,Staff Preference,General</li><li><strong>Note: </strong>Staff Preference applies at the entry level grade only. A maximum of 2 seats can be filled through Staff Preference.World Language offered = Spanish</li></ul>"
609853,CHASE,Salmon P Chase Elementary School,ES,https://www.cps.edu/schools/profiles/school-overview/CHASE,https://chase.cps.edu,41.917993,-87.694562,"CHASE - Magnet Cluster - World Language, STEAM",None,"<ul><li><strong>Selection Type: </strong>Random Computerized Lottery</li>                                                        <li><strong>GPA: </strong>N/A</li><li><strong>HS Admissions Exam Minimum for ELA/Math: </strong></li>                                                        <ul><li>General Education and 504 Plan Students:  / </li><li>IEP and EL Students:  / </li></ul>                                                        <li><strong>Priority: </strong>Sibling Preference,Staff Preference,General</li><li><strong>Note: </strong>Staff Preference applies at the entry level grade only. A maximum of 2 seats can be filled through Staff Preference.</li></ul>"
609853,CHASE,Salmon P Chase Elementary School,ES,https://www.cps.edu/schools/profiles/school-overview/CHASE,https://chase.cps.edu,41.917993,-87.694562,CHASE - Open Enrollment - Dual Language,None,"<ul><li><strong>Selection Type: </strong>Random Computerized Lottery</li>                                                        <li><strong>GPA: </strong>N/A</li><li><strong>HS Admissions Exam Minimum for ELA/Math: </strong></li>                                                        <ul><li>General Education and 504 Plan Students:  / </li><li>IEP and EL Students:  / </li></ul>                                                        <li><strong>Priority: </strong>Sibling Preference,Staff Preference,General</li><li><strong>Note: </strong>Staff Preference applies at the entry level grade only. A maximum of 2 seats can be filled through Staff Preference.</li></ul>"
609854,CHOPIN,Frederic Chopin Elementary School,ES,https://www.cps.edu/schools/profiles/school-overview/CHOPIN,https://chopin.cps.edu,41.896713,-87.688937,CHOPIN - Magnet Cluster - Fine & Performing Arts,None,"<ul><li><strong>Selection Type: </strong>Random Computerized Lottery</li>                                                        <li><strong>GPA: </strong>N/A</li><li><strong>HS Admissions Exam Minimum for ELA/Math: </strong></li>                                                        <ul><li>General Education and 504 Plan Students:  / </li><li>IEP and EL Students:  / </li></ul>                                                        <li><strong>Priority: </strong>Sibling Preference,Staff Preference,General</li><li><strong>Note: </strong>Staff Preference applies at the entry level grade only. A maximum of 2 seats can be filled through Staff Preference.</li></ul>"
609855,CHRISTOPHER,Walter S Christopher Elementary School,ES,https://www.cps.edu/schools/profiles/school-overview/CHRISTOPHER,https://www.christopherschool.org,41.801659,-87.685607,CHRISTOPHER - Open Enrollment - General Education,None,"<ul><li><strong>Selection Type: </strong>Random Computerized Lottery</li>                                                        <li><strong>GPA: </strong>N/A</li><li><strong>HS Admissions Exam Minimum for ELA/Math: </strong></li>                                                        <ul><li>General Education and 504 Plan Students:  / </li><li>IEP and EL Students:  / </li></ul>                                                        <li><strong>Priority: </strong>Sibling Preference,Staff Preference,General</li><li><strong>Note: </strong>Staff Preference applies at the entry level grade only. A maximum of 2 seats can be filled through Staff Preference.</li></ul>"
609856,CLAY,Henry Clay Elementary School,ES,https://www.cps.edu/schools/profiles/school-overview/CLAY,http://clay.cps.edu,41.654558,-87.544614,CLAY - Open Enrollment - General Education,None,"<ul><li><strong>Selection Type: </strong>Random Computerized Lottery</li>                                                        <li><strong>GPA: </strong>N/A</li><li><strong>HS Admissions Exam Minimum for ELA/Math: </strong></li>                                                        <ul><li>General Education and 504 Plan Students:  / </li><li>IEP and EL Students:  / </li></ul>                                                        <li><strong>Priority: </strong>Sibling Preference,Staff Preference,General</li><li><strong>Note: </strong>Staff Preference applies at the entry level grade only. A maximum of 2 seats can be filled through Staff Preference.</li></ul>"
609857,CLEVELAND,Grover Cleveland Elementary School,ES,https://www.cps.edu/schools/profiles/school-overview/CLEVELAND,https://clevelandschool.org,41.952042,-87.706443,CLEVELAND - Open Enrollment - General Education,None,"<ul><li><strong>Selection Type: </strong>Random Computerized Lottery</li>                                                        <li><strong>GPA: </strong>N/A</li><li><strong>HS Admissions Exam Minimum for ELA/Math: </strong></li>                                                        <ul><li>General Education and 504 Plan Students:  / </li><li>IEP and EL Students:  / </li></ul>                                                        <li><strong>Priority: </strong>Sibling Preference,Staff Preference,General</li><li><strong>Note: </strong>Staff Preference applies at the entry level grade only. A maximum of 2 seats can be filled through Staff Preference.</li></ul>"
609857,CLEVELAND,Grover Cleveland Elementary School,ES,https://www.cps.edu/schools/profiles/school-overview/CLEVELAND,https://clevelandschool.org,41.952042,-87.706443,CLEVELAND - Open Enrollment - Dual Language,None,"<ul><li><strong>Selection Type: </strong>Random Computerized Lottery</li>                                                        <li><strong>GPA: </strong>N/A</li><li><strong>HS Admissions Exam Minimum for ELA/Math: </strong></li>                                                        <ul><li>General Education and 504 Plan Students:  / </li><li>IEP and EL Students:  / </li></ul>                                                        <li><strong>Priority: </strong>Sibling Preference,Staff Preference,General</li><li><strong>Note: </strong>Staff Preference applies at the entry level grade only. A maximum of 2 seats can be filled through Staff Preference.</li></ul>"
609859,CLINTON,DeWitt Clinton Elementary School,ES,https://www.cps.edu/schools/profiles/school-overview/CLINTON,https://clinton.cps.edu,41.992541,-87.69836,CLINTON - Open Enrollment - General Education,None,"<ul><li><strong>Selection Type: </strong>Random Computerized Lottery</li>                                                        <li><strong>GPA: </strong>N/A</li><li><strong>HS Admissions Exam Minimum for ELA/Math: </strong></li>                                                        <ul><li>General Education and 504 Plan Students:  / </li><li>IEP and EL Students:  / </li></ul>                                                        <li><strong>Priority: </strong>Sibling Preference,Staff Preference,General</li><li><strong>Note: </strong>Staff Preference applies at the entry level grade only. A maximum of 2 seats can be filled through Staff Preference.</li></ul>"
609861,CLISSOLD,Henry R Clissold Elementary School,ES,https://www.cps.edu/schools/profiles/school-overview/CLISSOLD,http://www.clissold-school.org,41.693026,-87.680897,CLISSOLD - Magnet Cluster - Montessori,None,"<ul><li><strong>Selection Type: </strong>Random Computerized Lottery</li>                                                        <li><strong>GPA: </strong>N/A</li><li><strong>HS Admissions Exam Minimum for ELA/Math: </strong></li>                                                        <ul><li>General Education and 504 Plan Students:  / </li><li>IEP and EL Students:  / </li></ul>                                                        <li><strong>Priority: </strong>Sibling Preference,Staff Preference,General</li><li><strong>Note: </strong>Staff Preference applies at the entry level grade only. A maximum of 2 seats can be filled through Staff Preference.</li></ul>"
609861,CLISSOLD,Henry R Clissold Elementary School,ES,https://www.cps.edu/schools/profiles/school-overview/CLISSOLD,http://www.clissold-school.org,41.693026,-87.680897,CLISSOLD - Magnet Cluster - IB Middle Years Programme,None,"<ul><li><strong>Selection Type: </strong>Random Computerized Lottery</li>                                                        <li><strong>GPA: </strong>N/A</li><li><strong>HS Admissions Exam Minimum for ELA/Math: </strong></li>                                                        <ul><li>General Education and 504 Plan Students:  / </li><li>IEP and EL Students:  / </li></ul>                                                        <li><strong>Priority: </strong>Sibling Preference,General</li></ul>"
609862,COLES,Edward Coles Elementary Language Academy,ES,https://www.cps.edu/schools/profiles/school-overview/COLES,https://colesacademy.cps.edu,41.741413,-87.56597,COLES - Magnet Cluster - World Language,None,"<ul><li><strong>Selection Type: </strong>Random Computerized Lottery</li>                                                        <li><strong>GPA: </strong>N/A</li><li><strong>HS Admissions Exam Minimum for ELA/Math: </strong></li>                                                        <ul><li>General Education and 504 Plan Students:  / </li><li>IEP and EL Students:  / </li></ul>                                                        <li><strong>Priority: </strong>Sibling Preference,Staff Preference,General</li><li><strong>Note: </strong>Staff Preference applies at the entry level grade only. A maximum of 2 seats can be filled through Staff Preference.World Language offered = Spanish</li></ul>"
609863,GINSBURG,Ruth Bader Ginsburg Elementary School,ES,https://www.cps.edu/schools/profiles/school-overview/GINSBURG,http://columbus.cps.edu,41.899566,-87.681938,GINSBURG - Open Enrollment - General Education (formerly known as COLUMBUS),None,"<ul><li><strong>Selection Type: </strong>Random Computerized Lottery</li>                                                        <li><strong>GPA: </strong>N/A</li><li><strong>HS Admissions Exam Minimum for ELA/Math: </strong></li>                                                        <ul><li>General Education and 504 Plan Students:  / </li><li>IEP and EL Students:  / </li></ul>                                                        <li><strong>Priority: </strong>Sibling Preference,Staff Preference,General</li><li><strong>Note: </strong>Staff Preference applies at the entry level grade only. A maximum of 2 seats can be filled through Staff Preference.</li></ul>"
609864,COOK,John W Cook Elementary School,ES,https://www.cps.edu/schools/profiles/school-overview/COOK,https://cookelementary.org,41.745237,-87.659775,COOK - Open Enrollment - General Education,None,"<ul><li><strong>Selection Type: </strong>Random Computerized Lottery</li>                                                        <li><strong>GPA: </strong>N/A</li><li><strong>HS Admissions Exam Minimum for ELA/Math: </strong></li>                                                        <ul><li>General Education and 504 Plan Students:  / </li><li>IEP and EL Students:  / </li></ul>                                                        <li><strong>Priority: </strong>Sibling Preference,Staff Preference,General</li><li><strong>Note: </strong>Staff Preference applies at the entry level grade only. A maximum of 2 seats can be filled through Staff Preference.</li></ul>"
609865,JORDAN,Jordan Elementary Community School,ES,https://www.cps.edu/schools/profiles/school-overview/JORDAN,https://jordan.cps.edu,42.017088,-87.677763,JORDAN-Open Enrollment-General Education,None,"<ul><li><strong>Selection Type: </strong>Random Computerized Lottery</li>                                                        <li><strong>GPA: </strong>N/A</li><li><strong>HS Admissions Exam Minimum for ELA/Math: </strong></li>                                                        <ul><li>General Education and 504 Plan Students:  / </li><li>IEP and EL Students:  / </li></ul>                                                        <li><strong>Priority: </strong>Sibling Preference,Staff Preference,General</li><li><strong>Note: </strong>Staff Preference applies at the entry level grade only. A maximum of 2 seats can be filled through Staff Preference.</li></ul>"
610041,LOCKE J,Josephine C Locke Elementary School,ES,https://www.cps.edu/schools/profiles/school-overview/LOCKE-J,https://lockeschool.org,41.931762,-87.795604,LOCKE J-IB Primary Years Programme,None,"<ul><li><strong>Selection Type: </strong>Random Computerized Lottery</li>                                                        <li><strong>GPA: </strong>N/A</li><li><strong>HS Admissions Exam Minimum for ELA/Math: </strong></li>                                                        <ul><li>General Education and 504 Plan Students:  / </li><li>IEP and EL Students:  / </li></ul>                                                        <li><strong>Priority: </strong>Sibling Preference,Staff Preference,General</li><li><strong>Note: </strong>Staff Preference applies at the entry level grade only. A maximum of 2 seats can be filled through Staff Preference.</li></ul>"
610041,LOCKE J,Josephine C Locke Elementary School,ES,https://www.cps.edu/schools/profiles/school-overview/LOCKE-J,https://lockeschool.org,41.931762,-87.795604,LOCKE J-Magnet Cluster-IB Middle Years Programme,None,"<ul><li><strong>Selection Type: </strong>Random Computerized Lottery</li>                                                        <li><strong>GPA: </strong>N/A</li><li><strong>HS Admissions Exam Minimum for ELA/Math: </strong></li>                                                        <ul><li>General Education and 504 Plan Students:  / </li><li>IEP and EL Students:  / </li></ul>                                                        <li><strong>Priority: </strong>Sibling Preference,General</li></ul>"
609897,EARLE,Charles W Earle Elementary School,ES,https://www.cps.edu/schools/profiles/school-overview/EARLE,https://earlestemelementary.org,41.781225,-87.675547,EARLE-Magnet Cluster-STEM,None,"<ul><li><strong>Selection Type: </strong>Random Computerized Lottery</li>                                                        <li><strong>GPA: </strong>N/A</li><li><strong>HS Admissions Exam Minimum for ELA/Math: </strong></li>                                                        <ul><li>General Education and 504 Plan Students:  / </li><li>IEP and EL Students:  / </li></ul>                                                        <li><strong>Priority: </strong>Sibling Preference,Staff Preference,General</li><li><strong>Note: </strong>Staff Preference applies at the entry level grade only. A maximum of 2 seats can be filled through Staff Preference.</li></ul>"
609898,EBERHART,John F Eberhart Elementary School,ES,https://www.cps.edu/schools/profiles/school-overview/EBERHART,http://eberhart.cps.edu,41.77442,-87.707953,EBERHART-Magnet Cluster-Fine & Performing Arts,None,"<ul><li><strong>Selection Type: </strong>Random Computerized Lottery</li>                                                        <li><strong>GPA: </strong>N/A</li><li><strong>HS Admissions Exam Minimum for ELA/Math: </strong></li>                                                        <ul><li>General Education and 504 Plan Students:  / </li><li>IEP and EL Students:  / </li></ul>                                                        <li><strong>Priority: </strong>Sibling Preference,Staff Preference,General</li><li><strong>Note: </strong>Staff Preference applies at the entry level grade only. A maximum of 2 seats can be filled through Staff Preference.</li></ul>"
609898,EBERHART,John F Eberhart Elementary School,ES,https://www.cps.edu/schools/profiles/school-overview/EBERHART,http://eberhart.cps.edu,41.77442,-87.707953,EBERHART-Open Enrollment-Dual Language,None,"<ul><li><strong>Selection Type: </strong>Random Computerized Lottery</li>                                                        <li><strong>GPA: </strong>N/A</li><li><strong>HS Admissions Exam Minimum for ELA/Math: </strong></li>                                                        <ul><li>General Education and 504 Plan Students:  / </li><li>IEP and EL Students:  / </li></ul>                                                        <li><strong>Priority: </strong>Sibling Preference,Staff Preference,General</li><li><strong>Note: </strong>Staff Preference applies at the entry level grade only. A maximum of 2 seats can be filled through Staff Preference.</li></ul>"
609899,EBINGER,Christian Ebinger Elementary School,ES,https://www.cps.edu/schools/profiles/school-overview/EBINGER,https://ebingerschool.org,42.004408,-87.81117,EBINGER-Magnet Cluster-Fine & Performing Arts,None,"<ul><li><strong>Selection Type: </strong>Random Computerized Lottery</li>                                                        <li><strong>GPA: </strong>N/A</li><li><strong>HS Admissions Exam Minimum for ELA/Math: </strong></li>                                                        <ul><li>General Education and 504 Plan Students:  / </li><li>IEP and EL Students:  / </li></ul>                                                        <li><strong>Priority: </strong>Sibling Preference,Staff Preference,General</li><li><strong>Note: </strong>Staff Preference applies at the entry level grade only. A maximum of 2 seats can be filled through Staff Preference.</li></ul>"
609899,EBINGER,Christian Ebinger Elementary School,ES,https://www.cps.edu/schools/profiles/school-overview/EBINGER,https://ebingerschool.org,42.004408,-87.81117,"EBINGER-Magnet Cluster-IB Middle Years Programme, Fine & Performing Arts",None,"<ul><li><strong>Selection Type: </strong>Random Computerized Lottery</li>                                                        <li><strong>GPA: </strong>N/A</li><li><strong>HS Admissions Exam Minimum for ELA/Math: </strong></li>                                                        <ul><li>General Education and 504 Plan Students:  / </li><li>IEP and EL Students:  / </li></ul>                                                        <li><strong>Priority: </strong>Sibling Preference,General</li></ul>"
609900,CURTIS,George W Curtis Elementary School,ES,https://www.cps.edu/schools/profiles/school-overview/CURTIS,https://curtissoe.org/,41.685418,-87.621653,CURTIS - Open Enrollment - General Education,None,"<ul><li><strong>Selection Type: </strong>Random Computerized Lottery</li>                                                        <li><strong>GPA: </strong>N/A</li><li><strong>HS Admissions Exam Minimum for ELA/Math: </strong></li>                                                        <ul><li>General Education and 504 Plan Students:  / </li><li>IEP and EL Students:  / </li></ul>                                                        <li><strong>Priority: </strong>Sibling Preference,Staff Preference,General</li><li><strong>Note: </strong>Staff Preference applies at the entry level grade only. A maximum of 2 seats can be filled through Staff Preference.</li></ul>"
609901,EDGEBROOK,Edgebrook Elementary School,ES,https://www.cps.edu/schools/profiles/school-overview/EDGEBROOK,https://edgebrookschool.org,41.999437,-87.76184,EDGEBROOK-Open Enrollment-General Education,None,"<ul><li><strong>Selection Type: </strong>Random Computerized Lottery</li>                                                        <li><strong>GPA: </strong>N/A</li><li><strong>HS Admissions Exam Minimum for ELA/Math: </strong></li>                                                        <ul><li>General Education and 504 Plan Students:  / </li><li>IEP and EL Students:  / </li></ul>                                                        <li><strong>Priority: </strong>Sibling Preference,Staff Preference,General</li><li><strong>Note: </strong>Staff Preference applies at the entry level grade only. A maximum of 2 seats can be filled through Staff Preference.</li></ul>"
609902,METCALFE,Ralph H Metcalfe Elementary Community Academy,ES,https://www.cps.edu/schools/profiles/school-overview/METCALFE,https://metcalfe.cps.edu,41.669444,-87.634306,METCALFE-Open Enrollment-General Education,None,"<ul><li><strong>Selection Type: </strong>Random Computerized Lottery</li>                                                        <li><strong>GPA: </strong>N/A</li><li><strong>HS Admissions Exam Minimum for ELA/Math: </strong></li>                                                        <ul><li>General Education and 504 Plan Students:  / </li><li>IEP and EL Students:  / </li></ul>                                                        <li><strong>Priority: </strong>Sibling Preference,Staff Preference,General</li><li><strong>Note: </strong>Staff Preference applies at the entry level grade only. A maximum of 2 seats can be filled through Staff Preference.</li></ul>"
609903,EDWARDS,Richard Edwards Elementary School,ES,https://www.cps.edu/schools/profiles/school-overview/EDWARDS,https://edwards.cps.edu,41.805542,-87.725856,EDWARDS-Magnet Cluster-Fine & Performing Arts,None,"<ul><li><strong>Selection Type: </strong>Random Computerized Lottery</li>                                                        <li><strong>GPA: </strong>N/A</li><li><strong>HS Admissions Exam Minimum for ELA/Math: </strong></li>                                                        <ul><li>General Education and 504 Plan Students:  / </li><li>IEP and EL Students:  / </li></ul>                                                        <li><strong>Priority: </strong>Sibling Preference,Staff Preference,General</li><li><strong>Note: </strong>Staff Preference applies at the entry level grade only. A maximum of 2 seats can be filled through Staff Preference.</li></ul>"
609903,EDWARDS,Richard Edwards Elementary School,ES,https://www.cps.edu/schools/profiles/school-overview/EDWARDS,https://edwards.cps.edu,41.805542,-87.725856,"EDWARDS-Magnet Cluster-Fine & Performing Arts, IB Middle Years Programme",None,"<ul><li><strong>Selection Type: </strong>Random Computerized Lottery</li>                                                        <li><strong>GPA: </strong>N/A</li><li><strong>HS Admissions Exam Minimum for ELA/Math: </strong></li>                                                        <ul><li>General Education and 504 Plan Students:  / </li><li>IEP and EL Students:  / </li></ul>                                                        <li><strong>Priority: </strong>Sibling Preference,General</li></ul>"
609903,EDWARDS,Richard Edwards Elementary School,ES,https://www.cps.edu/schools/profiles/school-overview/EDWARDS,https://edwards.cps.edu,41.805542,-87.725856,EDWARDS-Open Enrollment-Dual Language,None,"<ul><li><strong>Selection Type: </strong>Random Computerized Lottery</li>                                                        <li><strong>GPA: </strong>N/A</li><li><strong>HS Admissions Exam Minimum for ELA/Math: </strong></li>                                                        <ul><li>General Education and 504 Plan Students:  / </li><li>IEP and EL Students:  / </li></ul>                                                        <li><strong>Priority: </strong>Sibling Preference,Staff Preference,General</li><li><strong>Note: </strong>Staff Preference applies at the entry level grade only. A maximum of 2 seats can be filled through Staff Preference.</li></ul>"
609904,ELLINGTON,Edward K Ellington Elementary School,ES,https://www.cps.edu/schools/profiles/school-overview/ELLINGTON,https://www.ellington.cps.edu/,41.88553,-87.766589,ELLINGTON-Open Enrollment-General Education,None,"<ul><li><strong>Selection Type: </strong>Random Computerized Lottery</li>                                                        <li><strong>GPA: </strong>N/A</li><li><strong>HS Admissions Exam Minimum for ELA/Math: </strong></li>                                                        <ul><li>General Education and 504 Plan Students:  / </li><li>IEP and EL Students:  / </li></ul>                                                        <li><strong>Priority: </strong>Sibling Preference,Staff Preference,General</li><li><strong>Note: </strong>Staff Preference applies at the entry level grade only. A maximum of 2 seats can be filled through Staff Preference.</li></ul>"
609904,ELLINGTON,Edward K Ellington Elementary School,ES,https://www.cps.edu/schools/profiles/school-overview/ELLINGTON,https://www.ellington.cps.edu/,41.88553,-87.766589,ELLINGTON-Magnet Cluster-IB Middle Years Programme,None,"<ul><li><strong>Selection Type: </strong>Random Computerized Lottery</li>                                                        <li><strong>GPA: </strong>N/A</li><li><strong>HS Admissions Exam Minimum for ELA/Math: </strong></li>                                                        <ul><li>General Education and 504 Plan Students:  / </li><li>IEP and EL Students:  / </li></ul>                                                        <li><strong>Priority: </strong>Sibling Preference,General</li></ul>"
610099,NORWOOD PARK,Norwood Park Elementary School,ES,https://www.cps.edu/schools/profiles/school-overview/NORWOOD-PARK,http://norwoodpark.cps.edu,41.988153,-87.802979,NORWOOD PARK-Magnet Cluster-World Language,None,"<ul><li><strong>Selection Type: </strong>Random Computerized Lottery</li>                                                        <li><strong>GPA: </strong>N/A</li><li><strong>HS Admissions Exam Minimum for ELA/Math: </strong></li>                                                        <ul><li>General Education and 504 Plan Students:  / </li><li>IEP and EL Students:  / </li></ul>                                                        <li><strong>Priority: </strong>Sibling Preference,Staff Preference,General</li><li><strong>Note: </strong>Staff Preference applies at the entry level grade only. A maximum of 2 seats can be filled through Staff Preference.World Language offered = Spanish</li></ul>"
610100,WEST PARK,West Park Elementary Academy,ES,https://www.cps.edu/schools/profiles/school-overview/WEST-PARK,https://westparkcps.org,41.906907,-87.732443,WEST PARK - Magnet Cluster - STEAM,None,"<ul><li><strong>Selection Type: </strong>Random Computerized Lottery</li>                                                        <li><strong>GPA: </strong>N/A</li><li><strong>HS Admissions Exam Minimum for ELA/Math: </strong></li>                                                        <ul><li>General Education and 504 Plan Students:  / </li><li>IEP and EL Students:  / </li></ul>                                                        <li><strong>Priority: </strong>Sibling Preference,Staff Preference,General</li><li><strong>Note: </strong>Staff Preference applies at the entry level grade only. A maximum of 2 seats can be filled through Staff Preference.</li></ul>"
610121,IRVING,Washington Irving Elementary School,ES,https://www.cps.edu/schools/profiles/school-overview/IRVING,https://irving.cps.edu,41.871595,-87.683616,IRVING-Open Enrollment-General Education,None,"<ul><li><strong>Selection Type: </strong>Random Computerized Lottery</li>                                                        <li><strong>GPA: </strong>N/A</li><li><strong>HS Admissions Exam Minimum for ELA/Math: </strong></li>                                                        <ul><li>General Education and 504 Plan Students:  / </li><li>IEP and EL Students:  / </li></ul>                                                        <li><strong>Priority: </strong>Sibling Preference,Staff Preference,General</li><li><strong>Note: </strong>Staff Preference applies at the entry level grade only. A maximum of 2 seats can be filled through Staff Preference.</li></ul>"
610122,PEIRCE,Helen Peirce International Studies ES,ES,https://www.cps.edu/schools/profiles/school-overview/PEIRCE,http://peirce.cps.edu,41.983456,-87.66585,PEIRCE-Magnet Cluster-IB Primary Years Programme,None,"<ul><li><strong>Selection Type: </strong>Random Computerized Lottery</li>                                                        <li><strong>GPA: </strong>N/A</li><li><strong>HS Admissions Exam Minimum for ELA/Math: </strong></li>                                                        <ul><li>General Education and 504 Plan Students:  / </li><li>IEP and EL Students:  / </li></ul>                                                        <li><strong>Priority: </strong>Sibling Preference,Staff Preference,General</li><li><strong>Note: </strong>Staff Preference applies at the entry level grade only. A maximum of 2 seats can be filled through Staff Preference.</li></ul>"
610122,PEIRCE,Helen Peirce International Studies ES,ES,https://www.cps.edu/schools/profiles/school-overview/PEIRCE,http://peirce.cps.edu,41.983456,-87.66585,PEIRCE-Magnet Cluster-IB Middle Years Programme,None,"<ul><li><strong>Selection Type: </strong>Random Computerized Lottery</li>                                                        <li><strong>GPA: </strong>N/A</li><li><strong>HS Admissions Exam Minimum for ELA/Math: </strong></li>                                                        <ul><li>General Education and 504 Plan Students:  / </li><li>IEP and EL Students:  / </li></ul>                                                        <li><strong>Priority: </strong>Sibling Preference,General</li></ul>"
610010,JAHN,Friedrich L. Jahn Elementary of the Fine Arts,ES,https://www.cps.edu/schools/profiles/school-overview/JAHN,https://www.jahnschool.com,41.939247,-87.67581,JAHN-Magnet Cluster-Fine & Performing Arts,None,"<ul><li><strong>Selection Type: </strong>Random Computerized Lottery</li>                                                        <li><strong>GPA: </strong>N/A</li><li><strong>HS Admissions Exam Minimum for ELA/Math: </strong></li>                                                        <ul><li>General Education and 504 Plan Students:  / </li><li>IEP and EL Students:  / </li></ul>                                                        <li><strong>Priority: </strong>Sibling Preference,Staff Preference,General</li><li><strong>Note: </strong>Staff Preference applies at the entry level grade only. A maximum of 2 seats can be filled through Staff Preference.</li></ul>"
610034,LAWNDALE,Lawndale Elementary Community Academy,ES,https://www.cps.edu/schools/profiles/school-overview/LAWNDALE,https://lawndalepanthers.org,41.86296,-87.712957,LAWNDALE-Open Enrollment-General Education,None,"<ul><li><strong>Selection Type: </strong>Random Computerized Lottery</li>                                                        <li><strong>GPA: </strong>N/A</li><li><strong>HS Admissions Exam Minimum for ELA/Math: </strong></li>                                                        <ul><li>General Education and 504 Plan Students:  / </li><li>IEP and EL Students:  / </li></ul>                                                        <li><strong>Priority: </strong>Sibling Preference,Staff Preference,General</li><li><strong>Note: </strong>Staff Preference applies at the entry level grade only. A maximum of 2 seats can be filled through Staff Preference.</li></ul>"
610054,MARSH,John L Marsh Elementary School,ES,https://www.cps.edu/schools/profiles/school-overview/MARSH,https://jlmarsh.org,41.716588,-87.552483,MARSH-Open Enrollment-General Education,None,"<ul><li><strong>Selection Type: </strong>Random Computerized Lottery</li>                                                        <li><strong>GPA: </strong>N/A</li><li><strong>HS Admissions Exam Minimum for ELA/Math: </strong></li>                                                        <ul><li>General Education and 504 Plan Students:  / </li><li>IEP and EL Students:  / </li></ul>                                                        <li><strong>Priority: </strong>Sibling Preference,Staff Preference,General</li><li><strong>Note: </strong>Staff Preference applies at the entry level grade only. A maximum of 2 seats can be filled through Staff Preference.</li></ul>"
610054,MARSH,John L Marsh Elementary School,ES,https://www.cps.edu/schools/profiles/school-overview/MARSH,https://jlmarsh.org,41.716588,-87.552483,MARSH-Magnet Cluster-IB Middle Years Programme,None,"<ul><li><strong>Selection Type: </strong>Random Computerized Lottery</li>                                                        <li><strong>GPA: </strong>N/A</li><li><strong>HS Admissions Exam Minimum for ELA/Math: </strong></li>                                                        <ul><li>General Education and 504 Plan Students:  / </li><li>IEP and EL Students:  / </li></ul>                                                        <li><strong>Priority: </strong>Sibling Preference,General</li></ul>"
610055,FARADAY,Michael Faraday Elementary School,ES,https://www.cps.edu/schools/profiles/school-overview/FARADAY,https://faradayelementary.org,41.879714,-87.708092,FARADAY-Open Enrollment-General Education,None,"<ul><li><strong>Selection Type: </strong>Random Computerized Lottery</li>                                                        <li><strong>GPA: </strong>N/A</li><li><strong>HS Admissions Exam Minimum for ELA/Math: </strong></li>                                                        <ul><li>General Education and 504 Plan Students:  / </li><li>IEP and EL Students:  / </li></ul>                                                        <li><strong>Priority: </strong>Sibling Preference,Staff Preference,General</li><li><strong>Note: </strong>Staff Preference applies at the entry level grade only. A maximum of 2 seats can be filled through Staff Preference.</li></ul>"
610077,MORRILL,Donald Morrill Math & Science Elementary School,ES,https://www.cps.edu/schools/profiles/school-overview/MORRILL,https://morrilleagles.org,41.784313,-87.688549,MORRILL-Open Enrollment-General Education,None,"<ul><li><strong>Selection Type: </strong>Random Computerized Lottery</li>                                                        <li><strong>GPA: </strong>N/A</li><li><strong>HS Admissions Exam Minimum for ELA/Math: </strong></li>                                                        <ul><li>General Education and 504 Plan Students:  / </li><li>IEP and EL Students:  / </li></ul>                                                        <li><strong>Priority: </strong>Sibling Preference,Staff Preference,General</li><li><strong>Note: </strong>Staff Preference applies at the entry level grade only. A maximum of 2 seats can be filled through Staff Preference.</li></ul>"
610011,JAMIESON,Minnie Mars Jamieson Elementary School,ES,https://www.cps.edu/schools/profiles/school-overview/JAMIESON,https://jamieson.cps.edu,41.984641,-87.700529,JAMIESON-Open Enrollment-General Education,None,"<ul><li><strong>Selection Type: </strong>Random Computerized Lottery</li>                                                        <li><strong>GPA: </strong>N/A</li><li><strong>HS Admissions Exam Minimum for ELA/Math: </strong></li>                                                        <ul><li>General Education and 504 Plan Students:  / </li><li>IEP and EL Students:  / </li></ul>                                                        <li><strong>Priority: </strong>Sibling Preference,Staff Preference,General</li><li><strong>Note: </strong>Staff Preference applies at the entry level grade only. A maximum of 2 seats can be filled through Staff Preference.</li></ul>"
609991,HERZL,Theodore Herzl Elementary School,ES,https://www.cps.edu/schools/profiles/school-overview/HERZL,https://www.herzlschoolofexcellence.org,41.862081,-87.718994,HERZL-Open Enrollment-General Education,None,"<ul><li><strong>Selection Type: </strong>Random Computerized Lottery</li>                                                        <li><strong>GPA: </strong>N/A</li><li><strong>HS Admissions Exam Minimum for ELA/Math: </strong></li>                                                        <ul><li>General Education and 504 Plan Students:  / </li><li>IEP and EL Students:  / </li></ul>                                                        <li><strong>Priority: </strong>Sibling Preference,Staff Preference,General</li><li><strong>Note: </strong>Staff Preference applies at the entry level grade only. A maximum of 2 seats can be filled through Staff Preference.</li></ul>"
609993,LARA,Agustin Lara Elementary Academy,ES,https://www.cps.edu/schools/profiles/school-overview/LARA,https://lara.cps.edu,41.80977,-87.672182,LARA-Open Enrollment-General Education,None,"<ul><li><strong>Selection Type: </strong>Random Computerized Lottery</li>                                                        <li><strong>GPA: </strong>N/A</li><li><strong>HS Admissions Exam Minimum for ELA/Math: </strong></li>                                                        <ul><li>General Education and 504 Plan Students:  / </li><li>IEP and EL Students:  / </li></ul>                                                        <li><strong>Priority: </strong>Sibling Preference,Staff Preference,General</li><li><strong>Note: </strong>Staff Preference applies at the entry level grade only. A maximum of 2 seats can be filled through Staff Preference.</li></ul>"
609994,HIBBARD,William G Hibbard Elementary School,ES,https://www.cps.edu/schools/profiles/school-overview/HIBBARD,http://hibbard.cps.edu,41.970335,-87.710362,HIBBARD-Open Enrollment-General Education,None,"<ul><li><strong>Selection Type: </strong>Random Computerized Lottery</li>                                                        <li><strong>GPA: </strong>N/A</li><li><strong>HS Admissions Exam Minimum for ELA/Math: </strong></li>                                                        <ul><li>General Education and 504 Plan Students:  / </li><li>IEP and EL Students:  / </li></ul>                                                        <li><strong>Priority: </strong>Sibling Preference,Staff Preference,General</li><li><strong>Note: </strong>Staff Preference applies at the entry level grade only. A maximum of 2 seats can be filled through Staff Preference.</li></ul>"
609994,HIBBARD,William G Hibbard Elementary School,ES,https://www.cps.edu/schools/profiles/school-overview/HIBBARD,http://hibbard.cps.edu,41.970335,-87.710362,HIBBARD-Open Enrollment-Dual Language,None,"<ul><li><strong>Selection Type: </strong>Random Computerized Lottery</li>                                                        <li><strong>GPA: </strong>N/A</li><li><strong>HS Admissions Exam Minimum for ELA/Math: </strong></li>                                                        <ul><li>General Education and 504 Plan Students:  / </li><li>IEP and EL Students:  / </li></ul>                                                        <li><strong>Priority: </strong>Sibling Preference,Staff Preference,General</li><li><strong>Note: </strong>Staff Preference applies at the entry level grade only. A maximum of 2 seats can be filled through Staff Preference.</li></ul>"
609995,HITCH,Rufus M Hitch Elementary School,ES,https://www.cps.edu/schools/profiles/school-overview/HITCH,https://hitch.cps.edu,41.983672,-87.779123,HITCH-Open Enrollment-General Education,None,"<ul><li><strong>Selection Type: </strong>Random Computerized Lottery</li>                                                        <li><strong>GPA: </strong>N/A</li><li><strong>HS Admissions Exam Minimum for ELA/Math: </strong></li>                                                        <ul><li>General Education and 504 Plan Students:  / </li><li>IEP and EL Students:  / </li></ul>                                                        <li><strong>Priority: </strong>Sibling Preference,Staff Preference,General</li><li><strong>Note: </strong>Staff Preference applies at the entry level grade only. A maximum of 2 seats can be filled through Staff Preference.</li></ul>"
609996,HOLDEN,Charles N Holden Elementary School,ES,https://www.cps.edu/schools/profiles/school-overview/HOLDEN,https://holdenschool.org,41.838027,-87.653792,HOLDEN-Magnet Cluster-Fine & Performing Arts,None,"<ul><li><strong>Selection Type: </strong>Random Computerized Lottery</li>                                                        <li><strong>GPA: </strong>N/A</li><li><strong>HS Admissions Exam Minimum for ELA/Math: </strong></li>                                                        <ul><li>General Education and 504 Plan Students:  / </li><li>IEP and EL Students:  / </li></ul>                                                        <li><strong>Priority: </strong>Sibling Preference,Staff Preference,General</li><li><strong>Note: </strong>Staff Preference applies at the entry level grade only. A maximum of 2 seats can be filled through Staff Preference.</li></ul>"
609997,HOLMES,Oliver Wendell Holmes Elementary School,ES,https://www.cps.edu/schools/profiles/school-overview/HOLMES,http://owholmes.cps.edu,41.793788,-87.649795,HOLMES-Open Enrollment-General Education,None,"<ul><li><strong>Selection Type: </strong>Random Computerized Lottery</li>                                                        <li><strong>GPA: </strong>N/A</li><li><strong>HS Admissions Exam Minimum for ELA/Math: </strong></li>                                                        <ul><li>General Education and 504 Plan Students:  / </li><li>IEP and EL Students:  / </li></ul>                                                        <li><strong>Priority: </strong>Sibling Preference,Staff Preference,General</li><li><strong>Note: </strong>Staff Preference applies at the entry level grade only. A maximum of 2 seats can be filled through Staff Preference.</li></ul>"
610000,HOWE,Julia Ward Howe Elementary School of Excellence,ES,https://www.cps.edu/schools/profiles/school-overview/HOWE,https://howejets.org,41.893612,-87.759398,HOWE-Open Enrollment-General Education,None,"<ul><li><strong>Selection Type: </strong>Random Computerized Lottery</li>                                                        <li><strong>GPA: </strong>N/A</li><li><strong>HS Admissions Exam Minimum for ELA/Math: </strong></li>                                                        <ul><li>General Education and 504 Plan Students:  / </li><li>IEP and EL Students:  / </li></ul>                                                        <li><strong>Priority: </strong>Sibling Preference,Staff Preference,General</li><li><strong>Note: </strong>Staff Preference applies at the entry level grade only. A maximum of 2 seats can be filled through Staff Preference.</li></ul>"
610002,HOYNE,Thomas Hoyne Elementary School,ES,https://www.cps.edu/schools/profiles/school-overview/HOYNE,https://thomashoyne.org,41.733338,-87.568228,HOYNE-Magnet Cluster-Fine & Performing Arts,None,"<ul><li><strong>Selection Type: </strong>Random Computerized Lottery</li>                                                        <li><strong>GPA: </strong>N/A</li><li><strong>HS Admissions Exam Minimum for ELA/Math: </strong></li>                                                        <ul><li>General Education and 504 Plan Students:  / </li><li>IEP and EL Students:  / </li></ul>                                                        <li><strong>Priority: </strong>Sibling Preference,Staff Preference,General</li><li><strong>Note: </strong>Staff Preference applies at the entry level grade only. A maximum of 2 seats can be filled through Staff Preference.</li></ul>"
610003,CUFFE,Paul Cuffe Math-Science Technology Academy ES,ES,https://www.cps.edu/schools/profiles/school-overview/CUFFE,https://cuffeacademy.org,41.742452,-87.653633,CUFFE - Magnet Cluster - STEM,None,"<ul><li><strong>Selection Type: </strong>Random Computerized Lottery</li>                                                        <li><strong>GPA: </strong>N/A</li><li><strong>HS Admissions Exam Minimum for ELA/Math: </strong></li>                                                        <ul><li>General Education and 504 Plan Students:  / </li><li>IEP and EL Students:  / </li></ul>                                                        <li><strong>Priority: </strong>Sibling Preference,Staff Preference,General</li><li><strong>Note: </strong>Staff Preference applies at the entry level grade only. A maximum of 2 seats can be filled through Staff Preference.</li></ul>"
610004,CULLEN,Countee Cullen Elementary School,ES,https://www.cps.edu/schools/profiles/school-overview/CULLEN,https://counteecullenelementary.org,41.700335,-87.611244,CULLEN - Open Enrollment - General Education,None,"<ul><li><strong>Selection Type: </strong>Random Computerized Lottery</li>                                                        <li><strong>GPA: </strong>N/A</li><li><strong>HS Admissions Exam Minimum for ELA/Math: </strong></li>                                                        <ul><li>General Education and 504 Plan Students:  / </li><li>IEP and EL Students:  / </li></ul>                                                        <li><strong>Priority: </strong>Sibling Preference,Staff Preference,General</li><li><strong>Note: </strong>Staff Preference applies at the entry level grade only. A maximum of 2 seats can be filled through Staff Preference.</li></ul>"
610005,HUGHES C,Charles Evans Hughes Elementary School,ES,https://www.cps.edu/schools/profiles/school-overview/HUGHES-C,https://cehughes.cps.edu,41.860518,-87.731777,HUGHES C-Open Enrollment-General Education,None,"<ul><li><strong>Selection Type: </strong>Random Computerized Lottery</li>                                                        <li><strong>GPA: </strong>N/A</li><li><strong>HS Admissions Exam Minimum for ELA/Math: </strong></li>                                                        <ul><li>General Education and 504 Plan Students:  / </li><li>IEP and EL Students:  / </li></ul>                                                        <li><strong>Priority: </strong>Sibling Preference,Staff Preference,General</li><li><strong>Note: </strong>Staff Preference applies at the entry level grade only. A maximum of 2 seats can be filled through Staff Preference.</li></ul>"
610006,HURLEY,Edward N Hurley Elementary School,ES,https://www.cps.edu/schools/profiles/school-overview/HURLEY,http://hurley.cps.edu,41.766785,-87.719541,HURLEY-Magnet Cluster-Fine & Performing Arts,None,"<ul><li><strong>Selection Type: </strong>Random Computerized Lottery</li>                                                        <li><strong>GPA: </strong>N/A</li><li><strong>HS Admissions Exam Minimum for ELA/Math: </strong></li>                                                        <ul><li>General Education and 504 Plan Students:  / </li><li>IEP and EL Students:  / </li></ul>                                                        <li><strong>Priority: </strong>Sibling Preference,Staff Preference,General</li><li><strong>Note: </strong>Staff Preference applies at the entry level grade only. A maximum of 2 seats can be filled through Staff Preference.</li></ul>"
610006,HURLEY,Edward N Hurley Elementary School,ES,https://www.cps.edu/schools/profiles/school-overview/HURLEY,http://hurley.cps.edu,41.766785,-87.719541,HURLEY-Open Enrollment-Dual Language,None,"<ul><li><strong>Selection Type: </strong>Random Computerized Lottery</li>                                                        <li><strong>GPA: </strong>N/A</li><li><strong>HS Admissions Exam Minimum for ELA/Math: </strong></li>                                                        <ul><li>General Education and 504 Plan Students:  / </li><li>IEP and EL Students:  / </li></ul>                                                        <li><strong>Priority: </strong>Sibling Preference,Staff Preference,General</li><li><strong>Note: </strong>Staff Preference applies at the entry level grade only. A maximum of 2 seats can be filled through Staff Preference.</li></ul>"
609988,HENRY,Patrick Henry Elementary School,ES,https://www.cps.edu/schools/profiles/school-overview/HENRY,http://patrickhenryes.cps.edu,41.958989,-87.715632,HENRY-Open Enrollment-General Education,None,"<ul><li><strong>Selection Type: </strong>Random Computerized Lottery</li>                                                        <li><strong>GPA: </strong>N/A</li><li><strong>HS Admissions Exam Minimum for ELA/Math: </strong></li>                                                        <ul><li>General Education and 504 Plan Students:  / </li><li>IEP and EL Students:  / </li></ul>                                                        <li><strong>Priority: </strong>Sibling Preference,Staff Preference,General</li><li><strong>Note: </strong>Staff Preference applies at the entry level grade only. A maximum of 2 seats can be filled through Staff Preference.</li></ul>"
609978,SMITH,Wendell Smith Elementary School,ES,https://www.cps.edu/schools/profiles/school-overview/SMITH,https://wendellsmith.cps.edu,41.707558,-87.60466,SMITH-Open Enrollment- General Education,None,"<ul><li><strong>Selection Type: </strong>Random Computerized Lottery</li>                                                        <li><strong>GPA: </strong>N/A</li><li><strong>HS Admissions Exam Minimum for ELA/Math: </strong></li>                                                        <ul><li>General Education and 504 Plan Students:  / </li><li>IEP and EL Students:  / </li></ul>                                                        <li><strong>Priority: </strong>Sibling Preference,Staff Preference,General</li><li><strong>Note: </strong>Staff Preference applies at the entry level grade only. A maximum of 2 seats can be filled through Staff Preference.</li></ul>"
609979,HEALY,Robert Healy Elementary School,ES,https://www.cps.edu/schools/profiles/school-overview/HEALY,http://healy.cps.edu/,41.839595,-87.640341,HEALY-Magnet Cluster-Fine & Performing Arts,None,"<ul><li><strong>Selection Type: </strong>Random Computerized Lottery</li>                                                        <li><strong>GPA: </strong>N/A</li><li><strong>HS Admissions Exam Minimum for ELA/Math: </strong></li>                                                        <ul><li>General Education and 504 Plan Students:  / </li><li>IEP and EL Students:  / </li></ul>                                                        <li><strong>Priority: </strong>Sibling Preference,Staff Preference,General</li><li><strong>Note: </strong>Staff Preference applies at the entry level grade only. A maximum of 2 seats can be filled through Staff Preference.</li></ul>"
609981,HEARST,Phoebe Apperson Hearst Elementary School,ES,https://www.cps.edu/schools/profiles/school-overview/HEARST,https://www.hearst.cps.edu,41.808175,-87.745726,HEARST-Open Enrollment-General Education,None,"<ul><li><strong>Selection Type: </strong>Random Computerized Lottery</li>                                                        <li><strong>GPA: </strong>N/A</li><li><strong>HS Admissions Exam Minimum for ELA/Math: </strong></li>                                                        <ul><li>General Education and 504 Plan Students:  / </li><li>IEP and EL Students:  / </li></ul>                                                        <li><strong>Priority: </strong>Sibling Preference,Staff Preference,General</li><li><strong>Note: </strong>Staff Preference applies at the entry level grade only. A maximum of 2 seats can be filled through Staff Preference.</li></ul>"
609983,HEDGES,James Hedges Elementary School,ES,https://www.cps.edu/schools/profiles/school-overview/HEDGES,https://hedgescps.org,41.807112,-87.673327,HEDGES-Magnet Cluster-Fine & Performing Arts,None,"<ul><li><strong>Selection Type: </strong>Random Computerized Lottery</li>                                                        <li><strong>GPA: </strong>N/A</li><li><strong>HS Admissions Exam Minimum for ELA/Math: </strong></li>                                                        <ul><li>General Education and 504 Plan Students:  / </li><li>IEP and EL Students:  / </li></ul>                                                        <li><strong>Priority: </strong>Sibling Preference,Staff Preference,General</li><li><strong>Note: </strong>Staff Preference applies at the entry level grade only. A maximum of 2 seats can be filled through Staff Preference.</li></ul>"
609985,HEFFERAN,Helen M Hefferan Elementary School,ES,https://www.cps.edu/schools/profiles/school-overview/HEFFERAN,https://hefferan.cps.edu,41.878665,-87.735802,HEFFERAN-Magnet Cluster-STEM,None,"<ul><li><strong>Selection Type: </strong>Random Computerized Lottery</li>                                                        <li><strong>GPA: </strong>N/A</li><li><strong>HS Admissions Exam Minimum for ELA/Math: </strong></li>                                                        <ul><li>General Education and 504 Plan Students:  / </li><li>IEP and EL Students:  / </li></ul>                                                        <li><strong>Priority: </strong>Sibling Preference,Staff Preference,General</li><li><strong>Note: </strong>Staff Preference applies at the entry level grade only. A maximum of 2 seats can be filled through Staff Preference.</li></ul>"
609986,HENDERSON,Charles R Henderson Elementary School,ES,https://www.cps.edu/schools/profiles/school-overview/HENDERSON,http://henderson.cps.edu,41.790591,-87.671887,HENDERSON-Open Enrollment-General Education,None,"<ul><li><strong>Selection Type: </strong>Random Computerized Lottery</li>                                                        <li><strong>GPA: </strong>N/A</li><li><strong>HS Admissions Exam Minimum for ELA/Math: </strong></li>                                                        <ul><li>General Education and 504 Plan Students:  / </li><li>IEP and EL Students:  / </li></ul>                                                        <li><strong>Priority: </strong>Sibling Preference,Staff Preference,General</li><li><strong>Note: </strong>Staff Preference applies at the entry level grade only. A maximum of 2 seats can be filled through Staff Preference.</li></ul>"
609987,HENDRICKS,Thomas A Hendricks Elementary Community Academy,ES,https://www.cps.edu/schools/profiles/school-overview/HENDRICKS,https://hendricksacademy.org,41.815788,-87.633664,HENDRICKS-Open Enrollment-General Education,None,"<ul><li><strong>Selection Type: </strong>Random Computerized Lottery</li>                                                        <li><strong>GPA: </strong>N/A</li><li><strong>HS Admissions Exam Minimum for ELA/Math: </strong></li>                                                        <ul><li>General Education and 504 Plan Students:  / </li><li>IEP and EL Students:  / </li></ul>                                                        <li><strong>Priority: </strong>Sibling Preference,Staff Preference,General</li><li><strong>Note: </strong>Staff Preference applies at the entry level grade only. A maximum of 2 seats can be filled through Staff Preference.</li></ul>"
609975,HAY,John Hay Elementary Community Academy,ES,https://www.cps.edu/schools/profiles/school-overview/HAY,https://johnhayacademy.org,41.899171,-87.755813,HAY-Open Enrollment-General Education,None,"<ul><li><strong>Selection Type: </strong>Random Computerized Lottery</li>                                                        <li><strong>GPA: </strong>N/A</li><li><strong>HS Admissions Exam Minimum for ELA/Math: </strong></li>                                                        <ul><li>General Education and 504 Plan Students:  / </li><li>IEP and EL Students:  / </li></ul>                                                        <li><strong>Priority: </strong>Sibling Preference,Staff Preference,General</li><li><strong>Note: </strong>Staff Preference applies at the entry level grade only. A maximum of 2 seats can be filled through Staff Preference.</li></ul>"
609976,HAYT,Stephen K Hayt Elementary School,ES,https://www.cps.edu/schools/profiles/school-overview/HAYT,https://hayt.cps.edu,41.994541,-87.668504,HAYT-Open Enrollment-General Education,None,"<ul><li><strong>Selection Type: </strong>Random Computerized Lottery</li>                                                        <li><strong>GPA: </strong>N/A</li><li><strong>HS Admissions Exam Minimum for ELA/Math: </strong></li>                                                        <ul><li>General Education and 504 Plan Students:  / </li><li>IEP and EL Students:  / </li></ul>                                                        <li><strong>Priority: </strong>Sibling Preference,Staff Preference,General</li><li><strong>Note: </strong>Staff Preference applies at the entry level grade only. A maximum of 2 seats can be filled through Staff Preference.</li></ul>"
609908,ESMOND,Esmond Elementary School,ES,https://www.cps.edu/schools/profiles/school-overview/ESMOND,https://esmond.cps.edu,41.68942,-87.669159,ESMOND-Open Enrollment-General Education,None,"<ul><li><strong>Selection Type: </strong>Random Computerized Lottery</li>                                                        <li><strong>GPA: </strong>N/A</li><li><strong>HS Admissions Exam Minimum for ELA/Math: </strong></li>                                                        <ul><li>General Education and 504 Plan Students:  / </li><li>IEP and EL Students:  / </li></ul>                                                        <li><strong>Priority: </strong>Sibling Preference,Staff Preference,General</li><li><strong>Note: </strong>Staff Preference applies at the entry level grade only. A maximum of 2 seats can be filled through Staff Preference.</li></ul>"
609908,ESMOND,Esmond Elementary School,ES,https://www.cps.edu/schools/profiles/school-overview/ESMOND,https://esmond.cps.edu,41.68942,-87.669159,ESMOND-Magnet Cluster-IB Middle Years Programme,None,"<ul><li><strong>Selection Type: </strong>Random Computerized Lottery</li>                                                        <li><strong>GPA: </strong>N/A</li><li><strong>HS Admissions Exam Minimum for ELA/Math: </strong></li>                                                        <ul><li>General Education and 504 Plan Students:  / </li><li>IEP and EL Students:  / </li></ul>                                                        <li><strong>Priority: </strong>Sibling Preference,General</li></ul>"
609909,EVERETT,Edward Everett Elementary School,ES,https://www.cps.edu/schools/profiles/school-overview/EVERETT,https://everett.cps.edu,41.831555,-87.68131,EVERETT-Magnet Cluster-STEM,None,"<ul><li><strong>Selection Type: </strong>Random Computerized Lottery</li>                                                        <li><strong>GPA: </strong>N/A</li><li><strong>HS Admissions Exam Minimum for ELA/Math: </strong></li>                                                        <ul><li>General Education and 504 Plan Students:  / </li><li>IEP and EL Students:  / </li></ul>                                                        <li><strong>Priority: </strong>Sibling Preference,Staff Preference,General</li><li><strong>Note: </strong>Staff Preference applies at the entry level grade only. A maximum of 2 seats can be filled through Staff Preference.</li></ul>"
610587,DYETT ARTS HS,Walter Henri Dyett High School for the Arts,HS,https://www.cps.edu/schools/profiles/school-overview/DYETT-ARTS-HS,https://newdyett.org,41.801204,-87.612239,DYETT ARTS HS-Fine & Performing Arts-Band,None,"<ul><li><strong>Selection Type: </strong>Random Computerized Lottery</li>                                                        <li><strong>GPA: </strong>2</li><li><strong>HS Admissions Exam Minimum for ELA/Math: </strong></li>                                                        <ul><li>General Education and 504 Plan Students:  / </li><li>IEP and EL Students:  / </li></ul>                                                        <li><strong>Priority: </strong>Sibling Preference,Attendance Area,General</li></ul>"
610587,DYETT ARTS HS,Walter Henri Dyett High School for the Arts,HS,https://www.cps.edu/schools/profiles/school-overview/DYETT-ARTS-HS,https://newdyett.org,41.801204,-87.612239,DYETT ARTS HS-Fine & Performing Arts-Choir,None,"<ul><li><strong>Selection Type: </strong>Random Computerized Lottery</li>                                                        <li><strong>GPA: </strong>2</li><li><strong>HS Admissions Exam Minimum for ELA/Math: </strong></li>                                                        <ul><li>General Education and 504 Plan Students:  / </li><li>IEP and EL Students:  / </li></ul>                                                        <li><strong>Priority: </strong>Sibling Preference,Attendance Area,General</li></ul>"
610587,DYETT ARTS HS,Walter Henri Dyett High School for the Arts,HS,https://www.cps.edu/schools/profiles/school-overview/DYETT-ARTS-HS,https://newdyett.org,41.801204,-87.612239,DYETT ARTS HS-Fine & Performing Arts-Dance,None,"<ul><li><strong>Selection Type: </strong>Random Computerized Lottery</li>                                                        <li><strong>GPA: </strong>2.0</li><li><strong>HS Admissions Exam Minimum for ELA/Math: </strong></li>                                                        <ul><li>General Education and 504 Plan Students:  / </li><li>IEP and EL Students:  / </li></ul>                                                        <li><strong>Priority: </strong>Sibling Preference,Attendance Area,General</li></ul>"
610587,DYETT ARTS HS,Walter Henri Dyett High School for the Arts,HS,https://www.cps.edu/schools/profiles/school-overview/DYETT-ARTS-HS,https://newdyett.org,41.801204,-87.612239,"DYETT ARTS HS-Career & Technical Education (CTE)-Arts, A/V Technology and Communications- Digital Media",None,"<ul><li><strong>Selection Type: </strong>Random Computerized Lottery</li>                                                        <li><strong>GPA: </strong>N/A</li><li><strong>HS Admissions Exam Minimum for ELA/Math: </strong></li>                                                        <ul><li>General Education and 504 Plan Students:  / </li><li>IEP and EL Students:  / </li></ul>                                                        <li><strong>Priority: </strong>Attendance Area,General</li></ul>"
610587,DYETT ARTS HS,Walter Henri Dyett High School for the Arts,HS,https://www.cps.edu/schools/profiles/school-overview/DYETT-ARTS-HS,https://newdyett.org,41.801204,-87.612239,DYETT ARTS HS-General Education,None,"<ul><li><strong>Selection Type: </strong>Random Computerized Lottery</li>                                                        <li><strong>GPA: </strong>2</li><li><strong>HS Admissions Exam Minimum for ELA/Math: </strong></li>                                                        <ul><li>General Education and 504 Plan Students:  / </li><li>IEP and EL Students:  / </li></ul>                                                        <li><strong>Priority: </strong>Sibling Preference,Attendance Area,General</li></ul>"
610587,DYETT ARTS HS,Walter Henri Dyett High School for the Arts,HS,https://www.cps.edu/schools/profiles/school-overview/DYETT-ARTS-HS,https://newdyett.org,41.801204,-87.612239,DYETT HS - Special Education - Significantly Modified Curriculum w/ Moderate Supports,Cluster and Review,"<ul><li><strong>Selection Type: </strong>Random Computerized Lottery</li>                                                        <li><strong>GPA: </strong>N/A</li><li><strong>HS Admissions Exam Minimum for ELA/Math: </strong></li>                                                        <ul><li>General Education and 504 Plan Students:  / </li><li>IEP and EL Students:  / </li></ul>                                                        <li><strong>Priority: </strong>Proximity,General</li></ul>"
610587,DYETT ARTS HS,Walter Henri Dyett High School for the Arts,HS,https://www.cps.edu/schools/profiles/school-overview/DYETT-ARTS-HS,https://newdyett.org,41.801204,-87.612239,DYETT ARTS HS-Fine & Performing Arts-Theatre,None,"<ul><li><strong>Selection Type: </strong>Random Computerized Lottery</li>                                                        <li><strong>GPA: </strong>2</li><li><strong>HS Admissions Exam Minimum for ELA/Math: </strong></li>                                                        <ul><li>General Education and 504 Plan Students:  / </li><li>IEP and EL Students:  / </li></ul>                                                        <li><strong>Priority: </strong>Sibling Preference,Attendance Area,General</li></ul>"
610587,DYETT ARTS HS,Walter Henri Dyett High School for the Arts,HS,https://www.cps.edu/schools/profiles/school-overview/DYETT-ARTS-HS,https://newdyett.org,41.801204,-87.612239,DYETT ARTS HS-Fine & Performing Arts-Visual Arts,None,"<ul><li><strong>Selection Type: </strong>Random Computerized Lottery</li>                                                        <li><strong>GPA: </strong>2.0</li><li><strong>HS Admissions Exam Minimum for ELA/Math: </strong></li>                                                        <ul><li>General Education and 504 Plan Students:  / </li><li>IEP and EL Students:  / </li></ul>                                                        <li><strong>Priority: </strong>Sibling Preference,Attendance Area,General</li></ul>"
609733,SULLIVAN HS,Roger C Sullivan High School,HS,https://www.cps.edu/schools/profiles/school-overview/SULLIVAN-HS,https://sullivanhs.org,42.002688,-87.669192,SULLIVAN HS-Career & Technical Education (CTE)-Business & Finance-Entrepreneurship,None,"<ul><li><strong>Selection Type: </strong>Random Computerized Lottery</li>                                                        <li><strong>GPA: </strong>N/A</li><li><strong>HS Admissions Exam Minimum for ELA/Math: </strong></li>                                                        <ul><li>General Education and 504 Plan Students:  / </li><li>IEP and EL Students:  / </li></ul>                                                        <li><strong>Priority: </strong>Attendance Area,General</li></ul>"
609733,SULLIVAN HS,Roger C Sullivan High School,HS,https://www.cps.edu/schools/profiles/school-overview/SULLIVAN-HS,https://sullivanhs.org,42.002688,-87.669192,SULLIVAN HS-General Education-The English Learner Academy,None,"<ul><li><strong>Selection Type: </strong>Random Computerized Lottery</li>                                                        <li><strong>GPA: </strong>N/A</li><li><strong>HS Admissions Exam Minimum for ELA/Math: </strong></li>                                                        <ul><li>General Education and 504 Plan Students:  / </li><li>IEP and EL Students:  / </li></ul>                                                        <li><strong>Priority: </strong>Sibling Preference,Elementary Preference,Attendance Area,General</li><li><strong>Note: </strong>Elementary preference: 
Armstrong, Boone, Courtenay, Field, Gale, Hayt, Jordan, Kilmer, McCutcheon, McPherson, West Ridge</li></ul>"
609733,SULLIVAN HS,Roger C Sullivan High School,HS,https://www.cps.edu/schools/profiles/school-overview/SULLIVAN-HS,https://sullivanhs.org,42.002688,-87.669192,SULLIVAN HS-General Education,None,"<ul><li><strong>Selection Type: </strong>Random Computerized Lottery</li>                                                        <li><strong>GPA: </strong>N/A</li><li><strong>HS Admissions Exam Minimum for ELA/Math: </strong></li>                                                        <ul><li>General Education and 504 Plan Students:  / </li><li>IEP and EL Students:  / </li></ul>                                                        <li><strong>Priority: </strong>Sibling Preference,Staff Preference,Elementary Preference,Attendance Area,General</li><li><strong>Note: </strong>Elementary preference: Armstrong, Boone, Courtenay, Field, Gale, Hayt, Jordan, Kilmer, McCutcheon, McPherson, West RidgeStaff Preference applies at the entry level grade only. A maximum of 2 seats can be filled through Staff Preference.</li></ul>"
609733,SULLIVAN HS,Roger C Sullivan High School,HS,https://www.cps.edu/schools/profiles/school-overview/SULLIVAN-HS,https://sullivanhs.org,42.002688,-87.669192,SULLIVAN HS-Career & Technical Education (CTE)-Health Science,None,<ul><li><strong>Selection Type: </strong>Descending Point Score based on Academic Criteria</li>                                                        <li><strong>GPA: </strong>N/A</li><li><strong>HS Admissions Exam Minimum for ELA/Math: </strong></li>                                                        <ul><li>General Education and 504 Plan Students:  / </li><li>IEP and EL Students:  / </li></ul>                                                        <li><strong>Priority: </strong>General</li></ul>
609733,SULLIVAN HS,Roger C Sullivan High School,HS,https://www.cps.edu/schools/profiles/school-overview/SULLIVAN-HS,https://sullivanhs.org,42.002688,-87.669192,SULLIVAN HS-Special Education-Significantly Modified Curriculum w/ Moderate Supports,Cluster and Review,"<ul><li><strong>Selection Type: </strong>Random Computerized Lottery</li>                                                        <li><strong>GPA: </strong>N/A</li><li><strong>HS Admissions Exam Minimum for ELA/Math: </strong></li>                                                        <ul><li>General Education and 504 Plan Students:  / </li><li>IEP and EL Students:  / </li></ul>                                                        <li><strong>Priority: </strong>Proximity,General</li></ul>"
609734,TAFT HS,William Howard Taft High School,HS,https://www.cps.edu/schools/profiles/school-overview/TAFT-HS,https://tafthighschool.org,41.982961,-87.791547,TAFT HS - Selective Enrollment - Academic Center,Admissions Exam,"<ul><li><strong>Selection Type: </strong>Descending Point Score based on Academic Criteria</li>                                                        <li><strong>GPA: </strong>2.5</li><li><strong>HS Admissions Exam Minimum for ELA/Math: </strong></li>                                                        <ul><li>General Education and 504 Plan Students:  / </li><li>IEP and EL Students:  / </li></ul>                                                        <li><strong>Priority: </strong>General,Tier</li><li><strong>Note: </strong>Tier is only considered in the selection of 7th grade applicants. 30% of seats are filled based on test scores alone. The remaining seats are evenly divided among applicants from each of the four socio-economic tiers.</li></ul>"
609734,TAFT HS,William Howard Taft High School,HS,https://www.cps.edu/schools/profiles/school-overview/TAFT-HS,https://tafthighschool.org,41.982961,-87.791547,TAFT HS-General Education,None,"<ul><li><strong>Selection Type: </strong>Random Computerized Lottery</li>                                                        <li><strong>GPA: </strong>N/A</li><li><strong>HS Admissions Exam Minimum for ELA/Math: </strong></li>                                                        <ul><li>General Education and 504 Plan Students:  / </li><li>IEP and EL Students:  / </li></ul>                                                        <li><strong>Priority: </strong>Attendance Area,Overlay,General</li><li><strong>Note: </strong>The Overlay includes students who reside within Taft's Preference Zone. </li></ul>"
609734,TAFT HS,William Howard Taft High School,HS,https://www.cps.edu/schools/profiles/school-overview/TAFT-HS,https://tafthighschool.org,41.982961,-87.791547,TAFT HS-International Baccalaureate (IB),None,"<ul><li><strong>Selection Type: </strong>Descending Point Score based on Academic Criteria</li>                                                        <li><strong>GPA: </strong>N/A</li><li><strong>HS Admissions Exam Minimum for ELA/Math: </strong></li>                                                        <ul><li>General Education and 504 Plan Students:  / </li><li>IEP and EL Students:  / </li></ul>                                                        <li><strong>Priority: </strong>Continuing Enrollment,General</li><li><strong>Note: </strong>50 bonus points for attendance area
There is a continuing enrollment preference for students in the Academic Center at Taft.</li></ul>"
609734,TAFT HS,William Howard Taft High School,HS,https://www.cps.edu/schools/profiles/school-overview/TAFT-HS,https://tafthighschool.org,41.982961,-87.791547,TAFT HS-Special Education- Significantly Modified Curriculum w/Intensive Supports,Cluster and Review,"<ul><li><strong>Selection Type: </strong>Random Computerized Lottery</li>                                                        <li><strong>GPA: </strong>N/A</li><li><strong>HS Admissions Exam Minimum for ELA/Math: </strong></li>                                                        <ul><li>General Education and 504 Plan Students:  / </li><li>IEP and EL Students:  / </li></ul>                                                        <li><strong>Priority: </strong>Proximity,General</li></ul>"
609734,TAFT HS,William Howard Taft High School,HS,https://www.cps.edu/schools/profiles/school-overview/TAFT-HS,https://tafthighschool.org,41.982961,-87.791547,TAFT HS-Military & Service Leadership-NJROTC,,"<ul><li><strong>Selection Type: </strong>Random Computerized Lottery</li>                                                        <li><strong>GPA: </strong>2.0</li><li><strong>HS Admissions Exam Minimum for ELA/Math: </strong></li>                                                        <ul><li>General Education and 504 Plan Students:  / </li><li>IEP and EL Students:  / </li></ul>                                                        <li><strong>Priority: </strong>Overlay,Attendance Area,General</li></ul>"
609735,TILDEN HS,Edward Tilden Career Community Academy HS,HS,https://www.cps.edu/schools/profiles/school-overview/TILDEN-HS,https://tilden.cps.edu,41.80751,-87.642966,TILDEN HS-Career & Technical Education (CTE)-Culinary & Hospitality Management,None,"<ul><li><strong>Selection Type: </strong>Random Computerized Lottery</li>                                                        <li><strong>GPA: </strong>N/A</li><li><strong>HS Admissions Exam Minimum for ELA/Math: </strong></li>                                                        <ul><li>General Education and 504 Plan Students:  / </li><li>IEP and EL Students:  / </li></ul>                                                        <li><strong>Priority: </strong>Attendance Area,General</li></ul>"
609735,TILDEN HS,Edward Tilden Career Community Academy HS,HS,https://www.cps.edu/schools/profiles/school-overview/TILDEN-HS,https://tilden.cps.edu,41.80751,-87.642966,TILDEN HS-General Education,None,"<ul><li><strong>Selection Type: </strong>Random Computerized Lottery</li>                                                        <li><strong>GPA: </strong>N/A</li><li><strong>HS Admissions Exam Minimum for ELA/Math: </strong></li>                                                        <ul><li>General Education and 504 Plan Students:  / </li><li>IEP and EL Students:  / </li></ul>                                                        <li><strong>Priority: </strong>Sibling Preference,Staff Preference,Attendance Area,General</li><li><strong>Note: </strong>Staff Preference applies at the entry level grade only. A maximum of 2 seats can be filled through Staff Preference.</li></ul>"
609735,TILDEN HS,Edward Tilden Career Community Academy HS,HS,https://www.cps.edu/schools/profiles/school-overview/TILDEN-HS,https://tilden.cps.edu,41.80751,-87.642966,TILDEN HS-Special Education-Significantly Modified Curriculum w/ Moderate Supports,Cluster and Review,"<ul><li><strong>Selection Type: </strong>Random Computerized Lottery</li>                                                        <li><strong>GPA: </strong>N/A</li><li><strong>HS Admissions Exam Minimum for ELA/Math: </strong></li>                                                        <ul><li>General Education and 504 Plan Students:  / </li><li>IEP and EL Students:  / </li></ul>                                                        <li><strong>Priority: </strong>Proximity,General</li></ul>"
609739,WASHINGTON HS,George Washington High School,HS,https://www.cps.edu/schools/profiles/school-overview/WASHINGTON-HS,https://www.gwashingtonhs.org,41.688137,-87.53757,WASHINGTON HS-General Education,None,<ul><li><strong>Selection Type: </strong>Random Computerized Lottery</li>                                                        <li><strong>GPA: </strong>N/A</li><li><strong>HS Admissions Exam Minimum for ELA/Math: </strong></li>                                                        <ul><li>General Education and 504 Plan Students:  / </li><li>IEP and EL Students:  / </li></ul>                                                        <li><strong>Priority: </strong>Attendance Area</li></ul>
609739,WASHINGTON HS,George Washington High School,HS,https://www.cps.edu/schools/profiles/school-overview/WASHINGTON-HS,https://www.gwashingtonhs.org,41.688137,-87.53757,WASHINGTON HS-International Baccalaureate (IB),None,"<ul><li><strong>Selection Type: </strong>Descending Point Score based on Academic Criteria</li>                                                        <li><strong>GPA: </strong>N/A</li><li><strong>HS Admissions Exam Minimum for ELA/Math: </strong></li>                                                        <ul><li>General Education and 504 Plan Students:  / </li><li>IEP and EL Students:  / </li></ul>                                                        <li><strong>Priority: </strong>Elementary Preference,General</li><li><strong>Note: </strong>50 bonus points for attendance areaElementary preference: Marsh ES (IB Partner School)</li></ul>"
609739,WASHINGTON HS,George Washington High School,HS,https://www.cps.edu/schools/profiles/school-overview/WASHINGTON-HS,https://www.gwashingtonhs.org,41.688137,-87.53757,WASHINGTON HS-Special Education-Significantly Modified Curriculum w/ Moderate Supports,Cluster and Review,"<ul><li><strong>Selection Type: </strong>Random Computerized Lottery</li>                                                        <li><strong>GPA: </strong>N/A</li><li><strong>HS Admissions Exam Minimum for ELA/Math: </strong></li>                                                        <ul><li>General Education and 504 Plan Students:  / </li><li>IEP and EL Students:  / </li></ul>                                                        <li><strong>Priority: </strong>Proximity,General</li></ul>"
609740,WELLS HS,Wells Community Academy High School,HS,https://www.cps.edu/schools/profiles/school-overview/WELLS-HS,https://WellsHS.cps.edu,41.898995,-87.667483,WELLS HS-Fine & Performing Arts,None,"<ul><li><strong>Selection Type: </strong>Random Computerized Lottery</li>                                                        <li><strong>GPA: </strong>N/A</li><li><strong>HS Admissions Exam Minimum for ELA/Math: </strong></li>                                                        <ul><li>General Education and 504 Plan Students:  / </li><li>IEP and EL Students:  / </li></ul>                                                        <li><strong>Priority: </strong>Attendance Area,General</li></ul>"
609740,WELLS HS,Wells Community Academy High School,HS,https://www.cps.edu/schools/profiles/school-overview/WELLS-HS,https://WellsHS.cps.edu,41.898995,-87.667483,WELLS HS-General Education,None,"<ul><li><strong>Selection Type: </strong>Random Computerized Lottery</li>                                                        <li><strong>GPA: </strong>N/A</li><li><strong>HS Admissions Exam Minimum for ELA/Math: </strong></li>                                                        <ul><li>General Education and 504 Plan Students:  / </li><li>IEP and EL Students:  / </li></ul>                                                        <li><strong>Priority: </strong>Sibling Preference,Staff Preference,Attendance Area,General</li><li><strong>Note: </strong>Staff Preference applies at the entry level grade only. A maximum of 2 seats can be filled through Staff Preference.</li></ul>"
609740,WELLS HS,Wells Community Academy High School,HS,https://www.cps.edu/schools/profiles/school-overview/WELLS-HS,https://WellsHS.cps.edu,41.898995,-87.667483,WELLS HS-Career & Technical Education (CTE)-Law & Public Safety-Pre-Law,None,<ul><li><strong>Selection Type: </strong>Descending Point Score based on Academic Criteria</li>                                                        <li><strong>GPA: </strong>N/A</li><li><strong>HS Admissions Exam Minimum for ELA/Math: </strong></li>                                                        <ul><li>General Education and 504 Plan Students:  / </li><li>IEP and EL Students:  / </li></ul>                                                        <li><strong>Priority: </strong>General</li></ul>
609741,HUBBARD HS,Gurdon S Hubbard High School,HS,https://www.cps.edu/schools/profiles/school-overview/HUBBARD-HS,https://www.hubbardhighschool.org,41.780526,-87.718014,HUBBARD HS-Career & Technical Education (CTE)-Information Technology- Game Programming,None,"<ul><li><strong>Selection Type: </strong>Random Computerized Lottery</li>                                                        <li><strong>GPA: </strong>N/A</li><li><strong>HS Admissions Exam Minimum for ELA/Math: </strong></li>                                                        <ul><li>General Education and 504 Plan Students:  / </li><li>IEP and EL Students:  / </li></ul>                                                        <li><strong>Priority: </strong>Attendance Area,General</li></ul>"
609741,HUBBARD HS,Gurdon S Hubbard High School,HS,https://www.cps.edu/schools/profiles/school-overview/HUBBARD-HS,https://www.hubbardhighschool.org,41.780526,-87.718014,HUBBARD HS-Career & Technical Education (CTE)-Information Technology- Web Development & Design,None,"<ul><li><strong>Selection Type: </strong>Random Computerized Lottery</li>                                                        <li><strong>GPA: </strong>N/A</li><li><strong>HS Admissions Exam Minimum for ELA/Math: </strong></li>                                                        <ul><li>General Education and 504 Plan Students:  / </li><li>IEP and EL Students:  / </li></ul>                                                        <li><strong>Priority: </strong>Attendance Area,General</li></ul>"
609741,HUBBARD HS,Gurdon S Hubbard High School,HS,https://www.cps.edu/schools/profiles/school-overview/HUBBARD-HS,https://www.hubbardhighschool.org,41.780526,-87.718014,HUBBARD HS-General Education,None,"<ul><li><strong>Selection Type: </strong>Random Computerized Lottery</li>                                                        <li><strong>GPA: </strong>N/A</li><li><strong>HS Admissions Exam Minimum for ELA/Math: </strong></li>                                                        <ul><li>General Education and 504 Plan Students:  / </li><li>IEP and EL Students:  / </li></ul>                                                        <li><strong>Priority: </strong>Sibling Preference,Staff Preference,Attendance Area</li><li><strong>Note: </strong>Staff Preference applies at the entry level grade only. A maximum of 2 seats can be filled through Staff Preference.</li></ul>"
609741,HUBBARD HS,Gurdon S Hubbard High School,HS,https://www.cps.edu/schools/profiles/school-overview/HUBBARD-HS,https://www.hubbardhighschool.org,41.780526,-87.718014,HUBBARD HS-International Baccalaureate (IB),None,<ul><li><strong>Selection Type: </strong>Descending Point Score based on Academic Criteria</li>                                                        <li><strong>GPA: </strong>N/A</li><li><strong>HS Admissions Exam Minimum for ELA/Math: </strong></li>                                                        <ul><li>General Education and 504 Plan Students:  / </li><li>IEP and EL Students:  / </li></ul>                                                        <li><strong>Priority: </strong>General</li><li><strong>Note: </strong>50 bonus points for attendance area</li></ul>
609741,HUBBARD HS,Gurdon S Hubbard High School,HS,https://www.cps.edu/schools/profiles/school-overview/HUBBARD-HS,https://www.hubbardhighschool.org,41.780526,-87.718014,HUBBARD HS-Military & Service Leadership-JROTC,None,"<ul><li><strong>Selection Type: </strong>Random Computerized Lottery</li>                                                        <li><strong>GPA: </strong>2.0</li><li><strong>HS Admissions Exam Minimum for ELA/Math: </strong></li>                                                        <ul><li>General Education and 504 Plan Students:  / </li><li>IEP and EL Students:  / </li></ul>                                                        <li><strong>Priority: </strong>Sibling Preference,Attendance Area,General</li></ul>"
609741,HUBBARD HS,Gurdon S Hubbard High School,HS,https://www.cps.edu/schools/profiles/school-overview/HUBBARD-HS,https://www.hubbardhighschool.org,41.780526,-87.718014,HUBBARD HS-Honors-University Scholars,None,<ul><li><strong>Selection Type: </strong>Descending Point Score based on Academic Criteria</li>                                                        <li><strong>GPA: </strong>N/A</li><li><strong>HS Admissions Exam Minimum for ELA/Math: </strong></li>                                                        <ul><li>General Education and 504 Plan Students:  / </li><li>IEP and EL Students:  / </li></ul>                                                        <li><strong>Priority: </strong>General</li></ul>
609759,CLEMENTE HS,Roberto Clemente Community Academy High School,HS,https://www.cps.edu/schools/profiles/school-overview/CLEMENTE-HS,https://www.rccachicago.org,41.902626,-87.686906,"CLEMENTE HS-Career & Technical Education (CTE) - Arts, A/V Technology and Communications - Broadcast Technology",None,"<ul><li><strong>Selection Type: </strong>Random Computerized Lottery</li>                                                        <li><strong>GPA: </strong>N/A</li><li><strong>HS Admissions Exam Minimum for ELA/Math: </strong></li>                                                        <ul><li>General Education and 504 Plan Students:  / </li><li>IEP and EL Students:  / </li></ul>                                                        <li><strong>Priority: </strong>Attendance Area,General</li></ul>"
609759,CLEMENTE HS,Roberto Clemente Community Academy High School,HS,https://www.cps.edu/schools/profiles/school-overview/CLEMENTE-HS,https://www.rccachicago.org,41.902626,-87.686906,CLEMENTE HS-Career & Technical Education (CTE)-Culinary & Hospitality Management,None,"<ul><li><strong>Selection Type: </strong>Random Computerized Lottery</li>                                                        <li><strong>GPA: </strong>N/A</li><li><strong>HS Admissions Exam Minimum for ELA/Math: </strong></li>                                                        <ul><li>General Education and 504 Plan Students:  / </li><li>IEP and EL Students:  / </li></ul>                                                        <li><strong>Priority: </strong>Attendance Area,General</li></ul>"
609759,CLEMENTE HS,Roberto Clemente Community Academy High School,HS,https://www.cps.edu/schools/profiles/school-overview/CLEMENTE-HS,https://www.rccachicago.org,41.902626,-87.686906,CLEMENTE HS-General Education,None,"<ul><li><strong>Selection Type: </strong>Random Computerized Lottery</li>                                                        <li><strong>GPA: </strong>2.5</li><li><strong>HS Admissions Exam Minimum for ELA/Math: </strong></li>                                                        <ul><li>General Education and 504 Plan Students:  / </li><li>IEP and EL Students:  / </li></ul>                                                        <li><strong>Priority: </strong>Sibling Preference,Staff Preference,Attendance Area,General</li><li><strong>Note: </strong>Staff Preference applies at the entry level grade only. A maximum of 2 seats can be filled through Staff Preference.</li></ul>"
609759,CLEMENTE HS,Roberto Clemente Community Academy High School,HS,https://www.cps.edu/schools/profiles/school-overview/CLEMENTE-HS,https://www.rccachicago.org,41.902626,-87.686906,CLEMENTE HS-Career & Technical Education (CTE)-Health Science,None,<ul><li><strong>Selection Type: </strong>Descending Point Score based on Academic Criteria</li>                                                        <li><strong>GPA: </strong>N/A</li><li><strong>HS Admissions Exam Minimum for ELA/Math: </strong></li>                                                        <ul><li>General Education and 504 Plan Students:  / </li><li>IEP and EL Students:  / </li></ul>                                                        <li><strong>Priority: </strong>General</li></ul>
609759,CLEMENTE HS,Roberto Clemente Community Academy High School,HS,https://www.cps.edu/schools/profiles/school-overview/CLEMENTE-HS,https://www.rccachicago.org,41.902626,-87.686906,CLEMENTE HS-International Baccalaureate (IB),None,"<ul><li><strong>Selection Type: </strong>Descending Point Score based on Academic Criteria</li>                                                        <li><strong>GPA: </strong>N/A</li><li><strong>HS Admissions Exam Minimum for ELA/Math: </strong></li>                                                        <ul><li>General Education and 504 Plan Students:  / </li><li>IEP and EL Students:  / </li></ul>                                                        <li><strong>Priority: </strong>Elementary Preference,General</li><li><strong>Note: </strong>50 bonus points for attendance areaElementary preference: Moos (IB Partner School)</li></ul>"
609759,CLEMENTE HS,Roberto Clemente Community Academy High School,HS,https://www.cps.edu/schools/profiles/school-overview/CLEMENTE-HS,https://www.rccachicago.org,41.902626,-87.686906,CLEMENTE HS-Special Education-Significantly Modified Curriculum w/ Moderate Supports,Cluster and Review,"<ul><li><strong>Selection Type: </strong>Random Computerized Lottery</li>                                                        <li><strong>GPA: </strong>N/A</li><li><strong>HS Admissions Exam Minimum for ELA/Math: </strong></li>                                                        <ul><li>General Education and 504 Plan Students:  / </li><li>IEP and EL Students:  / </li></ul>                                                        <li><strong>Priority: </strong>Proximity,General</li></ul>"
609761,CORLISS HS,George H Corliss High School,HS,https://www.cps.edu/schools/profiles/school-overview/CORLISS-HS,https://newcorlisshs.org,41.70666,-87.601216,CORLISS HS-Special Education-Significantly Modified Curriculum w/ Moderate Supports,Cluster and Review,"<ul><li><strong>Selection Type: </strong>Random Computerized Lottery</li>                                                        <li><strong>GPA: </strong>N/A</li><li><strong>HS Admissions Exam Minimum for ELA/Math: </strong></li>                                                        <ul><li>General Education and 504 Plan Students:  / </li><li>IEP and EL Students:  / </li></ul>                                                        <li><strong>Priority: </strong>Proximity,General</li></ul>"
609761,CORLISS HS,George H Corliss High School,HS,https://www.cps.edu/schools/profiles/school-overview/CORLISS-HS,https://newcorlisshs.org,41.70666,-87.601216,CORLISS HS-STEM-Early College STEM,None,"<ul><li><strong>Selection Type: </strong>Random Computerized Lottery</li>                                                        <li><strong>GPA: </strong>N/A</li><li><strong>HS Admissions Exam Minimum for ELA/Math: </strong></li>                                                        <ul><li>General Education and 504 Plan Students:  / </li><li>IEP and EL Students:  / </li></ul>                                                        <li><strong>Priority: </strong>Sibling Preference,Staff Preference,Attendance Area,General</li><li><strong>Note: </strong>Staff Preference applies at the entry level grade only. A maximum of 2 seats can be filled through Staff Preference.</li></ul>"
609764,JUAREZ HS,Benito Juarez Community Academy High School,HS,https://www.cps.edu/schools/profiles/school-overview/JUAREZ-HS,https://benitojuarez.net,41.852667,-87.663732,JUAREZ HS-Career & Technical Education (CTE)-Construction & Architecture - Architecture,None,"<ul><li><strong>Selection Type: </strong>Random Computerized Lottery</li>                                                        <li><strong>GPA: </strong>N/A</li><li><strong>HS Admissions Exam Minimum for ELA/Math: </strong></li>                                                        <ul><li>General Education and 504 Plan Students:  / </li><li>IEP and EL Students:  / </li></ul>                                                        <li><strong>Priority: </strong>Attendance Area,General</li></ul>"
609764,JUAREZ HS,Benito Juarez Community Academy High School,HS,https://www.cps.edu/schools/profiles/school-overview/JUAREZ-HS,https://benitojuarez.net,41.852667,-87.663732,JUAREZ HS-Career & Technical Education (CTE)-Culinary & Hospitality Management,None,"<ul><li><strong>Selection Type: </strong>Random Computerized Lottery</li>                                                        <li><strong>GPA: </strong>N/A</li><li><strong>HS Admissions Exam Minimum for ELA/Math: </strong></li>                                                        <ul><li>General Education and 504 Plan Students:  / </li><li>IEP and EL Students:  / </li></ul>                                                        <li><strong>Priority: </strong>Attendance Area,General</li></ul>"
609764,JUAREZ HS,Benito Juarez Community Academy High School,HS,https://www.cps.edu/schools/profiles/school-overview/JUAREZ-HS,https://benitojuarez.net,41.852667,-87.663732,JUAREZ HS-Career & Technical Education (CTE)-Education & Training- Teaching Academy,None,"<ul><li><strong>Selection Type: </strong>Random Computerized Lottery</li>                                                        <li><strong>GPA: </strong>N/A</li><li><strong>HS Admissions Exam Minimum for ELA/Math: </strong></li>                                                        <ul><li>General Education and 504 Plan Students:  / </li><li>IEP and EL Students:  / </li></ul>                                                        <li><strong>Priority: </strong>Attendance Area,General</li></ul>"
609764,JUAREZ HS,Benito Juarez Community Academy High School,HS,https://www.cps.edu/schools/profiles/school-overview/JUAREZ-HS,https://benitojuarez.net,41.852667,-87.663732,JUAREZ HS-General Education,None,"<ul><li><strong>Selection Type: </strong>Random Computerized Lottery</li>                                                        <li><strong>GPA: </strong>N/A</li><li><strong>HS Admissions Exam Minimum for ELA/Math: </strong></li>                                                        <ul><li>General Education and 504 Plan Students:  / </li><li>IEP and EL Students:  / </li></ul>                                                        <li><strong>Priority: </strong>Sibling Preference,Staff Preference,Attendance Area,General</li><li><strong>Note: </strong>Staff Preference applies at the entry level grade only. A maximum of 2 seats can be filled through Staff Preference.</li></ul>"
609764,JUAREZ HS,Benito Juarez Community Academy High School,HS,https://www.cps.edu/schools/profiles/school-overview/JUAREZ-HS,https://benitojuarez.net,41.852667,-87.663732,JUAREZ HS-Career & Technical Education (CTE)-Health Science,None,<ul><li><strong>Selection Type: </strong>Descending Point Score based on Academic Criteria</li>                                                        <li><strong>GPA: </strong>N/A</li><li><strong>HS Admissions Exam Minimum for ELA/Math: </strong></li>                                                        <ul><li>General Education and 504 Plan Students:  / </li><li>IEP and EL Students:  / </li></ul>                                                        <li><strong>Priority: </strong>General</li></ul>
609764,JUAREZ HS,Benito Juarez Community Academy High School,HS,https://www.cps.edu/schools/profiles/school-overview/JUAREZ-HS,https://benitojuarez.net,41.852667,-87.663732,JUAREZ HS-International Baccalaureate (IB),None,<ul><li><strong>Selection Type: </strong>Descending Point Score based on Academic Criteria</li>                                                        <li><strong>GPA: </strong>N/A</li><li><strong>HS Admissions Exam Minimum for ELA/Math: </strong></li>                                                        <ul><li>General Education and 504 Plan Students:  / </li><li>IEP and EL Students:  / </li></ul>                                                        <li><strong>Priority: </strong>General</li><li><strong>Note: </strong>50 bonus points for attendance area</li></ul>
609764,JUAREZ HS,Benito Juarez Community Academy High School,HS,https://www.cps.edu/schools/profiles/school-overview/JUAREZ-HS,https://benitojuarez.net,41.852667,-87.663732,JUAREZ HS-Career & Technical Education (CTE)-Information Technology- Game Programming & Web Design,None,"<ul><li><strong>Selection Type: </strong>Random Computerized Lottery</li>                                                        <li><strong>GPA: </strong>N/A</li><li><strong>HS Admissions Exam Minimum for ELA/Math: </strong></li>                                                        <ul><li>General Education and 504 Plan Students:  / </li><li>IEP and EL Students:  / </li></ul>                                                        <li><strong>Priority: </strong>Attendance Area,General</li></ul>"
609762,JULIAN HS,Percy L Julian High School,HS,https://www.cps.edu/schools/profiles/school-overview/JULIAN-HS,https://pljulianhs.net,41.705859,-87.653749,JULIAN HS-Special Education-Significantly Modified Curriculum w/ Moderate Support,Cluster and Review,"<ul><li><strong>Selection Type: </strong>Random Computerized Lottery</li>                                                        <li><strong>GPA: </strong>N/A</li><li><strong>HS Admissions Exam Minimum for ELA/Math: </strong></li>                                                        <ul><li>General Education and 504 Plan Students:  / </li><li>IEP and EL Students:  / </li></ul>                                                        <li><strong>Priority: </strong>Proximity,General</li></ul>"
609762,JULIAN HS,Percy L Julian High School,HS,https://www.cps.edu/schools/profiles/school-overview/JULIAN-HS,https://pljulianhs.net,41.705859,-87.653749,"JULIAN HS-Career & Technical Education (CTE) - Arts, A/V Technology and Communications - Broadcast Technology",None,"<ul><li><strong>Selection Type: </strong>Random Computerized Lottery</li>                                                        <li><strong>GPA: </strong>N/A</li><li><strong>HS Admissions Exam Minimum for ELA/Math: </strong></li>                                                        <ul><li>General Education and 504 Plan Students:  / </li><li>IEP and EL Students:  / </li></ul>                                                        <li><strong>Priority: </strong>Attendance Area,General</li></ul>"
609762,JULIAN HS,Percy L Julian High School,HS,https://www.cps.edu/schools/profiles/school-overview/JULIAN-HS,https://pljulianhs.net,41.705859,-87.653749,"JULIAN HS-Career & Technical Education (CTE) - Arts, A/V Technology and Communications - Digital Media",None,"<ul><li><strong>Selection Type: </strong>Random Computerized Lottery</li>                                                        <li><strong>GPA: </strong>N/A</li><li><strong>HS Admissions Exam Minimum for ELA/Math: </strong></li>                                                        <ul><li>General Education and 504 Plan Students:  / </li><li>IEP and EL Students:  / </li></ul>                                                        <li><strong>Priority: </strong>Attendance Area,General</li></ul>"
609762,JULIAN HS,Percy L Julian High School,HS,https://www.cps.edu/schools/profiles/school-overview/JULIAN-HS,https://pljulianhs.net,41.705859,-87.653749,JULIAN HS-Career & Technical Education (CTE)-Business & Finance- Entrepreneurship,None,"<ul><li><strong>Selection Type: </strong>Random Computerized Lottery</li>                                                        <li><strong>GPA: </strong>N/A</li><li><strong>HS Admissions Exam Minimum for ELA/Math: </strong></li>                                                        <ul><li>General Education and 504 Plan Students:  / </li><li>IEP and EL Students:  / </li></ul>                                                        <li><strong>Priority: </strong>Attendance Area,General</li></ul>"
609762,JULIAN HS,Percy L Julian High School,HS,https://www.cps.edu/schools/profiles/school-overview/JULIAN-HS,https://pljulianhs.net,41.705859,-87.653749,JULIAN HS-Fine & Performing Arts,None,"<ul><li><strong>Selection Type: </strong>Random Computerized Lottery</li>                                                        <li><strong>GPA: </strong>N/A</li><li><strong>HS Admissions Exam Minimum for ELA/Math: </strong></li>                                                        <ul><li>General Education and 504 Plan Students:  / </li><li>IEP and EL Students:  / </li></ul>                                                        <li><strong>Priority: </strong>Attendance Area,General</li></ul>"
609762,JULIAN HS,Percy L Julian High School,HS,https://www.cps.edu/schools/profiles/school-overview/JULIAN-HS,https://pljulianhs.net,41.705859,-87.653749,JULIAN HS-General Education,None,"<ul><li><strong>Selection Type: </strong>Random Computerized Lottery</li>                                                        <li><strong>GPA: </strong>N/A</li><li><strong>HS Admissions Exam Minimum for ELA/Math: </strong></li>                                                        <ul><li>General Education and 504 Plan Students:  / </li><li>IEP and EL Students:  / </li></ul>                                                        <li><strong>Priority: </strong>Sibling Preference,Staff Preference,Attendance Area,General</li><li><strong>Note: </strong>Staff Preference applies at the entry level grade only. A maximum of 2 seats can be filled through Staff Preference.</li></ul>"
609762,JULIAN HS,Percy L Julian High School,HS,https://www.cps.edu/schools/profiles/school-overview/JULIAN-HS,https://pljulianhs.net,41.705859,-87.653749,JULIAN HS-Career & Technical Education (CTE)-Health Science,None,<ul><li><strong>Selection Type: </strong>Descending Point Score based on Academic Criteria</li>                                                        <li><strong>GPA: </strong>N/A</li><li><strong>HS Admissions Exam Minimum for ELA/Math: </strong></li>                                                        <ul><li>General Education and 504 Plan Students:  / </li><li>IEP and EL Students:  / </li></ul>                                                        <li><strong>Priority: </strong>General</li></ul>
609762,JULIAN HS,Percy L Julian High School,HS,https://www.cps.edu/schools/profiles/school-overview/JULIAN-HS,https://pljulianhs.net,41.705859,-87.653749,JULIAN HS-Career & Technical Education (CTE)-Information Technology- Game Programming,None,"<ul><li><strong>Selection Type: </strong>Random Computerized Lottery</li>                                                        <li><strong>GPA: </strong>N/A</li><li><strong>HS Admissions Exam Minimum for ELA/Math: </strong></li>                                                        <ul><li>General Education and 504 Plan Students:  / </li><li>IEP and EL Students:  / </li></ul>                                                        <li><strong>Priority: </strong>Attendance Area,General</li></ul>"
609695,AMUNDSEN HS,Roald Amundsen High School,HS,https://www.cps.edu/schools/profiles/school-overview/AMUNDSEN-HS,http://www.amundsenhs.org,41.975067,-87.679484,AMUNDSEN HS - General Education/Grow Community,None,"<ul><li><strong>Selection Type: </strong>Random Computerized Lottery</li>                                                        <li><strong>GPA: </strong>N/A</li><li><strong>HS Admissions Exam Minimum for ELA/Math: </strong></li>                                                        <ul><li>General Education and 504 Plan Students:  / </li><li>IEP and EL Students:  / </li></ul>                                                        <li><strong>Priority: </strong>Sibling Preference,Staff Preference,Elementary Preference,Attendance Area,General</li><li><strong>Note: </strong>Elementary preference: Audubon ES,  Bell ES, Blaine ES, Budlong ES, Burley ES, Chappell ES, Coonley ES, Greeley ES, Hamilton ES, Hawthorne ES,  Inter-American ES, Jahn ES, Jamieson ES, McPherson ES, Nettelhorst ES, Ravenswood ES, Waters ES, Ravenswood ES, Waters ESStaff Preference applies at the entry level grade only. A maximum of 2 seats can be filled through Staff Preference.</li></ul>"
609695,AMUNDSEN HS,Roald Amundsen High School,HS,https://www.cps.edu/schools/profiles/school-overview/AMUNDSEN-HS,http://www.amundsenhs.org,41.975067,-87.679484,AMUNDSEN HS - International Baccalaureate (IB),None,"<ul><li><strong>Selection Type: </strong>Descending Point Score based on Academic Criteria</li>                                                        <li><strong>GPA: </strong>N/A</li><li><strong>HS Admissions Exam Minimum for ELA/Math: </strong></li>                                                        <ul><li>General Education and 504 Plan Students:  / </li><li>IEP and EL Students:  / </li></ul>                                                        <li><strong>Priority: </strong>Elementary Preference,General</li><li><strong>Note: </strong>50 bonus points for attendance areaElementary preference: McPherson (IB Partner School)</li></ul>"
609695,AMUNDSEN HS,Roald Amundsen High School,HS,https://www.cps.edu/schools/profiles/school-overview/AMUNDSEN-HS,http://www.amundsenhs.org,41.975067,-87.679484,AMUNDSEN HS - Special Education - Significantly Modified Curriculum w/ Moderate Supports,Cluster and Review,"<ul><li><strong>Selection Type: </strong>Random Computerized Lottery</li>                                                        <li><strong>GPA: </strong>N/A</li><li><strong>HS Admissions Exam Minimum for ELA/Math: </strong></li>                                                        <ul><li>General Education and 504 Plan Students:  / </li><li>IEP and EL Students:  / </li></ul>                                                        <li><strong>Priority: </strong>Proximity,General</li></ul>"
609738,LINCOLN PARK HS,Lincoln Park High School,HS,https://www.cps.edu/schools/profiles/school-overview/LINCOLN-PARK-HS,https://www.lincolnparkhs.org,41.918268,-87.646009,LINCOLN PARK HS-Fine & Performing Arts-Drama,Audition,"<ul><li><strong>Selection Type: </strong>Descending Point Score based on Audition Score</li>                                                        <li><strong>GPA: </strong>N/A</li><li><strong>HS Admissions Exam Minimum for ELA/Math: </strong></li>                                                        <ul><li>General Education and 504 Plan Students:  / </li><li>IEP and EL Students:  / </li></ul>                                                        <li><strong>Priority: </strong>General,Attendance Area</li><li><strong>Note: </strong>Schedule your audition in your GoCPS account. For more information visit: https://www.lincolnparkhs.org/apps/pages/index.jsp?uREC_ID=924953&type=d&pREC_ID=1674883</li></ul>"
609738,LINCOLN PARK HS,Lincoln Park High School,HS,https://www.cps.edu/schools/profiles/school-overview/LINCOLN-PARK-HS,https://www.lincolnparkhs.org,41.918268,-87.646009,LINCOLN PARK HS-Advanced College Prep (formerly Double Honors),None,"<ul><li><strong>Selection Type: </strong>Descending Point Score based on Academic Criteria</li>                                                        <li><strong>GPA: </strong>N/A</li><li><strong>HS Admissions Exam Minimum for ELA/Math: </strong></li>                                                        <ul><li>General Education and 504 Plan Students:  / </li><li>IEP and EL Students:  / </li></ul>                                                        <li><strong>Priority: </strong>Attendance Area,General</li></ul>"
609738,LINCOLN PARK HS,Lincoln Park High School,HS,https://www.cps.edu/schools/profiles/school-overview/LINCOLN-PARK-HS,https://www.lincolnparkhs.org,41.918268,-87.646009,LINCOLN PARK HS-International Baccalaureate (IB),None,<ul><li><strong>Selection Type: </strong>Descending Point Score based on Academic Criteria</li>                                                        <li><strong>GPA: </strong>N/A</li><li><strong>HS Admissions Exam Minimum for ELA/Math: </strong></li>                                                        <ul><li>General Education and 504 Plan Students:  / </li><li>IEP and EL Students:  / </li></ul>                                                        <li><strong>Priority: </strong>General</li><li><strong>Note: </strong>50 bonus points for attendance area</li></ul>
609738,LINCOLN PARK HS,Lincoln Park High School,HS,https://www.cps.edu/schools/profiles/school-overview/LINCOLN-PARK-HS,https://www.lincolnparkhs.org,41.918268,-87.646009,LINCOLN PARK HS-Fine & Performing Arts-Instrumental Music,Audition,"<ul><li><strong>Selection Type: </strong>Descending Point Score based on Audition Score</li>                                                        <li><strong>GPA: </strong>N/A</li><li><strong>HS Admissions Exam Minimum for ELA/Math: </strong></li>                                                        <ul><li>General Education and 504 Plan Students:  / </li><li>IEP and EL Students:  / </li></ul>                                                        <li><strong>Priority: </strong>General,Attendance Area</li><li><strong>Note: </strong>Schedule your audition in your GoCPS account. For more information visit: https://www.lincolnparkhs.org/apps/pages/index.jsp?uREC_ID=924953&type=d&pREC_ID=1674883</li></ul>"
609738,LINCOLN PARK HS,Lincoln Park High School,HS,https://www.cps.edu/schools/profiles/school-overview/LINCOLN-PARK-HS,https://www.lincolnparkhs.org,41.918268,-87.646009,LINCOLN PARK HS-Special Education-Significantly Modified Curriculum w/ Moderate Supports,Cluster and Review,"<ul><li><strong>Selection Type: </strong>Random Computerized Lottery</li>                                                        <li><strong>GPA: </strong>N/A</li><li><strong>HS Admissions Exam Minimum for ELA/Math: </strong></li>                                                        <ul><li>General Education and 504 Plan Students:  / </li><li>IEP and EL Students:  / </li></ul>                                                        <li><strong>Priority: </strong>Proximity,General</li></ul>"
609738,LINCOLN PARK HS,Lincoln Park High School,HS,https://www.cps.edu/schools/profiles/school-overview/LINCOLN-PARK-HS,https://www.lincolnparkhs.org,41.918268,-87.646009,LINCOLN PARK HS-Fine & Performing Arts-Visual Arts,Portfolio Review,"<ul><li><strong>Selection Type: </strong>Descending Point Score based on Audition Score</li>                                                        <li><strong>GPA: </strong>N/A</li><li><strong>HS Admissions Exam Minimum for ELA/Math: </strong></li>                                                        <ul><li>General Education and 504 Plan Students:  / </li><li>IEP and EL Students:  / </li></ul>                                                        <li><strong>Priority: </strong>General,Attendance Area</li><li><strong>Note: </strong>Schedule your audition in your GoCPS account. For more information visit: https://www.lincolnparkhs.org/apps/pages/index.jsp?uREC_ID=924953&type=d&pREC_ID=1674883</li></ul>"
609738,LINCOLN PARK HS,Lincoln Park High School,HS,https://www.cps.edu/schools/profiles/school-overview/LINCOLN-PARK-HS,https://www.lincolnparkhs.org,41.918268,-87.646009,LINCOLN PARK HS-Fine & Performing Arts-Vocal Music,Audition,"<ul><li><strong>Selection Type: </strong>Descending Point Score based on Audition Score</li>                                                        <li><strong>GPA: </strong>N/A</li><li><strong>HS Admissions Exam Minimum for ELA/Math: </strong></li>                                                        <ul><li>General Education and 504 Plan Students:  / </li><li>IEP and EL Students:  / </li></ul>                                                        <li><strong>Priority: </strong>General,Attendance Area</li><li><strong>Note: </strong>Schedule your audition in your GoCPS account. For more information visit: https://www.lincolnparkhs.org/apps/pages/index.jsp?uREC_ID=924953&type=d&pREC_ID=1674883</li></ul>"
609719,LAKE VIEW HS,Lake View High School,HS,https://www.cps.edu/schools/profiles/school-overview/LAKE-VIEW-HS,https://www.lakeviewhs.com,41.954764,-87.668953,LAKE VIEW HS - Grow Community - Early College STEM,None,"<ul><li><strong>Selection Type: </strong>Random Computerized Lottery</li>                                                        <li><strong>GPA: </strong>N/A</li><li><strong>HS Admissions Exam Minimum for ELA/Math: </strong></li>                                                        <ul><li>General Education and 504 Plan Students:  / </li><li>IEP and EL Students:  / </li></ul>                                                        <li><strong>Priority: </strong>Attendance Area,Sibling Preference,Staff Preference,Elementary Preference,Overlay,General</li><li><strong>Note: </strong> Grow Community Schools preference:  Audubon, Bell, Blaine, Budlong, Burley, Chappell, Coonley, Greeley, Hamilton, Hawthorne, Inter-American, Jahn, Jamieson, McPherson, Nettelhorst, Ravenswood, or Waters.   Staff Preference applies at the entry level grade only. A maximum of 2 seats can be filled through Staff Preference.</li></ul>"
609682,RICHARDS HS,Ellen H Richards Career Academy High School,HS,https://www.cps.edu/schools/profiles/school-overview/RICHARDS-HS,https://richards.cps.edu,41.802881,-87.662278,RICHARDS HS-Career & Technical Education (CTE)-Business & Finance-Entrepreneurship,None,"<ul><li><strong>Selection Type: </strong>Random Computerized Lottery</li>                                                        <li><strong>GPA: </strong>N/A</li><li><strong>HS Admissions Exam Minimum for ELA/Math: </strong></li>                                                        <ul><li>General Education and 504 Plan Students:  / </li><li>IEP and EL Students:  / </li></ul>                                                        <li><strong>Priority: </strong>Attendance Area,General</li></ul>"
609682,RICHARDS HS,Ellen H Richards Career Academy High School,HS,https://www.cps.edu/schools/profiles/school-overview/RICHARDS-HS,https://richards.cps.edu,41.802881,-87.662278,RICHARDS HS-Career & Technical Education (CTE)-Culinary & Hospitality Management,None,"<ul><li><strong>Selection Type: </strong>Random Computerized Lottery</li>                                                        <li><strong>GPA: </strong>N/A</li><li><strong>HS Admissions Exam Minimum for ELA/Math: </strong></li>                                                        <ul><li>General Education and 504 Plan Students:  / </li><li>IEP and EL Students:  / </li></ul>                                                        <li><strong>Priority: </strong>Attendance Area,General</li></ul>"
609682,RICHARDS HS,Ellen H Richards Career Academy High School,HS,https://www.cps.edu/schools/profiles/school-overview/RICHARDS-HS,https://richards.cps.edu,41.802881,-87.662278,RICHARDS HS-General Education,None,"<ul><li><strong>Selection Type: </strong>Random Computerized Lottery</li>                                                        <li><strong>GPA: </strong>N/A</li><li><strong>HS Admissions Exam Minimum for ELA/Math: </strong></li>                                                        <ul><li>General Education and 504 Plan Students:  / </li><li>IEP and EL Students:  / </li></ul>                                                        <li><strong>Priority: </strong>Sibling Preference,Staff Preference,Attendance Area,General</li><li><strong>Note: </strong>Staff Preference applies at the entry level grade only. A maximum of 2 seats can be filled through Staff Preference.</li></ul>"
609691,NORTH-GRAND HS,North-Grand High School,HS,https://www.cps.edu/schools/profiles/school-overview/NORTH-GRAND-HS,https://www.northgrandhs.org,41.911674,-87.735238,NORTH-GRAND HS-Career &Technical Education (CTE)-Culinary & Hospitality Management,None,"<ul><li><strong>Selection Type: </strong>Random Computerized Lottery</li>                                                        <li><strong>GPA: </strong>N/A</li><li><strong>HS Admissions Exam Minimum for ELA/Math: </strong></li>                                                        <ul><li>General Education and 504 Plan Students:  / </li><li>IEP and EL Students:  / </li></ul>                                                        <li><strong>Priority: </strong>Attendance Area,General</li></ul>"
609691,NORTH-GRAND HS,North-Grand High School,HS,https://www.cps.edu/schools/profiles/school-overview/NORTH-GRAND-HS,https://www.northgrandhs.org,41.911674,-87.735238,NORTH-GRAND HS-Early College STEAM,None,"<ul><li><strong>Selection Type: </strong>Random Computerized Lottery</li>                                                        <li><strong>GPA: </strong>2.5</li><li><strong>HS Admissions Exam Minimum for ELA/Math: </strong></li>                                                        <ul><li>General Education and 504 Plan Students:  / </li><li>IEP and EL Students:  / </li></ul>                                                        <li><strong>Priority: </strong>Sibling Preference,Staff Preference,Attendance Area,General</li><li><strong>Note: </strong>Staff Preference applies at the entry level grade only. A maximum of 2 seats can be filled through Staff Preference.</li></ul>"
609691,NORTH-GRAND HS,North-Grand High School,HS,https://www.cps.edu/schools/profiles/school-overview/NORTH-GRAND-HS,https://www.northgrandhs.org,41.911674,-87.735238,NORTH-GRAND HS-Career &Technical Education (CTE)-Health Science,None,<ul><li><strong>Selection Type: </strong>Descending Point Score based on Academic Criteria</li>                                                        <li><strong>GPA: </strong>N/A</li><li><strong>HS Admissions Exam Minimum for ELA/Math: </strong></li>                                                        <ul><li>General Education and 504 Plan Students:  / </li><li>IEP and EL Students:  / </li></ul>                                                        <li><strong>Priority: </strong>General</li></ul>
609691,NORTH-GRAND HS,North-Grand High School,HS,https://www.cps.edu/schools/profiles/school-overview/NORTH-GRAND-HS,https://www.northgrandhs.org,41.911674,-87.735238,NORTH-GRAND HS-Special Education-Significantly Modified Curriculum w/Intensive Supports,Cluster and Review,"<ul><li><strong>Selection Type: </strong>Random Computerized Lottery</li>                                                        <li><strong>GPA: </strong>N/A</li><li><strong>HS Admissions Exam Minimum for ELA/Math: </strong></li>                                                        <ul><li>General Education and 504 Plan Students:  / </li><li>IEP and EL Students:  / </li></ul>                                                        <li><strong>Priority: </strong>Proximity,General</li></ul>"
609691,NORTH-GRAND HS,North-Grand High School,HS,https://www.cps.edu/schools/profiles/school-overview/NORTH-GRAND-HS,https://www.northgrandhs.org,41.911674,-87.735238,NORTH-GRAND HS-Special Education-Significantly Modified Curriculum w/Moderate Supports,Cluster and Review,"<ul><li><strong>Selection Type: </strong>Random Computerized Lottery</li>                                                        <li><strong>GPA: </strong>N/A</li><li><strong>HS Admissions Exam Minimum for ELA/Math: </strong></li>                                                        <ul><li>General Education and 504 Plan Students:  / </li><li>IEP and EL Students:  / </li></ul>                                                        <li><strong>Priority: </strong>Proximity,General</li></ul>"
609691,NORTH-GRAND HS,North-Grand High School,HS,https://www.cps.edu/schools/profiles/school-overview/NORTH-GRAND-HS,https://www.northgrandhs.org,41.911674,-87.735238,NORTH-GRAND HS-Career & Technical Education (CTE) - Manufacturing - Pre-Engineering,None,<ul><li><strong>Selection Type: </strong>Descending Point Score based on Academic Criteria</li>                                                        <li><strong>GPA: </strong>N/A</li><li><strong>HS Admissions Exam Minimum for ELA/Math: </strong></li>                                                        <ul><li>General Education and 504 Plan Students:  / </li><li>IEP and EL Students:  / </li></ul>                                                        <li><strong>Priority: </strong>General</li></ul>
609698,BOGAN HS,William J Bogan High School,HS,https://www.cps.edu/schools/profiles/school-overview/BOGAN-HS,https://boganhs.org,41.749376,-87.721097,BOGAN HS-General Education,,"<ul><li><strong>Selection Type: </strong>Random Computerized Lottery</li>                                                        <li><strong>GPA: </strong>2.5</li><li><strong>HS Admissions Exam Minimum for ELA/Math: </strong></li>                                                        <ul><li>General Education and 504 Plan Students:  / </li><li>IEP and EL Students:  / </li></ul>                                                        <li><strong>Priority: </strong>Staff Preference,Attendance Area,General</li><li><strong>Note: </strong>Staff Preference applies at the entry level grade only. A maximum of 2 seats can be filled through Staff Preference.</li></ul>"
609698,BOGAN HS,William J Bogan High School,HS,https://www.cps.edu/schools/profiles/school-overview/BOGAN-HS,https://boganhs.org,41.749376,-87.721097,BOGAN HS-International Baccalaureate (IB),None,<ul><li><strong>Selection Type: </strong>Descending Point Score based on Academic Criteria</li>                                                        <li><strong>GPA: </strong>N/A</li><li><strong>HS Admissions Exam Minimum for ELA/Math: </strong></li>                                                        <ul><li>General Education and 504 Plan Students:  / </li><li>IEP and EL Students:  / </li></ul>                                                        <li><strong>Priority: </strong>General</li><li><strong>Note: </strong>50 bonus points for attendance area</li></ul>
609698,BOGAN HS,William J Bogan High School,HS,https://www.cps.edu/schools/profiles/school-overview/BOGAN-HS,https://boganhs.org,41.749376,-87.721097,BOGAN HS-Special Education-Significantly Modified Curriculum w/ Moderate Supports,Cluster and Review,"<ul><li><strong>Selection Type: </strong>Random Computerized Lottery</li>                                                        <li><strong>GPA: </strong>N/A</li><li><strong>HS Admissions Exam Minimum for ELA/Math: </strong></li>                                                        <ul><li>General Education and 504 Plan Students:  / </li><li>IEP and EL Students:  / </li></ul>                                                        <li><strong>Priority: </strong>Proximity,General</li></ul>"
609704,FARRAGUT HS,David G Farragut Career Academy High School,HS,https://www.cps.edu/schools/profiles/school-overview/FARRAGUT-HS,https://fcaib.org,41.84856,-87.708706,FARRAGUT HS-Career & Technical Education (CTE)-Education & Training- Teaching Academy,None,"<ul><li><strong>Selection Type: </strong>Random Computerized Lottery</li>                                                        <li><strong>GPA: </strong>N/A</li><li><strong>HS Admissions Exam Minimum for ELA/Math: </strong></li>                                                        <ul><li>General Education and 504 Plan Students:  / </li><li>IEP and EL Students:  / </li></ul>                                                        <li><strong>Priority: </strong>Attendance Area,General</li></ul>"
609704,FARRAGUT HS,David G Farragut Career Academy High School,HS,https://www.cps.edu/schools/profiles/school-overview/FARRAGUT-HS,https://fcaib.org,41.84856,-87.708706,FARRAGUT HS-General Education,,"<ul><li><strong>Selection Type: </strong>Random Computerized Lottery</li>                                                        <li><strong>GPA: </strong>N/A</li><li><strong>HS Admissions Exam Minimum for ELA/Math: </strong></li>                                                        <ul><li>General Education and 504 Plan Students:  / </li><li>IEP and EL Students:  / </li></ul>                                                        <li><strong>Priority: </strong>Attendance Area,General</li></ul>"
609704,FARRAGUT HS,David G Farragut Career Academy High School,HS,https://www.cps.edu/schools/profiles/school-overview/FARRAGUT-HS,https://fcaib.org,41.84856,-87.708706,FARRAGUT HS-International Baccalaureate (IB),None,"<ul><li><strong>Selection Type: </strong>Descending Point Score based on Academic Criteria</li>                                                        <li><strong>GPA: </strong>N/A</li><li><strong>HS Admissions Exam Minimum for ELA/Math: </strong></li>                                                        <ul><li>General Education and 504 Plan Students:  / </li><li>IEP and EL Students:  / </li></ul>                                                        <li><strong>Priority: </strong>Elementary Preference,General</li><li><strong>Note: </strong>50 bonus points for attendance areaElementary preference:  Madero (IB Partner School)</li></ul>"
609704,FARRAGUT HS,David G Farragut Career Academy High School,HS,https://www.cps.edu/schools/profiles/school-overview/FARRAGUT-HS,https://fcaib.org,41.84856,-87.708706,FARRAGUT HS-Military & Service Leadership-JROTC,None,"<ul><li><strong>Selection Type: </strong>Random Computerized Lottery</li>                                                        <li><strong>GPA: </strong>2</li><li><strong>HS Admissions Exam Minimum for ELA/Math: </strong></li>                                                        <ul><li>General Education and 504 Plan Students:  / </li><li>IEP and EL Students:  / </li></ul>                                                        <li><strong>Priority: </strong>Attendance Area,General</li></ul>"
609704,FARRAGUT HS,David G Farragut Career Academy High School,HS,https://www.cps.edu/schools/profiles/school-overview/FARRAGUT-HS,https://fcaib.org,41.84856,-87.708706,FARRAGUT HS-Special Education-Significantly Modified Curriculum w/ Moderate Supports,Cluster and Review,"<ul><li><strong>Selection Type: </strong>Random Computerized Lottery</li>                                                        <li><strong>GPA: </strong>N/A</li><li><strong>HS Admissions Exam Minimum for ELA/Math: </strong></li>                                                        <ul><li>General Education and 504 Plan Students:  / </li><li>IEP and EL Students:  / </li></ul>                                                        <li><strong>Priority: </strong>Proximity,General</li></ul>"
609704,FARRAGUT HS,David G Farragut Career Academy High School,HS,https://www.cps.edu/schools/profiles/school-overview/FARRAGUT-HS,https://fcaib.org,41.84856,-87.708706,FARRAGUT HS-Career & Technical Education (CTE)-Law & Public Safety- Pre-Law,None,<ul><li><strong>Selection Type: </strong>Descending Point Score based on Academic Criteria</li>                                                        <li><strong>GPA: </strong>N/A</li><li><strong>HS Admissions Exam Minimum for ELA/Math: </strong></li>                                                        <ul><li>General Education and 504 Plan Students:  / </li><li>IEP and EL Students:  / </li></ul>                                                        <li><strong>Priority: </strong>General</li></ul>
609705,FENGER HS,Christian Fenger Academy High School,HS,https://www.cps.edu/schools/profiles/school-overview/FENGER-HS,https://fengerhighschool.org,41.689951,-87.637572,FENGER HS-General Education,None,"<ul><li><strong>Selection Type: </strong>Random Computerized Lottery</li>                                                        <li><strong>GPA: </strong>N/A</li><li><strong>HS Admissions Exam Minimum for ELA/Math: </strong></li>                                                        <ul><li>General Education and 504 Plan Students:  / </li><li>IEP and EL Students:  / </li></ul>                                                        <li><strong>Priority: </strong>Sibling Preference,Staff Preference,Attendance Area,General</li><li><strong>Note: </strong>Staff Preference applies at the entry level grade only. A maximum of 2 seats can be filled through Staff Preference.</li></ul>"
609705,FENGER HS,Christian Fenger Academy High School,HS,https://www.cps.edu/schools/profiles/school-overview/FENGER-HS,https://fengerhighschool.org,41.689951,-87.637572,FENGER HS - Honors,None,<ul><li><strong>Selection Type: </strong>Random Computerized Lottery</li>                                                        <li><strong>GPA: </strong>2</li><li><strong>HS Admissions Exam Minimum for ELA/Math: </strong></li>                                                        <ul><li>General Education and 504 Plan Students:  / </li><li>IEP and EL Students:  / </li></ul>                                                        <li><strong>Priority: </strong>General</li></ul>
609708,FOREMAN HS,Edwin G. Foreman College and Career Academy,HS,https://www.cps.edu/schools/profiles/school-overview/FOREMAN-HS,http://www.foremancca.org,41.939797,-87.754167,"FOREMAN HS-Career & Technical Education (CTE) - Arts, A/V Technology and Communications - Digital Media",None,"<ul><li><strong>Selection Type: </strong>Random Computerized Lottery</li>                                                        <li><strong>GPA: </strong>N/A</li><li><strong>HS Admissions Exam Minimum for ELA/Math: </strong></li>                                                        <ul><li>General Education and 504 Plan Students:  / </li><li>IEP and EL Students:  / </li></ul>                                                        <li><strong>Priority: </strong>Attendance Area,General</li></ul>"
609708,FOREMAN HS,Edwin G. Foreman College and Career Academy,HS,https://www.cps.edu/schools/profiles/school-overview/FOREMAN-HS,http://www.foremancca.org,41.939797,-87.754167,FOREMAN HS-General Education,None,"<ul><li><strong>Selection Type: </strong>Random Computerized Lottery</li>                                                        <li><strong>GPA: </strong>N/A</li><li><strong>HS Admissions Exam Minimum for ELA/Math: </strong></li>                                                        <ul><li>General Education and 504 Plan Students:  / </li><li>IEP and EL Students:  / </li></ul>                                                        <li><strong>Priority: </strong>Sibling Preference,Staff Preference,Attendance Area,General</li><li><strong>Note: </strong>Staff Preference applies at the entry level grade only. A maximum of 2 seats can be filled through Staff Preference.</li></ul>"
609708,FOREMAN HS,Edwin G. Foreman College and Career Academy,HS,https://www.cps.edu/schools/profiles/school-overview/FOREMAN-HS,http://www.foremancca.org,41.939797,-87.754167,FOREMAN HS-Special Education-Significantly Modified Curriculum w/ Moderate Supports,Cluster and Review,"<ul><li><strong>Selection Type: </strong>Random Computerized Lottery</li>                                                        <li><strong>GPA: </strong>N/A</li><li><strong>HS Admissions Exam Minimum for ELA/Math: </strong></li>                                                        <ul><li>General Education and 504 Plan Students:  / </li><li>IEP and EL Students:  / </li></ul>                                                        <li><strong>Priority: </strong>Proximity,General</li></ul>"
609708,FOREMAN HS,Edwin G. Foreman College and Career Academy,HS,https://www.cps.edu/schools/profiles/school-overview/FOREMAN-HS,http://www.foremancca.org,41.939797,-87.754167,FOREMAN HS-Career & Technical Education (CTE) - Manufacturing - Pre-Engineering,None,<ul><li><strong>Selection Type: </strong>Descending Point Score based on Academic Criteria</li>                                                        <li><strong>GPA: </strong>N/A</li><li><strong>HS Admissions Exam Minimum for ELA/Math: </strong></li>                                                        <ul><li>General Education and 504 Plan Students:  / </li><li>IEP and EL Students:  / </li></ul>                                                        <li><strong>Priority: </strong>General</li></ul>
609708,FOREMAN HS,Edwin G. Foreman College and Career Academy,HS,https://www.cps.edu/schools/profiles/school-overview/FOREMAN-HS,http://www.foremancca.org,41.939797,-87.754167,FOREMAN HS-Military & Service Leadership-JROTC,None,"<ul><li><strong>Selection Type: </strong>Random Computerized Lottery</li>                                                        <li><strong>GPA: </strong>2</li><li><strong>HS Admissions Exam Minimum for ELA/Math: </strong></li>                                                        <ul><li>General Education and 504 Plan Students:  / </li><li>IEP and EL Students:  / </li></ul>                                                        <li><strong>Priority: </strong>Sibling Preference,Attendance Area,General</li></ul>"
609709,GAGE PARK HS,Gage Park High School,HS,https://www.cps.edu/schools/profiles/school-overview/GAGE-PARK-HS,https://gageparkhs.org,41.791013,-87.688954,GAGE PARK HS - General Education,None,"<ul><li><strong>Selection Type: </strong>Random Computerized Lottery</li>                                                        <li><strong>GPA: </strong>N/A</li><li><strong>HS Admissions Exam Minimum for ELA/Math: </strong></li>                                                        <ul><li>General Education and 504 Plan Students:  / </li><li>IEP and EL Students:  / </li></ul>                                                        <li><strong>Priority: </strong>Sibling Preference,Staff Preference,Attendance Area,General</li><li><strong>Note: </strong>Staff Preference applies at the entry level grade only. A maximum of 2 seats can be filled through Staff Preference.</li></ul>"
609709,GAGE PARK HS,Gage Park High School,HS,https://www.cps.edu/schools/profiles/school-overview/GAGE-PARK-HS,https://gageparkhs.org,41.791013,-87.688954,GAGE PARK HS-Career & Technical Education (CTE)-Health Science,None,<ul><li><strong>Selection Type: </strong>Descending Point Score based on Academic Criteria</li>                                                        <li><strong>GPA: </strong>N/A</li><li><strong>HS Admissions Exam Minimum for ELA/Math: </strong></li>                                                        <ul><li>General Education and 504 Plan Students:  / </li><li>IEP and EL Students:  / </li></ul>                                                        <li><strong>Priority: </strong>General</li></ul>
609709,GAGE PARK HS,Gage Park High School,HS,https://www.cps.edu/schools/profiles/school-overview/GAGE-PARK-HS,https://gageparkhs.org,41.791013,-87.688954,GAGE PARK HS - Special Education - Significantly Modified Curriculum w/ Moderate Supports,Cluster and Review,"<ul><li><strong>Selection Type: </strong>Random Computerized Lottery</li>                                                        <li><strong>GPA: </strong>N/A</li><li><strong>HS Admissions Exam Minimum for ELA/Math: </strong></li>                                                        <ul><li>General Education and 504 Plan Students:  / </li><li>IEP and EL Students:  / </li></ul>                                                        <li><strong>Priority: </strong>Proximity,General</li></ul>"
609710,HARLAN HS,John M Harlan Community Academy High School,HS,https://www.cps.edu/schools/profiles/school-overview/HARLAN-HS,https://www.harlanfalcons.org,41.718372,-87.620623,"HARLAN HS-Career & Technical Education (CTE) - Arts, A/V Technology and Communications - Digital Media",None,"<ul><li><strong>Selection Type: </strong>Random Computerized Lottery</li>                                                        <li><strong>GPA: </strong>N/A</li><li><strong>HS Admissions Exam Minimum for ELA/Math: </strong></li>                                                        <ul><li>General Education and 504 Plan Students:  / </li><li>IEP and EL Students:  / </li></ul>                                                        <li><strong>Priority: </strong>Attendance Area,General</li></ul>"
609710,HARLAN HS,John M Harlan Community Academy High School,HS,https://www.cps.edu/schools/profiles/school-overview/HARLAN-HS,https://www.harlanfalcons.org,41.718372,-87.620623,HARLAN HS-General Education,None,"<ul><li><strong>Selection Type: </strong>Random Computerized Lottery</li>                                                        <li><strong>GPA: </strong>N/A</li><li><strong>HS Admissions Exam Minimum for ELA/Math: </strong></li>                                                        <ul><li>General Education and 504 Plan Students:  / </li><li>IEP and EL Students:  / </li></ul>                                                        <li><strong>Priority: </strong>Sibling Preference,Staff Preference,Attendance Area,General</li><li><strong>Note: </strong>Staff Preference applies at the entry level grade only. A maximum of 2 seats can be filled through Staff Preference.</li></ul>"
609710,HARLAN HS,John M Harlan Community Academy High School,HS,https://www.cps.edu/schools/profiles/school-overview/HARLAN-HS,https://www.harlanfalcons.org,41.718372,-87.620623,HARLAN HS-Special Education-Significantly Modified Curriculum w/ Intensive Supports,Cluster and Review,"<ul><li><strong>Selection Type: </strong>Random Computerized Lottery</li>                                                        <li><strong>GPA: </strong>N/A</li><li><strong>HS Admissions Exam Minimum for ELA/Math: </strong></li>                                                        <ul><li>General Education and 504 Plan Students:  / </li><li>IEP and EL Students:  / </li></ul>                                                        <li><strong>Priority: </strong>Proximity,General</li></ul>"
609712,HIRSCH HS,Emil G Hirsch Metropolitan High School,HS,https://www.cps.edu/schools/profiles/school-overview/HIRSCH-HS,https://hirschmetrohs.org,41.753748,-87.601727,HIRSCH HS-General Education,None,"<ul><li><strong>Selection Type: </strong>Random Computerized Lottery</li>                                                        <li><strong>GPA: </strong>N/A</li><li><strong>HS Admissions Exam Minimum for ELA/Math: </strong></li>                                                        <ul><li>General Education and 504 Plan Students:  / </li><li>IEP and EL Students:  / </li></ul>                                                        <li><strong>Priority: </strong>Sibling Preference,Staff Preference,Attendance Area,General</li><li><strong>Note: </strong>Staff Preference applies at the entry level grade only. A maximum of 2 seats can be filled through Staff Preference.</li></ul>"
609713,HYDE PARK HS,Hyde Park Academy High School,HS,https://www.cps.edu/schools/profiles/school-overview/HYDE-PARK-HS,https://hydeparkcps.org,41.782257,-87.586615,"HYDE PARK HS-Career & Technical Education (CTE) - Arts, A/V Technology and Communications - Broadcast Technology",None,"<ul><li><strong>Selection Type: </strong>Random Computerized Lottery</li>                                                        <li><strong>GPA: </strong>N/A</li><li><strong>HS Admissions Exam Minimum for ELA/Math: </strong></li>                                                        <ul><li>General Education and 504 Plan Students:  / </li><li>IEP and EL Students:  / </li></ul>                                                        <li><strong>Priority: </strong>Attendance Area,General</li></ul>"
609713,HYDE PARK HS,Hyde Park Academy High School,HS,https://www.cps.edu/schools/profiles/school-overview/HYDE-PARK-HS,https://hydeparkcps.org,41.782257,-87.586615,"HYDE PARK HS-Career & Technical Education (CTE) - Arts, A/V Technology and Communications - Digital Media",None,"<ul><li><strong>Selection Type: </strong>Random Computerized Lottery</li>                                                        <li><strong>GPA: </strong>N/A</li><li><strong>HS Admissions Exam Minimum for ELA/Math: </strong></li>                                                        <ul><li>General Education and 504 Plan Students:  / </li><li>IEP and EL Students:  / </li></ul>                                                        <li><strong>Priority: </strong>Attendance Area,General</li></ul>"
609713,HYDE PARK HS,Hyde Park Academy High School,HS,https://www.cps.edu/schools/profiles/school-overview/HYDE-PARK-HS,https://hydeparkcps.org,41.782257,-87.586615,HYDE PARK HS-General Education,None,"<ul><li><strong>Selection Type: </strong>Random Computerized Lottery</li>                                                        <li><strong>GPA: </strong>N/A</li><li><strong>HS Admissions Exam Minimum for ELA/Math: </strong></li>                                                        <ul><li>General Education and 504 Plan Students:  / </li><li>IEP and EL Students:  / </li></ul>                                                        <li><strong>Priority: </strong>Sibling Preference,Staff Preference,Attendance Area,General</li><li><strong>Note: </strong>Staff Preference applies at the entry level grade only. A maximum of 2 seats can be filled through Staff Preference.</li></ul>"
609713,HYDE PARK HS,Hyde Park Academy High School,HS,https://www.cps.edu/schools/profiles/school-overview/HYDE-PARK-HS,https://hydeparkcps.org,41.782257,-87.586615,HYDE PARK HS-International Baccalaureate (IB),None,"<ul><li><strong>Selection Type: </strong>Descending Point Score based on Academic Criteria</li>                                                        <li><strong>GPA: </strong>N/A</li><li><strong>HS Admissions Exam Minimum for ELA/Math: </strong></li>                                                        <ul><li>General Education and 504 Plan Students:  / </li><li>IEP and EL Students:  / </li></ul>                                                        <li><strong>Priority: </strong>Elementary Preference,General</li><li><strong>Note: </strong>50 bonus points for attendance areaElementary preference: Carnegie ES (IB Partner School)</li></ul>"
609713,HYDE PARK HS,Hyde Park Academy High School,HS,https://www.cps.edu/schools/profiles/school-overview/HYDE-PARK-HS,https://hydeparkcps.org,41.782257,-87.586615,HYDE PARK HS-Special Education-Significantly Modified Curriculum w/ Moderate Supports,Cluster and Review,"<ul><li><strong>Selection Type: </strong>Random Computerized Lottery</li>                                                        <li><strong>GPA: </strong>N/A</li><li><strong>HS Admissions Exam Minimum for ELA/Math: </strong></li>                                                        <ul><li>General Education and 504 Plan Students:  / </li><li>IEP and EL Students:  / </li></ul>                                                        <li><strong>Priority: </strong>Proximity,General</li></ul>"
609715,KELLY HS,Thomas Kelly College Preparatory,HS,https://www.cps.edu/schools/profiles/school-overview/KELLY-HS,https://kellyhighschool.org,41.818729,-87.694639,"KELLY HS-Career & Technical Education (CTE) - Arts, A/V Technology and Communications - Digital Media",None,"<ul><li><strong>Selection Type: </strong>Random Computerized Lottery</li>                                                        <li><strong>GPA: </strong>N/A</li><li><strong>HS Admissions Exam Minimum for ELA/Math: </strong></li>                                                        <ul><li>General Education and 504 Plan Students:  / </li><li>IEP and EL Students:  / </li></ul>                                                        <li><strong>Priority: </strong>Attendance Area,General</li></ul>"
609715,KELLY HS,Thomas Kelly College Preparatory,HS,https://www.cps.edu/schools/profiles/school-overview/KELLY-HS,https://kellyhighschool.org,41.818729,-87.694639,KELLY HS-General Education,None,"<ul><li><strong>Selection Type: </strong>Random Computerized Lottery</li>                                                        <li><strong>GPA: </strong>2.0</li><li><strong>HS Admissions Exam Minimum for ELA/Math: </strong></li>                                                        <ul><li>General Education and 504 Plan Students:  / </li><li>IEP and EL Students:  / </li></ul>                                                        <li><strong>Priority: </strong>Sibling Preference,Staff Preference,Attendance Area,General</li><li><strong>Note: </strong>Staff Preference applies at the entry level grade only. A maximum of 2 seats can be filled through Staff Preference.</li></ul>"
609715,KELLY HS,Thomas Kelly College Preparatory,HS,https://www.cps.edu/schools/profiles/school-overview/KELLY-HS,https://kellyhighschool.org,41.818729,-87.694639,KELLY HS-International Baccalaureate (IB),None,<ul><li><strong>Selection Type: </strong>Descending Point Score based on Academic Criteria</li>                                                        <li><strong>GPA: </strong>N/A</li><li><strong>HS Admissions Exam Minimum for ELA/Math: </strong></li>                                                        <ul><li>General Education and 504 Plan Students:  / </li><li>IEP and EL Students:  / </li></ul>                                                        <li><strong>Priority: </strong>General</li><li><strong>Note: </strong>50 bonus points for attendance area</li></ul>
609715,KELLY HS,Thomas Kelly College Preparatory,HS,https://www.cps.edu/schools/profiles/school-overview/KELLY-HS,https://kellyhighschool.org,41.818729,-87.694639,KELLY HS-Special Education-Significantly Modified Curriculum w/ Moderate Supports,Cluster and Review,"<ul><li><strong>Selection Type: </strong>Random Computerized Lottery</li>                                                        <li><strong>GPA: </strong>N/A</li><li><strong>HS Admissions Exam Minimum for ELA/Math: </strong></li>                                                        <ul><li>General Education and 504 Plan Students:  / </li><li>IEP and EL Students:  / </li></ul>                                                        <li><strong>Priority: </strong>Proximity,General</li></ul>"
609716,KELVYN PARK HS,Kelvyn Park High School,HS,https://www.cps.edu/schools/profiles/school-overview/KELVYN-PARK-HS,https://kphermosa.org,41.927918,-87.735999,KELVYN PARK HS-Open Enrollment-General Education,None,"<ul><li><strong>Selection Type: </strong>Random Computerized Lottery</li>                                                        <li><strong>GPA: </strong>N/A</li><li><strong>HS Admissions Exam Minimum for ELA/Math: </strong></li>                                                        <ul><li>General Education and 504 Plan Students:  / </li><li>IEP and EL Students:  / </li></ul>                                                        <li><strong>Priority: </strong>Sibling Preference,Staff Preference,General</li><li><strong>Note: </strong>This program serves only grades 7-8. There is a separate program available for applicants to grade 9.Staff Preference applies at the entry level grade (7th) only. A maximum of 2 seats can be filled through Staff Preference.</li></ul>"
609716,KELVYN PARK HS,Kelvyn Park High School,HS,https://www.cps.edu/schools/profiles/school-overview/KELVYN-PARK-HS,https://kphermosa.org,41.927918,-87.735999,KELVYN PARK HS-Fine & Performing Arts,None,"<ul><li><strong>Selection Type: </strong>Random Computerized Lottery</li>                                                        <li><strong>GPA: </strong>N/A</li><li><strong>HS Admissions Exam Minimum for ELA/Math: </strong></li>                                                        <ul><li>General Education and 504 Plan Students:  / </li><li>IEP and EL Students:  / </li></ul>                                                        <li><strong>Priority: </strong>Attendance Area,General</li></ul>"
609716,KELVYN PARK HS,Kelvyn Park High School,HS,https://www.cps.edu/schools/profiles/school-overview/KELVYN-PARK-HS,https://kphermosa.org,41.927918,-87.735999,KELVYN PARK HS-General Education,None,"<ul><li><strong>Selection Type: </strong>Random Computerized Lottery</li>                                                        <li><strong>GPA: </strong>N/A</li><li><strong>HS Admissions Exam Minimum for ELA/Math: </strong></li>                                                        <ul><li>General Education and 504 Plan Students:  / </li><li>IEP and EL Students:  / </li></ul>                                                        <li><strong>Priority: </strong>Continuing Enrollment,Sibling Preference,Staff Preference,Attendance Area,General</li><li><strong>Note: </strong>Staff Preference applies at the entry level grade only. A maximum of 2 seats can be filled through Staff Preference.</li></ul>"
609716,KELVYN PARK HS,Kelvyn Park High School,HS,https://www.cps.edu/schools/profiles/school-overview/KELVYN-PARK-HS,https://kphermosa.org,41.927918,-87.735999,"KELVYN PARK HS-Career & Technical Education (CTE) - Arts, A/V Technology and Communications - Digital Media",None,"<ul><li><strong>Selection Type: </strong>Random Computerized Lottery</li>                                                        <li><strong>GPA: </strong>N/A</li><li><strong>HS Admissions Exam Minimum for ELA/Math: </strong></li>                                                        <ul><li>General Education and 504 Plan Students:  / </li><li>IEP and EL Students:  / </li></ul>                                                        <li><strong>Priority: </strong>Attendance Area,General</li></ul>"
609716,KELVYN PARK HS,Kelvyn Park High School,HS,https://www.cps.edu/schools/profiles/school-overview/KELVYN-PARK-HS,https://kphermosa.org,41.927918,-87.735999,KELVYN PARK HS-Career & Technical Education (CTE)-Health Science,None,<ul><li><strong>Selection Type: </strong>Descending Point Score based on Academic Criteria</li>                                                        <li><strong>GPA: </strong>N/A</li><li><strong>HS Admissions Exam Minimum for ELA/Math: </strong></li>                                                        <ul><li>General Education and 504 Plan Students:  / </li><li>IEP and EL Students:  / </li></ul>                                                        <li><strong>Priority: </strong>General</li></ul>
609718,KENNEDY HS,John F Kennedy High School,HS,https://www.cps.edu/schools/profiles/school-overview/KENNEDY-HS,http://www.kennedy.cps.edu,41.789961,-87.78084,KENNEDY HS-General Education,None,"<ul><li><strong>Selection Type: </strong>Random Computerized Lottery</li>                                                        <li><strong>GPA: </strong>N/A</li><li><strong>HS Admissions Exam Minimum for ELA/Math: </strong></li>                                                        <ul><li>General Education and 504 Plan Students:  / </li><li>IEP and EL Students:  / </li></ul>                                                        <li><strong>Priority: </strong>Sibling Preference,Staff Preference,Attendance Area,General</li><li><strong>Note: </strong>Staff Preference applies at the entry level grade only. A maximum of 2 seats can be filled through Staff Preference.</li></ul>"
609718,KENNEDY HS,John F Kennedy High School,HS,https://www.cps.edu/schools/profiles/school-overview/KENNEDY-HS,http://www.kennedy.cps.edu,41.789961,-87.78084,KENNEDY HS-International Baccalaureate (IB),None,<ul><li><strong>Selection Type: </strong>Descending Point Score based on Academic Criteria</li>                                                        <li><strong>GPA: </strong>N/A</li><li><strong>HS Admissions Exam Minimum for ELA/Math: </strong></li>                                                        <ul><li>General Education and 504 Plan Students:  / </li><li>IEP and EL Students:  / </li></ul>                                                        <li><strong>Priority: </strong>General</li><li><strong>Note: </strong>50 bonus points for attendance area</li></ul>
609718,KENNEDY HS,John F Kennedy High School,HS,https://www.cps.edu/schools/profiles/school-overview/KENNEDY-HS,http://www.kennedy.cps.edu,41.789961,-87.78084,KENNEDY HS-Special Education-Significantly Modified Curriculum w/ Moderate Supports,Cluster and Review,"<ul><li><strong>Selection Type: </strong>Random Computerized Lottery</li>                                                        <li><strong>GPA: </strong>N/A</li><li><strong>HS Admissions Exam Minimum for ELA/Math: </strong></li>                                                        <ul><li>General Education and 504 Plan Students:  / </li><li>IEP and EL Students:  / </li></ul>                                                        <li><strong>Priority: </strong>Proximity,General</li></ul>"
609722,MANLEY HS,Manley Career Academy High School,HS,https://www.cps.edu/schools/profiles/school-overview/MANLEY-HS,https://manleycareeracademy.org,41.870939,-87.699896,MANLEY HS-Career & Technical Education (CTE)-Culinary & Hospitality Management,None,"<ul><li><strong>Selection Type: </strong>Random Computerized Lottery</li>                                                        <li><strong>GPA: </strong>N/A</li><li><strong>HS Admissions Exam Minimum for ELA/Math: </strong></li>                                                        <ul><li>General Education and 504 Plan Students:  / </li><li>IEP and EL Students:  / </li></ul>                                                        <li><strong>Priority: </strong>Attendance Area,General</li></ul>"
609722,MANLEY HS,Manley Career Academy High School,HS,https://www.cps.edu/schools/profiles/school-overview/MANLEY-HS,https://manleycareeracademy.org,41.870939,-87.699896,MANLEY HS-General Education,None,"<ul><li><strong>Selection Type: </strong>Random Computerized Lottery</li>                                                        <li><strong>GPA: </strong>N/A</li><li><strong>HS Admissions Exam Minimum for ELA/Math: </strong></li>                                                        <ul><li>General Education and 504 Plan Students:  / </li><li>IEP and EL Students:  / </li></ul>                                                        <li><strong>Priority: </strong>Sibling Preference,Staff Preference,Attendance Area,General</li><li><strong>Note: </strong>Staff Preference applies at the entry level grade only. A maximum of 2 seats can be filled through Staff Preference.</li></ul>"
609723,MARSHALL HS,John Marshall Metropolitan High School,HS,https://www.cps.edu/schools/profiles/school-overview/MARSHALL-HS,http://marshallmetro.cps.edu,41.878444,-87.70805,MARSHALL HS-Career & Technical Education (CTE)-Agriculture & Horticulture,None,"<ul><li><strong>Selection Type: </strong>Random Computerized Lottery</li>                                                        <li><strong>GPA: </strong>N/A</li><li><strong>HS Admissions Exam Minimum for ELA/Math: </strong></li>                                                        <ul><li>General Education and 504 Plan Students:  / </li><li>IEP and EL Students:  / </li></ul>                                                        <li><strong>Priority: </strong>Attendance Area,General</li></ul>"
609723,MARSHALL HS,John Marshall Metropolitan High School,HS,https://www.cps.edu/schools/profiles/school-overview/MARSHALL-HS,http://marshallmetro.cps.edu,41.878444,-87.70805,MARSHALL HS-Career & Technical Education (CTE)-Culinary & Hospitality Management,None,"<ul><li><strong>Selection Type: </strong>Random Computerized Lottery</li>                                                        <li><strong>GPA: </strong>N/A</li><li><strong>HS Admissions Exam Minimum for ELA/Math: </strong></li>                                                        <ul><li>General Education and 504 Plan Students:  / </li><li>IEP and EL Students:  / </li></ul>                                                        <li><strong>Priority: </strong>Attendance Area,General</li></ul>"
609723,MARSHALL HS,John Marshall Metropolitan High School,HS,https://www.cps.edu/schools/profiles/school-overview/MARSHALL-HS,http://marshallmetro.cps.edu,41.878444,-87.70805,MARSHALL HS-General Education,None,"<ul><li><strong>Selection Type: </strong>Random Computerized Lottery</li>                                                        <li><strong>GPA: </strong>N/A</li><li><strong>HS Admissions Exam Minimum for ELA/Math: </strong></li>                                                        <ul><li>General Education and 504 Plan Students:  / </li><li>IEP and EL Students:  / </li></ul>                                                        <li><strong>Priority: </strong>Sibling Preference,Staff Preference,Attendance Area,General</li><li><strong>Note: </strong>Staff Preference applies at the entry level grade only. A maximum of 2 seats can be filled through Staff Preference.</li></ul>"
609724,MATHER HS,Stephen T Mather High School,HS,https://www.cps.edu/schools/profiles/school-overview/MATHER-HS,https://matherhs.org,41.987589,-87.702496,MATHER HS-AVID,None,"<ul><li><strong>Selection Type: </strong>Random Computerized Lottery</li>                                                        <li><strong>GPA: </strong>2.0</li><li><strong>HS Admissions Exam Minimum for ELA/Math: </strong></li>                                                        <ul><li>General Education and 504 Plan Students:  / </li><li>IEP and EL Students:  / </li></ul>                                                        <li><strong>Priority: </strong>Sibling Preference,Staff Preference,Elementary Preference,Attendance Area,General</li><li><strong>Note: </strong>Elementary preference: 
Mosaic, Clinton, Jamieson, Peterson, Rogers, West RidgeStaff Preference applies at the entry level grade only. A maximum of 2 seats can be filled through Staff Preference.</li></ul>"
609724,MATHER HS,Stephen T Mather High School,HS,https://www.cps.edu/schools/profiles/school-overview/MATHER-HS,https://matherhs.org,41.987589,-87.702496,"MATHER HS-Career & Technical Education (CTE) - Arts, A/V Technology and Communications - Digital Media",None,"<ul><li><strong>Selection Type: </strong>Random Computerized Lottery</li>                                                        <li><strong>GPA: </strong>N/A</li><li><strong>HS Admissions Exam Minimum for ELA/Math: </strong></li>                                                        <ul><li>General Education and 504 Plan Students:  / </li><li>IEP and EL Students:  / </li></ul>                                                        <li><strong>Priority: </strong>Attendance Area,General</li></ul>"
609724,MATHER HS,Stephen T Mather High School,HS,https://www.cps.edu/schools/profiles/school-overview/MATHER-HS,https://matherhs.org,41.987589,-87.702496,MATHER HS-General Education,None,"<ul><li><strong>Selection Type: </strong>Random Computerized Lottery</li>                                                        <li><strong>GPA: </strong>N/A</li><li><strong>HS Admissions Exam Minimum for ELA/Math: </strong></li>                                                        <ul><li>General Education and 504 Plan Students:  / </li><li>IEP and EL Students:  / </li></ul>                                                        <li><strong>Priority: </strong>Sibling Preference,Staff Preference,Elementary Preference,Attendance Area,General</li><li><strong>Note: </strong>Elementary preference: 
Armstrong G, Mosaic, Clinton, Jamieson, Peterson, Rogers, West RidgeStaff Preference applies at the entry level grade only. A maximum of 2 seats can be filled through Staff Preference.</li></ul>"
609724,MATHER HS,Stephen T Mather High School,HS,https://www.cps.edu/schools/profiles/school-overview/MATHER-HS,https://matherhs.org,41.987589,-87.702496,MATHER HS-Career & Technical Education (CTE)-Information Technology-Game Programming & Web Design & Development,None,"<ul><li><strong>Selection Type: </strong>Random Computerized Lottery</li>                                                        <li><strong>GPA: </strong>N/A</li><li><strong>HS Admissions Exam Minimum for ELA/Math: </strong></li>                                                        <ul><li>General Education and 504 Plan Students:  / </li><li>IEP and EL Students:  / </li></ul>                                                        <li><strong>Priority: </strong>Attendance Area,General</li></ul>"
609724,MATHER HS,Stephen T Mather High School,HS,https://www.cps.edu/schools/profiles/school-overview/MATHER-HS,https://matherhs.org,41.987589,-87.702496,MATHER HS-Career & Technical Education (CTE) - Manufacturing - Pre-Engineering,None,<ul><li><strong>Selection Type: </strong>Descending Point Score based on Academic Criteria</li>                                                        <li><strong>GPA: </strong>N/A</li><li><strong>HS Admissions Exam Minimum for ELA/Math: </strong></li>                                                        <ul><li>General Education and 504 Plan Students:  / </li><li>IEP and EL Students:  / </li></ul>                                                        <li><strong>Priority: </strong>General</li></ul>
609724,MATHER HS,Stephen T Mather High School,HS,https://www.cps.edu/schools/profiles/school-overview/MATHER-HS,https://matherhs.org,41.987589,-87.702496,MATHER HS-Career & Technical Education (CTE)-Law & Public Safety-Pre-Law,None,<ul><li><strong>Selection Type: </strong>Descending Point Score based on Academic Criteria</li>                                                        <li><strong>GPA: </strong>N/A</li><li><strong>HS Admissions Exam Minimum for ELA/Math: </strong></li>                                                        <ul><li>General Education and 504 Plan Students:  / </li><li>IEP and EL Students:  / </li></ul>                                                        <li><strong>Priority: </strong>General</li></ul>
609725,MORGAN PARK HS,Morgan Park High School,HS,https://www.cps.edu/schools/profiles/school-overview/MORGAN-PARK-HS,https://morganparkcps.org,41.692035,-87.665658,MORGAN PARK HS - Selective Enrollment - Academic Center,Admissions Exam,"<ul><li><strong>Selection Type: </strong>Descending Point Score based on Academic Criteria</li>                                                        <li><strong>GPA: </strong>2.5</li><li><strong>HS Admissions Exam Minimum for ELA/Math: </strong></li>                                                        <ul><li>General Education and 504 Plan Students:  / </li><li>IEP and EL Students:  / </li></ul>                                                        <li><strong>Priority: </strong>General,Tier</li><li><strong>Note: </strong>Tier is only considered in the selection of 7th grade applicants. 30% of seats are filled based on test scores alone. The remaining seats are evenly divided among applicants from each of the four socio-economic tiers.</li></ul>"
609725,MORGAN PARK HS,Morgan Park High School,HS,https://www.cps.edu/schools/profiles/school-overview/MORGAN-PARK-HS,https://morganparkcps.org,41.692035,-87.665658,MORGAN PARK HS-General Education,None,"<ul><li><strong>Selection Type: </strong>Random Computerized Lottery</li>                                                        <li><strong>GPA: </strong>2.0</li><li><strong>HS Admissions Exam Minimum for ELA/Math: </strong></li>                                                        <ul><li>General Education and 504 Plan Students:  / </li><li>IEP and EL Students:  / </li></ul>                                                        <li><strong>Priority: </strong>Sibling Preference,Staff Preference,Attendance Area,General</li><li><strong>Note: </strong>Staff Preference applies at the entry level grade only. A maximum of 2 seats can be filled through Staff Preference.</li></ul>"
609725,MORGAN PARK HS,Morgan Park High School,HS,https://www.cps.edu/schools/profiles/school-overview/MORGAN-PARK-HS,https://morganparkcps.org,41.692035,-87.665658,MORGAN PARK HS - International Baccalaureate (IB),None,"<ul><li><strong>Selection Type: </strong>Descending Point Score based on Academic Criteria</li>                                                        <li><strong>GPA: </strong>N/A</li><li><strong>HS Admissions Exam Minimum for ELA/Math: </strong></li>                                                        <ul><li>General Education and 504 Plan Students:  / </li><li>IEP and EL Students:  / </li></ul>                                                        <li><strong>Priority: </strong>Continuing Enrollment,General</li><li><strong>Note: </strong>50 bonus points for attendance area
There is a continuing enrollment preference for students in the Academic Center at Morgan Park.</li></ul>"
609725,MORGAN PARK HS,Morgan Park High School,HS,https://www.cps.edu/schools/profiles/school-overview/MORGAN-PARK-HS,https://morganparkcps.org,41.692035,-87.665658,MORGAN PARK HS-Special Education-Significantly Modified Curriculum w/Moderate Supports,Cluster and Review,"<ul><li><strong>Selection Type: </strong>Random Computerized Lottery</li>                                                        <li><strong>GPA: </strong>N/A</li><li><strong>HS Admissions Exam Minimum for ELA/Math: </strong></li>                                                        <ul><li>General Education and 504 Plan Students:  / </li><li>IEP and EL Students:  / </li></ul>                                                        <li><strong>Priority: </strong>Proximity,General</li></ul>"
609727,PHILLIPS HS,Wendell Phillips Academy High School,HS,https://www.cps.edu/schools/profiles/school-overview/PHILLIPS-HS,https://phillipshs.org,41.82388,-87.619796,"PHILLIPS HS-Career & Technical Education (CTE) - Arts, A/V Technology and Communications - Digital Media",None,"<ul><li><strong>Selection Type: </strong>Random Computerized Lottery</li>                                                        <li><strong>GPA: </strong>N/A</li><li><strong>HS Admissions Exam Minimum for ELA/Math: </strong></li>                                                        <ul><li>General Education and 504 Plan Students:  / </li><li>IEP and EL Students:  / </li></ul>                                                        <li><strong>Priority: </strong>Attendance Area,General</li></ul>"
609727,PHILLIPS HS,Wendell Phillips Academy High School,HS,https://www.cps.edu/schools/profiles/school-overview/PHILLIPS-HS,https://phillipshs.org,41.82388,-87.619796,PHILLIPS HS-General Education,None,"<ul><li><strong>Selection Type: </strong>Random Computerized Lottery</li>                                                        <li><strong>GPA: </strong>N/A</li><li><strong>HS Admissions Exam Minimum for ELA/Math: </strong></li>                                                        <ul><li>General Education and 504 Plan Students:  / </li><li>IEP and EL Students:  / </li></ul>                                                        <li><strong>Priority: </strong>Sibling Preference,Staff Preference,Attendance Area,General</li><li><strong>Note: </strong>Staff Preference applies at the entry level grade only. A maximum of 2 seats can be filled through Staff Preference.</li></ul>"
609746,KENWOOD HS,Kenwood Academy High School,HS,https://www.cps.edu/schools/profiles/school-overview/KENWOOD-HS,https://kenwoodacademy.org,41.803772,-87.590421,KENWOOD HS - Selective Enrollment - Academic Center,Admissions Exam,"<ul><li><strong>Selection Type: </strong>Descending Point Score based on Academic Criteria</li>                                                        <li><strong>GPA: </strong>2.5</li><li><strong>HS Admissions Exam Minimum for ELA/Math: </strong></li>                                                        <ul><li>General Education and 504 Plan Students:  / </li><li>IEP and EL Students:  / </li></ul>                                                        <li><strong>Priority: </strong>General,Tier</li><li><strong>Note: </strong>Tier is only considered in the selection of 7th grade applicants. 30% of seats are filled based on test scores alone. The remaining seats are evenly divided among applicants from each of the four socio-economic tiers.</li></ul>"
609746,KENWOOD HS,Kenwood Academy High School,HS,https://www.cps.edu/schools/profiles/school-overview/KENWOOD-HS,https://kenwoodacademy.org,41.803772,-87.590421,KENWOOD HS-Magnet-Honors,None,<ul><li><strong>Selection Type: </strong>Random Computerized Lottery</li>                                                        <li><strong>GPA: </strong>3.0</li><li><strong>HS Admissions Exam Minimum for ELA/Math: </strong></li>                                                        <ul><li>General Education and 504 Plan Students:  / </li><li>IEP and EL Students:  / </li></ul>                                                        <li><strong>Priority: </strong>General</li></ul>
609746,KENWOOD HS,Kenwood Academy High School,HS,https://www.cps.edu/schools/profiles/school-overview/KENWOOD-HS,https://kenwoodacademy.org,41.803772,-87.590421,KENWOOD HS-Special Education-Significantly Modified Curriculum w/ Moderate Supports,Cluster and Review,"<ul><li><strong>Selection Type: </strong>Random Computerized Lottery</li>                                                        <li><strong>GPA: </strong>N/A</li><li><strong>HS Admissions Exam Minimum for ELA/Math: </strong></li>                                                        <ul><li>General Education and 504 Plan Students:  / </li><li>IEP and EL Students:  / </li></ul>                                                        <li><strong>Priority: </strong>Proximity,General</li></ul>"
609746,KENWOOD HS,Kenwood Academy High School,HS,https://www.cps.edu/schools/profiles/school-overview/KENWOOD-HS,https://kenwoodacademy.org,41.803772,-87.590421,KENWOOD HS-General Education,,"<ul><li><strong>Selection Type: </strong>Random Computerized Lottery</li>                                                        <li><strong>GPA: </strong>N/A</li><li><strong>HS Admissions Exam Minimum for ELA/Math: </strong></li>                                                        <ul><li>General Education and 504 Plan Students:  / </li><li>IEP and EL Students:  / </li></ul>                                                        <li><strong>Priority: </strong>Continuing Enrollment,Attendance Area,General</li></ul>"
609728,ROOSEVELT HS,Theodore Roosevelt High School,HS,https://www.cps.edu/schools/profiles/school-overview/ROOSEVELT-HS,https://rhsroughriders.org,41.964828,-87.714819,ROOSEVELT HS-Career & Technical Education (CTE)-Information Technology-Computer Networking,None,"<ul><li><strong>Selection Type: </strong>Random Computerized Lottery</li>                                                        <li><strong>GPA: </strong>N/A</li><li><strong>HS Admissions Exam Minimum for ELA/Math: </strong></li>                                                        <ul><li>General Education and 504 Plan Students:  / </li><li>IEP and EL Students:  / </li></ul>                                                        <li><strong>Priority: </strong>Attendance Area,General</li></ul>"
609728,ROOSEVELT HS,Theodore Roosevelt High School,HS,https://www.cps.edu/schools/profiles/school-overview/ROOSEVELT-HS,https://rhsroughriders.org,41.964828,-87.714819,ROOSEVELT HS-Career & Technical Education (CTE)-Culinary & Hospitality Management,None,"<ul><li><strong>Selection Type: </strong>Random Computerized Lottery</li>                                                        <li><strong>GPA: </strong>N/A</li><li><strong>HS Admissions Exam Minimum for ELA/Math: </strong></li>                                                        <ul><li>General Education and 504 Plan Students:  / </li><li>IEP and EL Students:  / </li></ul>                                                        <li><strong>Priority: </strong>Attendance Area,General</li></ul>"
609728,ROOSEVELT HS,Theodore Roosevelt High School,HS,https://www.cps.edu/schools/profiles/school-overview/ROOSEVELT-HS,https://rhsroughriders.org,41.964828,-87.714819,ROOSEVELT HS-Career & Technical Education (CTE)-Education & Training-Teaching Academy,None,"<ul><li><strong>Selection Type: </strong>Random Computerized Lottery</li>                                                        <li><strong>GPA: </strong>N/A</li><li><strong>HS Admissions Exam Minimum for ELA/Math: </strong></li>                                                        <ul><li>General Education and 504 Plan Students:  / </li><li>IEP and EL Students:  / </li></ul>                                                        <li><strong>Priority: </strong>Attendance Area,General</li></ul>"
609728,ROOSEVELT HS,Theodore Roosevelt High School,HS,https://www.cps.edu/schools/profiles/school-overview/ROOSEVELT-HS,https://rhsroughriders.org,41.964828,-87.714819,ROOSEVELT HS-General Education,None,"<ul><li><strong>Selection Type: </strong>Random Computerized Lottery</li>                                                        <li><strong>GPA: </strong>N/A</li><li><strong>HS Admissions Exam Minimum for ELA/Math: </strong></li>                                                        <ul><li>General Education and 504 Plan Students:  / </li><li>IEP and EL Students:  / </li></ul>                                                        <li><strong>Priority: </strong>Sibling Preference,Staff Preference,Attendance Area,General</li><li><strong>Note: </strong>Staff Preference applies at the entry level grade only. A maximum of 2 seats can be filled through Staff Preference.</li></ul>"
609728,ROOSEVELT HS,Theodore Roosevelt High School,HS,https://www.cps.edu/schools/profiles/school-overview/ROOSEVELT-HS,https://rhsroughriders.org,41.964828,-87.714819,ROOSEVELT HS-World Language-Dual Language,None,"<ul><li><strong>Selection Type: </strong>Random Computerized Lottery</li>                                                        <li><strong>GPA: </strong>2.5</li><li><strong>HS Admissions Exam Minimum for ELA/Math: </strong></li>                                                        <ul><li>General Education and 504 Plan Students:  / </li><li>IEP and EL Students:  / </li></ul>                                                        <li><strong>Priority: </strong>Sibling Preference,Elementary Preference,General</li><li><strong>Note: </strong>Elementary preference: 
AZUELA,  BARRY, BATEMAN, BELMONT-CRAGIN , CALMECA, CARSON, CHASE, COOPER, DARWIN, EDWARDS, ERIE, GLOBAL CITIZENSHIP, HURLEY, INTER-AMERICAN, MOOS, MOZART, NAMASTE, SABIN, SPRY ES, STOWE, TALCOTT, TELPOCHCALLI, VOLTA, VON LINNE, WHITTIER</li></ul>"
609728,ROOSEVELT HS,Theodore Roosevelt High School,HS,https://www.cps.edu/schools/profiles/school-overview/ROOSEVELT-HS,https://rhsroughriders.org,41.964828,-87.714819,ROOSEVELT HS-Career & Technical Education (CTE)-Health Science,None,<ul><li><strong>Selection Type: </strong>Descending Point Score based on Academic Criteria</li>                                                        <li><strong>GPA: </strong>N/A</li><li><strong>HS Admissions Exam Minimum for ELA/Math: </strong></li>                                                        <ul><li>General Education and 504 Plan Students:  / </li><li>IEP and EL Students:  / </li></ul>                                                        <li><strong>Priority: </strong>General</li></ul>
609728,ROOSEVELT HS,Theodore Roosevelt High School,HS,https://www.cps.edu/schools/profiles/school-overview/ROOSEVELT-HS,https://rhsroughriders.org,41.964828,-87.714819,ROOSEVELT HS-Career & Technical Education (CTE)-Information Technology-Game Programming,None,"<ul><li><strong>Selection Type: </strong>Random Computerized Lottery</li>                                                        <li><strong>GPA: </strong>N/A</li><li><strong>HS Admissions Exam Minimum for ELA/Math: </strong></li>                                                        <ul><li>General Education and 504 Plan Students:  / </li><li>IEP and EL Students:  / </li></ul>                                                        <li><strong>Priority: </strong>Attendance Area,General</li></ul>"
609728,ROOSEVELT HS,Theodore Roosevelt High School,HS,https://www.cps.edu/schools/profiles/school-overview/ROOSEVELT-HS,https://rhsroughriders.org,41.964828,-87.714819,ROOSEVELT HS-Special Education-Significantly Modified Curriculum w/ Moderate Supports,Cluster and Review,"<ul><li><strong>Selection Type: </strong>Random Computerized Lottery</li>                                                        <li><strong>GPA: </strong>N/A</li><li><strong>HS Admissions Exam Minimum for ELA/Math: </strong></li>                                                        <ul><li>General Education and 504 Plan Students:  / </li><li>IEP and EL Students:  / </li></ul>                                                        <li><strong>Priority: </strong>Proximity,General</li></ul>"
609729,SCHURZ HS,Carl Schurz High School,HS,https://www.cps.edu/schools/profiles/school-overview/SCHURZ-HS,https://schurzhs.org,41.946365,-87.735612,SCHURZ HS-Career & Technical Education (CTE)-Business & Finance-Accounting & Entrepreneurship,None,"<ul><li><strong>Selection Type: </strong>Random Computerized Lottery</li>                                                        <li><strong>GPA: </strong>N/A</li><li><strong>HS Admissions Exam Minimum for ELA/Math: </strong></li>                                                        <ul><li>General Education and 504 Plan Students:  / </li><li>IEP and EL Students:  / </li></ul>                                                        <li><strong>Priority: </strong>Attendance Area,General</li></ul>"
609729,SCHURZ HS,Carl Schurz High School,HS,https://www.cps.edu/schools/profiles/school-overview/SCHURZ-HS,https://schurzhs.org,41.946365,-87.735612,SCHURZ HS-Career & Technical Education (CTE)-Transportation-Automotive Technology,None,"<ul><li><strong>Selection Type: </strong>Random Computerized Lottery</li>                                                        <li><strong>GPA: </strong>N/A</li><li><strong>HS Admissions Exam Minimum for ELA/Math: </strong></li>                                                        <ul><li>General Education and 504 Plan Students:  / </li><li>IEP and EL Students:  / </li></ul>                                                        <li><strong>Priority: </strong>Attendance Area,General</li></ul>"
609729,SCHURZ HS,Carl Schurz High School,HS,https://www.cps.edu/schools/profiles/school-overview/SCHURZ-HS,https://schurzhs.org,41.946365,-87.735612,"SCHURZ HS-Career & Technical Education (CTE) - Arts, A/V Technology and Communications - Digital Media",None,"<ul><li><strong>Selection Type: </strong>Random Computerized Lottery</li>                                                        <li><strong>GPA: </strong>N/A</li><li><strong>HS Admissions Exam Minimum for ELA/Math: </strong></li>                                                        <ul><li>General Education and 504 Plan Students:  / </li><li>IEP and EL Students:  / </li></ul>                                                        <li><strong>Priority: </strong>Attendance Area,General</li></ul>"
609729,SCHURZ HS,Carl Schurz High School,HS,https://www.cps.edu/schools/profiles/school-overview/SCHURZ-HS,https://schurzhs.org,41.946365,-87.735612,SCHURZ HS-World Language-Dual Language,None,"<ul><li><strong>Selection Type: </strong>Random Computerized Lottery</li>                                                        <li><strong>GPA: </strong>N/A</li><li><strong>HS Admissions Exam Minimum for ELA/Math: </strong></li>                                                        <ul><li>General Education and 504 Plan Students:  / </li><li>IEP and EL Students:  / </li></ul>                                                        <li><strong>Priority: </strong>Sibling Preference,Elementary Preference,General</li><li><strong>Note: </strong>Elementary preference: 
AZUELA,  BARRY, BATEMAN, BELMONT-CRAGIN, CALMECA, CARSON, CHASE, COOPER, DARWIN, EDWARDS, ERIE, GLOBAL CITIZENSHIP, HURLEY, INTER-AMERICAN, MOOS, MOZART, NAMASTE, SABIN, SPRY ES, STOWE, TALCOTT, TELPOCHCALLI, VOLTA, VON LINNE, WHITTIER</li></ul>"
609729,SCHURZ HS,Carl Schurz High School,HS,https://www.cps.edu/schools/profiles/school-overview/SCHURZ-HS,https://schurzhs.org,41.946365,-87.735612,SCHURZ HS-General Education,None,"<ul><li><strong>Selection Type: </strong>Random Computerized Lottery</li>                                                        <li><strong>GPA: </strong>N/A</li><li><strong>HS Admissions Exam Minimum for ELA/Math: </strong></li>                                                        <ul><li>General Education and 504 Plan Students:  / </li><li>IEP and EL Students:  / </li></ul>                                                        <li><strong>Priority: </strong>Sibling Preference,Staff Preference,Attendance Area,General</li><li><strong>Note: </strong>Staff Preference applies at the entry level grade only. A maximum of 2 seats can be filled through Staff Preference.</li></ul>"
609729,SCHURZ HS,Carl Schurz High School,HS,https://www.cps.edu/schools/profiles/school-overview/SCHURZ-HS,https://schurzhs.org,41.946365,-87.735612,SCHURZ HS-Career & Technical Education (CTE)-Health Science,None,<ul><li><strong>Selection Type: </strong>Descending Point Score based on Academic Criteria</li>                                                        <li><strong>GPA: </strong>N/A</li><li><strong>HS Admissions Exam Minimum for ELA/Math: </strong></li>                                                        <ul><li>General Education and 504 Plan Students:  / </li><li>IEP and EL Students:  / </li></ul>                                                        <li><strong>Priority: </strong>General</li></ul>
609729,SCHURZ HS,Carl Schurz High School,HS,https://www.cps.edu/schools/profiles/school-overview/SCHURZ-HS,https://schurzhs.org,41.946365,-87.735612,SCHURZ HS-International Baccalaureate (IB),None,<ul><li><strong>Selection Type: </strong>Descending Point Score based on Academic Criteria</li>                                                        <li><strong>GPA: </strong>N/A</li><li><strong>HS Admissions Exam Minimum for ELA/Math: </strong></li>                                                        <ul><li>General Education and 504 Plan Students:  / </li><li>IEP and EL Students:  / </li></ul>                                                        <li><strong>Priority: </strong>General</li><li><strong>Note: </strong>50 bonus points for attendance area</li></ul>
609729,SCHURZ HS,Carl Schurz High School,HS,https://www.cps.edu/schools/profiles/school-overview/SCHURZ-HS,https://schurzhs.org,41.946365,-87.735612,SCHURZ HS-Special Education-Significantly Modified Curriculum w/ Moderate Supports,Cluster and Review,"<ul><li><strong>Selection Type: </strong>Random Computerized Lottery</li>                                                        <li><strong>GPA: </strong>N/A</li><li><strong>HS Admissions Exam Minimum for ELA/Math: </strong></li>                                                        <ul><li>General Education and 504 Plan Students:  / </li><li>IEP and EL Students:  / </li></ul>                                                        <li><strong>Priority: </strong>Proximity,General</li></ul>"
609729,SCHURZ HS,Carl Schurz High School,HS,https://www.cps.edu/schools/profiles/school-overview/SCHURZ-HS,https://schurzhs.org,41.946365,-87.735612,SCHURZ HS-Career & Technical Education (CTE) - Manufacturing - Pre-Engineering,None,<ul><li><strong>Selection Type: </strong>Descending Point Score based on Academic Criteria</li>                                                        <li><strong>GPA: </strong>N/A</li><li><strong>HS Admissions Exam Minimum for ELA/Math: </strong></li>                                                        <ul><li>General Education and 504 Plan Students:  / </li><li>IEP and EL Students:  / </li></ul>                                                        <li><strong>Priority: </strong>General</li></ul>
609730,SENN HS,Nicholas Senn High School,HS,https://www.cps.edu/schools/profiles/school-overview/SENN-HS,https://www.sennhs.org,41.989029,-87.667136,SENN HS-Fine & Performing Arts-Dance,Audition,<ul><li><strong>Selection Type: </strong>Descending Point Score based on Audition Score</li>                                                        <li><strong>GPA: </strong>N/A</li><li><strong>HS Admissions Exam Minimum for ELA/Math: </strong></li>                                                        <ul><li>General Education and 504 Plan Students:  / </li><li>IEP and EL Students:  / </li></ul>                                                        <li><strong>Priority: </strong>General</li><li><strong>Note: </strong>Schedule your audition in your GoCPS account. For more information visit: https://www.sennhs.org/apps/pages/index.jsp?uREC_ID=1474600&type=d&pREC_ID=2086440</li></ul>
609730,SENN HS,Nicholas Senn High School,HS,https://www.cps.edu/schools/profiles/school-overview/SENN-HS,https://www.sennhs.org,41.989029,-87.667136,SENN HS-General Education,None,<ul><li><strong>Selection Type: </strong>Random Computerized Lottery</li>                                                        <li><strong>GPA: </strong>N/A</li><li><strong>HS Admissions Exam Minimum for ELA/Math: </strong></li>                                                        <ul><li>General Education and 504 Plan Students:  / </li><li>IEP and EL Students:  / </li></ul>                                                        <li><strong>Priority: </strong>Attendance Area</li></ul>
609730,SENN HS,Nicholas Senn High School,HS,https://www.cps.edu/schools/profiles/school-overview/SENN-HS,https://www.sennhs.org,41.989029,-87.667136,SENN HS-International Baccalaureate (IB),None,"<ul><li><strong>Selection Type: </strong>Descending Point Score based on Academic Criteria</li>                                                        <li><strong>GPA: </strong>N/A</li><li><strong>HS Admissions Exam Minimum for ELA/Math: </strong></li>                                                        <ul><li>General Education and 504 Plan Students:  / </li><li>IEP and EL Students:  / </li></ul>                                                        <li><strong>Priority: </strong>Elementary Preference,General</li><li><strong>Note: </strong>50 bonus points for attendance areaElementary preference: Peirce ES (IB Partner School)</li></ul>"
609730,SENN HS,Nicholas Senn High School,HS,https://www.cps.edu/schools/profiles/school-overview/SENN-HS,https://www.sennhs.org,41.989029,-87.667136,SENN HS-Fine & Performing Arts-Music,Audition,<ul><li><strong>Selection Type: </strong>Descending Point Score based on Audition Score</li>                                                        <li><strong>GPA: </strong>N/A</li><li><strong>HS Admissions Exam Minimum for ELA/Math: </strong></li>                                                        <ul><li>General Education and 504 Plan Students:  / </li><li>IEP and EL Students:  / </li></ul>                                                        <li><strong>Priority: </strong>General</li><li><strong>Note: </strong>Schedule your audition in your GoCPS account. For more information visit: https://www.sennhs.org/apps/pages/index.jsp?uREC_ID=1474600&type=d&pREC_ID=2086440</li></ul>
609730,SENN HS,Nicholas Senn High School,HS,https://www.cps.edu/schools/profiles/school-overview/SENN-HS,https://www.sennhs.org,41.989029,-87.667136,SENN HS-Fine & Performing Arts-Theatre,Audition,<ul><li><strong>Selection Type: </strong>Descending Point Score based on Audition Score</li>                                                        <li><strong>GPA: </strong>N/A</li><li><strong>HS Admissions Exam Minimum for ELA/Math: </strong></li>                                                        <ul><li>General Education and 504 Plan Students:  / </li><li>IEP and EL Students:  / </li></ul>                                                        <li><strong>Priority: </strong>General</li><li><strong>Note: </strong>Schedule your audition in your GoCPS account. For more information visit: https://www.sennhs.org/apps/pages/index.jsp?uREC_ID=1474600&type=d&pREC_ID=2086440</li></ul>
609730,SENN HS,Nicholas Senn High School,HS,https://www.cps.edu/schools/profiles/school-overview/SENN-HS,https://www.sennhs.org,41.989029,-87.667136,SENN HS-Fine & Performing Arts-Visual Arts,Portfolio Review,<ul><li><strong>Selection Type: </strong>Descending Point Score based on Audition Score</li>                                                        <li><strong>GPA: </strong>N/A</li><li><strong>HS Admissions Exam Minimum for ELA/Math: </strong></li>                                                        <ul><li>General Education and 504 Plan Students:  / </li><li>IEP and EL Students:  / </li></ul>                                                        <li><strong>Priority: </strong>General</li><li><strong>Note: </strong>Schedule your audition in your GoCPS account. For more information visit: https://www.sennhs.org/apps/pages/index.jsp?uREC_ID=1474600&type=d&pREC_ID=2086440</li></ul>
609732,STEINMETZ HS,Charles P Steinmetz College Preparatory HS,HS,https://www.cps.edu/schools/profiles/school-overview/STEINMETZ-HS,https://steinmetzcp.org,41.935634,-87.783515,"STEINMETZ HS-Career & Technical Education (CTE) - Arts, A/V Technology and Communications - Digital Media",None,"<ul><li><strong>Selection Type: </strong>Random Computerized Lottery</li>                                                        <li><strong>GPA: </strong>N/A</li><li><strong>HS Admissions Exam Minimum for ELA/Math: </strong></li>                                                        <ul><li>General Education and 504 Plan Students:  / </li><li>IEP and EL Students:  / </li></ul>                                                        <li><strong>Priority: </strong>Attendance Area,General</li></ul>"
609732,STEINMETZ HS,Charles P Steinmetz College Preparatory HS,HS,https://www.cps.edu/schools/profiles/school-overview/STEINMETZ-HS,https://steinmetzcp.org,41.935634,-87.783515,STEINMETZ HS-STEAM,None,"<ul><li><strong>Selection Type: </strong>Random Computerized Lottery</li>                                                        <li><strong>GPA: </strong>2</li><li><strong>HS Admissions Exam Minimum for ELA/Math: </strong></li>                                                        <ul><li>General Education and 504 Plan Students:  / </li><li>IEP and EL Students:  / </li></ul>                                                        <li><strong>Priority: </strong>Attendance Area,Sibling Preference,Staff Preference,General</li><li><strong>Note: </strong>Staff Preference applies at the entry level grade only. A maximum of 2 seats can be filled through Staff Preference.</li></ul>"
609732,STEINMETZ HS,Charles P Steinmetz College Preparatory HS,HS,https://www.cps.edu/schools/profiles/school-overview/STEINMETZ-HS,https://steinmetzcp.org,41.935634,-87.783515,STEINMETZ HS-International Baccalaureate (IB),None,"<ul><li><strong>Selection Type: </strong>Descending Point Score based on Academic Criteria</li>                                                        <li><strong>GPA: </strong>N/A</li><li><strong>HS Admissions Exam Minimum for ELA/Math: </strong></li>                                                        <ul><li>General Education and 504 Plan Students:  / </li><li>IEP and EL Students:  / </li></ul>                                                        <li><strong>Priority: </strong>Elementary Preference,General</li><li><strong>Note: </strong>50 bonus points for attendance areaElementary preference: Locke (IB Partner School)</li></ul>"
609732,STEINMETZ HS,Charles P Steinmetz College Preparatory HS,HS,https://www.cps.edu/schools/profiles/school-overview/STEINMETZ-HS,https://steinmetzcp.org,41.935634,-87.783515,STEINMETZ HS-Military & Service Leadership-JROTC,None,<ul><li><strong>Selection Type: </strong>Random Computerized Lottery</li>                                                        <li><strong>GPA: </strong>2</li><li><strong>HS Admissions Exam Minimum for ELA/Math: </strong></li>                                                        <ul><li>General Education and 504 Plan Students:  / </li><li>IEP and EL Students:  / </li></ul>                                                        <li><strong>Priority: </strong>General</li></ul>
610543,SOLORIO HS,Eric Solorio Academy High School,HS,https://www.cps.edu/schools/profiles/school-overview/SOLORIO-HS,https://solorioacademy.org,41.795201,-87.711059,SOLORIO HS-General Education,None,"<ul><li><strong>Selection Type: </strong>Random Computerized Lottery</li>                                                        <li><strong>GPA: </strong>N/A</li><li><strong>HS Admissions Exam Minimum for ELA/Math: </strong></li>                                                        <ul><li>General Education and 504 Plan Students:  / </li><li>IEP and EL Students:  / </li></ul>                                                        <li><strong>Priority: </strong>Staff Preference,Attendance Area</li><li><strong>Note: </strong>Staff Preference applies at the entry level grade only. A maximum of 2 seats can be filled through Staff Preference.</li></ul>"
610543,SOLORIO HS,Eric Solorio Academy High School,HS,https://www.cps.edu/schools/profiles/school-overview/SOLORIO-HS,https://solorioacademy.org,41.795201,-87.711059,SOLORIO HS-Honors-Double Honors/Scholars,None,<ul><li><strong>Selection Type: </strong>Descending Point Score based on Academic Criteria</li>                                                        <li><strong>GPA: </strong>N/A</li><li><strong>HS Admissions Exam Minimum for ELA/Math: </strong></li>                                                        <ul><li>General Education and 504 Plan Students:  / </li><li>IEP and EL Students:  / </li></ul>                                                        <li><strong>Priority: </strong>General</li></ul>
610543,SOLORIO HS,Eric Solorio Academy High School,HS,https://www.cps.edu/schools/profiles/school-overview/SOLORIO-HS,https://solorioacademy.org,41.795201,-87.711059,SOLORIO HS-Special Education-Significantly Modified Curriculum w/ Intensive Supports,Cluster and Review,"<ul><li><strong>Selection Type: </strong>Random Computerized Lottery</li>                                                        <li><strong>GPA: </strong>N/A</li><li><strong>HS Admissions Exam Minimum for ELA/Math: </strong></li>                                                        <ul><li>General Education and 504 Plan Students:  / </li><li>IEP and EL Students:  / </li></ul>                                                        <li><strong>Priority: </strong>Proximity,General</li></ul>"
610543,SOLORIO HS,Eric Solorio Academy High School,HS,https://www.cps.edu/schools/profiles/school-overview/SOLORIO-HS,https://solorioacademy.org,41.795201,-87.711059,SOLORIO HS-Career & Technical Education (CTE) - Manufacturing - Pre-Engineering,None,<ul><li><strong>Selection Type: </strong>Descending Point Score based on Academic Criteria</li>                                                        <li><strong>GPA: </strong>N/A</li><li><strong>HS Admissions Exam Minimum for ELA/Math: </strong></li>                                                        <ul><li>General Education and 504 Plan Students:  / </li><li>IEP and EL Students:  / </li></ul>                                                        <li><strong>Priority: </strong>General</li></ul>
610563,BACK OF THE YARDS HS,Back of the Yards IB High School,HS,https://www.cps.edu/schools/profiles/school-overview/BACK-OF-THE-YARDS-HS,https://boycp.org/,41.808413,-87.677541,BACK OF THE YARDS HS-World Language-Dual Language,None,"<ul><li><strong>Selection Type: </strong>Random Computerized Lottery</li>                                                        <li><strong>GPA: </strong>2.5</li><li><strong>HS Admissions Exam Minimum for ELA/Math: </strong></li>                                                        <ul><li>General Education and 504 Plan Students:  / </li><li>IEP and EL Students:  / </li></ul>                                                        <li><strong>Priority: </strong>Sibling Preference,Elementary Preference,General</li><li><strong>Note: </strong>Elementary preference:  AZUELA,  BARRY, BATEMAN, BELMONT-CRAGIN, CALMECA, CARSON, CHASE, COOPER, DARWIN, EDWARDS, ERIE, GLOBAL CITIZENSHIP, HURLEY, INTER-AMERICAN, MOOS, MOZART, NAMASTE, SABIN, SPRY ES, STOWE, TALCOTT, TELPOCHCALLI, VOLTA, VON LINNE, WHITTIER</li></ul>"
610563,BACK OF THE YARDS HS,Back of the Yards IB High School,HS,https://www.cps.edu/schools/profiles/school-overview/BACK-OF-THE-YARDS-HS,https://boycp.org/,41.808413,-87.677541,BACK OF THE YARDS HS-General Education,None,"<ul><li><strong>Selection Type: </strong>Random Computerized Lottery</li>                                                        <li><strong>GPA: </strong>N/A</li><li><strong>HS Admissions Exam Minimum for ELA/Math: </strong></li>                                                        <ul><li>General Education and 504 Plan Students:  / </li><li>IEP and EL Students:  / </li></ul>                                                        <li><strong>Priority: </strong>Sibling Preference,Staff Preference,Overlay,General</li><li><strong>Note: </strong>Staff Preference applies at the entry level grade only. A maximum of 2 seats can be filled through Staff Preference.</li></ul>"
610563,BACK OF THE YARDS HS,Back of the Yards IB High School,HS,https://www.cps.edu/schools/profiles/school-overview/BACK-OF-THE-YARDS-HS,https://boycp.org/,41.808413,-87.677541,BACK OF THE YARDS HS-International Baccalaureate (IB),None,<ul><li><strong>Selection Type: </strong>Descending Point Score based on Academic Criteria</li>                                                        <li><strong>GPA: </strong>N/A</li><li><strong>HS Admissions Exam Minimum for ELA/Math: </strong></li>                                                        <ul><li>General Education and 504 Plan Students:  / </li><li>IEP and EL Students:  / </li></ul>                                                        <li><strong>Priority: </strong>General</li><li><strong>Note: </strong>50 bonus points for students who reside in the preference area (overlay)</li></ul>
610389,ORR HS,Orr Academy High School,HS,https://www.cps.edu/schools/profiles/school-overview/ORR-HS,https://orracademy.org,41.894449,-87.726166,"ORR HS-Career & Technical Education (CTE) - Arts, A/V Technology and Communications - Digital Media",None,"<ul><li><strong>Selection Type: </strong>Random Computerized Lottery</li>                                                        <li><strong>GPA: </strong>N/A</li><li><strong>HS Admissions Exam Minimum for ELA/Math: </strong></li>                                                        <ul><li>General Education and 504 Plan Students:  / </li><li>IEP and EL Students:  / </li></ul>                                                        <li><strong>Priority: </strong>Attendance Area,General</li></ul>"
610389,ORR HS,Orr Academy High School,HS,https://www.cps.edu/schools/profiles/school-overview/ORR-HS,https://orracademy.org,41.894449,-87.726166,ORR HS-General Education,None,"<ul><li><strong>Selection Type: </strong>Random Computerized Lottery</li>                                                        <li><strong>GPA: </strong>N/A</li><li><strong>HS Admissions Exam Minimum for ELA/Math: </strong></li>                                                        <ul><li>General Education and 504 Plan Students:  / </li><li>IEP and EL Students:  / </li></ul>                                                        <li><strong>Priority: </strong>Sibling Preference,Staff Preference,Attendance Area,General</li><li><strong>Note: </strong>Staff Preference applies at the entry level grade only. A maximum of 2 seats can be filled through Staff Preference.</li></ul>"
610529,OGDEN HS,Ogden International High School,HS,https://www.cps.edu/schools/profiles/school-overview/OGDEN-HS,https://ogden.cps.edu,41.893548,-87.659405,OGDEN HS-Special Education-Deaf/Hard of Hearing,Cluster and Review,"<ul><li><strong>Selection Type: </strong>Random Computerized Lottery</li>                                                        <li><strong>GPA: </strong>N/A</li><li><strong>HS Admissions Exam Minimum for ELA/Math: </strong></li>                                                        <ul><li>General Education and 504 Plan Students:  / </li><li>IEP and EL Students:  / </li></ul>                                                        <li><strong>Priority: </strong>Proximity,General</li></ul>"
610529,OGDEN HS,Ogden International High School,HS,https://www.cps.edu/schools/profiles/school-overview/OGDEN-HS,https://ogden.cps.edu,41.893548,-87.659405,OGDEN HS-International Baccalaureate (IB),None,"<ul><li><strong>Selection Type: </strong>Descending Point Score based on Academic Criteria</li>                                                        <li><strong>GPA: </strong>N/A</li><li><strong>HS Admissions Exam Minimum for ELA/Math: </strong></li>                                                        <ul><li>General Education and 504 Plan Students:  / </li><li>IEP and EL Students:  / </li></ul>                                                        <li><strong>Priority: </strong>Elementary Preference,General</li><li><strong>Note: </strong>50 bonus points for students who reside in the preference area (overlay)Elementary preference: Ogden ES</li></ul>"
610245,DOUGLASS HS,Frederick A Douglass Academy High School,HS,https://www.cps.edu/schools/profiles/school-overview/DOUGLASS-HS,https://douglassacademy.org,41.890369,-87.767668,DOUGLASS HS-General Education,None,"<ul><li><strong>Selection Type: </strong>Random Computerized Lottery</li>                                                        <li><strong>GPA: </strong>N/A</li><li><strong>HS Admissions Exam Minimum for ELA/Math: </strong></li>                                                        <ul><li>General Education and 504 Plan Students:  / </li><li>IEP and EL Students:  / </li></ul>                                                        <li><strong>Priority: </strong>Sibling Preference,Staff Preference,Proximity,General</li><li><strong>Note: </strong>Staff Preference applies at the entry level grade only. A maximum of 2 seats can be filled through Staff Preference.</li></ul>"
610357,SPRY HS,Spry Community Links High School,HS,https://www.cps.edu/schools/profiles/school-overview/SPRY-HS,http://spry.cps.edu,41.847762,-87.698946,SPRY COMMUNITY LINKS HS- Three-Year; Year-Round High School,None,"<ul><li><strong>Selection Type: </strong>Random Computerized Lottery</li>                                                        <li><strong>GPA: </strong>N/A</li><li><strong>HS Admissions Exam Minimum for ELA/Math: </strong></li>                                                        <ul><li>General Education and 504 Plan Students:  / </li><li>IEP and EL Students:  / </li></ul>                                                        <li><strong>Priority: </strong>Continuing Enrollment,Sibling Preference,Staff Preference,General</li><li><strong>Note: </strong>Staff Preference applies at the entry level grade only. A maximum of 2 seats can be filled through Staff Preference.</li></ul>"
610592,ENGLEWOOD STEM HS,Englewood STEM High School,HS,https://www.cps.edu/schools/profiles/school-overview/ENGLEWOOD-STEM-HS,https://englewoodstemhs.cps.edu,41.770251,-87.639061,ENGLEWOOD STEM HS-Special Education-Significantly Modified Curriculum w/ Moderate Supports,Cluster and Review,"<ul><li><strong>Selection Type: </strong>Random Computerized Lottery</li>                                                        <li><strong>GPA: </strong>N/A</li><li><strong>HS Admissions Exam Minimum for ELA/Math: </strong></li>                                                        <ul><li>General Education and 504 Plan Students:  / </li><li>IEP and EL Students:  / </li></ul>                                                        <li><strong>Priority: </strong>Proximity,General</li></ul>"
610592,ENGLEWOOD STEM HS,Englewood STEM High School,HS,https://www.cps.edu/schools/profiles/school-overview/ENGLEWOOD-STEM-HS,https://englewoodstemhs.cps.edu,41.770251,-87.639061,ENGLEWOOD STEM HS-Early College STEM,None,"<ul><li><strong>Selection Type: </strong>Random Computerized Lottery</li>                                                        <li><strong>GPA: </strong>N/A</li><li><strong>HS Admissions Exam Minimum for ELA/Math: </strong></li>                                                        <ul><li>General Education and 504 Plan Students:  / </li><li>IEP and EL Students:  / </li></ul>                                                        <li><strong>Priority: </strong>Sibling Preference,Staff Preference,Attendance Area,General</li><li><strong>Note: </strong>Staff Preference applies at the entry level grade only. A maximum of 2 seats can be filled through Staff Preference.</li></ul>"
610319,EVERGREEN,Evergreen Academy Middle School,MS,https://www.cps.edu/schools/profiles/school-overview/EVERGREEN,https://evergreenacademyms.com,41.829356,-87.667817,EVERGREEN-Magnet Cluster-STEAM,None,"<ul><li><strong>Selection Type: </strong>Random Computerized Lottery</li>                                                        <li><strong>GPA: </strong>N/A</li><li><strong>HS Admissions Exam Minimum for ELA/Math: </strong></li>                                                        <ul><li>General Education and 504 Plan Students:  / </li><li>IEP and EL Students:  / </li></ul>                                                        <li><strong>Priority: </strong>Sibling Preference,Staff Preference,General</li><li><strong>Note: </strong>Staff Preference applies at the entry level grade only. A maximum of 2 seats can be filled through Staff Preference.</li></ul>"
610215,MADERO,Francisco I Madero Middle School,MS,https://www.cps.edu/schools/profiles/school-overview/MADERO,https://madero.cps.edu,41.840957,-87.705064,MADERO-Magnet Cluster-IB Middle Years Programme,None,"<ul><li><strong>Selection Type: </strong>Random Computerized Lottery</li>                                                        <li><strong>GPA: </strong>N/A</li><li><strong>HS Admissions Exam Minimum for ELA/Math: </strong></li>                                                        <ul><li>General Education and 504 Plan Students:  / </li><li>IEP and EL Students:  / </li></ul>                                                        <li><strong>Priority: </strong>Sibling Preference,Staff Preference,General</li><li><strong>Note: </strong>Staff Preference applies at the entry level grade only. A maximum of 2 seats can be filled through Staff Preference.</li></ul>"
610212,ALBANY PARK,Albany Park Multicultural Academy,MS,https://www.cps.edu/schools/profiles/school-overview/ALBANY-PARK,https://albanypark.cps.edu,41.971504,-87.710609,ALBANY PARK - Open Enrollment - General Education,None,"<ul><li><strong>Selection Type: </strong>Random Computerized Lottery</li>                                                        <li><strong>GPA: </strong>N/A</li><li><strong>HS Admissions Exam Minimum for ELA/Math: </strong></li>                                                        <ul><li>General Education and 504 Plan Students:  / </li><li>IEP and EL Students:  / </li></ul>                                                        <li><strong>Priority: </strong>Sibling Preference,Staff Preference,General</li><li><strong>Note: </strong>Staff Preference applies at the entry level grade only. A maximum of 2 seats can be filled through Staff Preference.</li></ul>"
610532,HERNANDEZ,Irene C. Hernandez Middle School for the Advancement of Science,MS,https://www.cps.edu/schools/profiles/school-overview/HERNANDEZ,https://hernanms.enschool.org/splash/,41.793479,-87.71137,HERNANDEZ - Magnet Cluster - STEM,None,"<ul><li><strong>Selection Type: </strong>Random Computerized Lottery</li>                                                        <li><strong>GPA: </strong>N/A</li><li><strong>HS Admissions Exam Minimum for ELA/Math: </strong></li>                                                        <ul><li>General Education and 504 Plan Students:  / </li><li>IEP and EL Students:  / </li></ul>                                                        <li><strong>Priority: </strong>Sibling Preference,Staff Preference,General</li><li><strong>Note: </strong>Staff Preference applies at the entry level grade only. A maximum of 2 seats can be filled through Staff Preference.</li></ul>"
610588,RICHARDSON,Robert J. Richardson Middle School,MS,https://www.cps.edu/schools/profiles/school-overview/RICHARDSON,http://richardson.cps.edu,41.783826,-87.725422,RICHARDSON-Open Enrollment-General Education,None,"<ul><li><strong>Selection Type: </strong>Random Computerized Lottery</li>                                                        <li><strong>GPA: </strong>N/A</li><li><strong>HS Admissions Exam Minimum for ELA/Math: </strong></li>                                                        <ul><li>General Education and 504 Plan Students:  / </li><li>IEP and EL Students:  / </li></ul>                                                        <li><strong>Priority: </strong>Sibling Preference,Staff Preference,General</li><li><strong>Note: </strong>Staff Preference applies at the entry level grade only. A maximum of 2 seats can be filled through Staff Preference.</li></ul>"
610559,SHIELDS MIDDLE,James Shields Middle School,MS,https://www.cps.edu/schools/profiles/school-overview/SHIELDS-MIDDLE,http://shieldsmiddle.cps.edu/,41.806491,-87.68978,SHIELDS MIDDLE-Open Enrollment-General Education,None,"<ul><li><strong>Selection Type: </strong>Random Computerized Lottery</li>                                                        <li><strong>GPA: </strong>N/A</li><li><strong>HS Admissions Exam Minimum for ELA/Math: </strong></li>                                                        <ul><li>General Education and 504 Plan Students:  / </li><li>IEP and EL Students:  / </li></ul>                                                        <li><strong>Priority: </strong>Sibling Preference,Staff Preference,General</li><li><strong>Note: </strong>Staff Preference applies at the entry level grade only. A maximum of 2 seats can be filled through Staff Preference.</li></ul>"
610051,NORTHWEST,Northwest Middle School,MS,https://www.cps.edu/schools/profiles/school-overview/NORTHWEST,https://northwest.cps.edu,41.920555,-87.757854,NORTHWEST-Open Enrollment-General Education,None,"<ul><li><strong>Selection Type: </strong>Random Computerized Lottery</li>                                                        <li><strong>GPA: </strong>N/A</li><li><strong>HS Admissions Exam Minimum for ELA/Math: </strong></li>                                                        <ul><li>General Education and 504 Plan Students:  / </li><li>IEP and EL Students:  / </li></ul>                                                        <li><strong>Priority: </strong>Sibling Preference,Staff Preference,General</li><li><strong>Note: </strong>Staff Preference applies at the entry level grade only. A maximum of 2 seats can be filled through Staff Preference.</li></ul>"
610084,KELLER,Annie Keller Regional Gifted Center,ES,https://www.cps.edu/schools/profiles/school-overview/KELLER,https://keller.cps.edu,41.69717,-87.697278,KELLER-Selective Enrollment-Regional Gifted Center,Admissions Exam,"<ul><li><strong>Selection Type: </strong>Descending Point Score based on Academic Criteria</li>                                                        <li><strong>GPA: </strong>N/A</li><li><strong>HS Admissions Exam Minimum for ELA/Math: </strong></li>                                                        <ul><li>General Education and 504 Plan Students:  / </li><li>IEP and EL Students:  / </li></ul>                                                        <li><strong>Priority: </strong>General,Tier</li><li><strong>Note: </strong>Tier is only considered in the selection of 1st grade applicants. 30% of seats are filled based on test scores alone. The remaining seats are evenly divided among applicants from each of the four socio-economic tiers.</li></ul>"
610084,KELLER,Annie Keller Regional Gifted Center,ES,https://www.cps.edu/schools/profiles/school-overview/KELLER,https://keller.cps.edu,41.69717,-87.697278,KELLER - Selective Enrollment - Regional Gifted Center,Admissions Exam,"<ul><li><strong>Selection Type: </strong>Descending Point Score based on Academic Criteria</li>                                                        <li><strong>GPA: </strong>3.0</li><li><strong>HS Admissions Exam Minimum for ELA/Math: </strong></li>                                                        <ul><li>General Education and 504 Plan Students:  / </li><li>IEP and EL Students:  / </li></ul>                                                        <li><strong>Priority: </strong>General</li><li><strong>Note: </strong>Students are selected by exam score, with top scorers chosen first. Scores below 150 points (or a composite score of 100) are ineligible for selection.</li></ul>"
610246,BEASLEY,Edward Beasley Elementary Magnet Academic Center,ES,https://www.cps.edu/schools/profiles/school-overview/BEASLEY,https://beasleyac.org/,41.798465,-87.625692,BEASLEY-Magnet-Scholastic Academy,None,"<ul><li><strong>Selection Type: </strong>Random Computerized Lottery</li>                                                        <li><strong>GPA: </strong>N/A</li><li><strong>HS Admissions Exam Minimum for ELA/Math: </strong></li>                                                        <ul><li>General Education and 504 Plan Students:  / </li><li>IEP and EL Students:  / </li></ul>                                                        <li><strong>Priority: </strong>Sibling Preference,Staff Preference,Proximity,Tier,General</li><li><strong>Note: </strong>The distribution of available seats into the 4 socio-economic tiers will only be applicable at the entry-level grade. Staff Preference (and, if applicable, proximity preference) applies at the entry level grade only. A maximum of 2 seats can be filled through Staff Preference.</li></ul>"
610246,BEASLEY,Edward Beasley Elementary Magnet Academic Center,ES,https://www.cps.edu/schools/profiles/school-overview/BEASLEY,https://beasleyac.org/,41.798465,-87.625692,BEASLEY - Selective Enrollment - Regional Gifted Center,Admissions Exam,"<ul><li><strong>Selection Type: </strong>Descending Point Score based on Academic Criteria</li>                                                        <li><strong>GPA: </strong>N/A</li><li><strong>HS Admissions Exam Minimum for ELA/Math: </strong></li>                                                        <ul><li>General Education and 504 Plan Students:  / </li><li>IEP and EL Students:  / </li></ul>                                                        <li><strong>Priority: </strong>General</li><li><strong>Note: </strong>Students are selected by exam score, with top scorers chosen first. Scores below 150 points (or a composite score of 100) are ineligible for selection.</li></ul>"
610246,BEASLEY,Edward Beasley Elementary Magnet Academic Center,ES,https://www.cps.edu/schools/profiles/school-overview/BEASLEY,https://beasleyac.org/,41.798465,-87.625692,BEASLEY - Selective Enrollment - Regional Gifted Center,Admissions Exam,"<ul><li><strong>Selection Type: </strong>Descending Point Score based on Academic Criteria</li>                                                        <li><strong>GPA: </strong>3.0</li><li><strong>HS Admissions Exam Minimum for ELA/Math: </strong></li>                                                        <ul><li>General Education and 504 Plan Students:  / </li><li>IEP and EL Students:  / </li></ul>                                                        <li><strong>Priority: </strong>General</li><li><strong>Note: </strong>Students are selected by exam score, with top scorers chosen first. Scores below 150 points (or a composite score of 100) are ineligible for selection.</li></ul>"
610246,BEASLEY,Edward Beasley Elementary Magnet Academic Center,ES,https://www.cps.edu/schools/profiles/school-overview/BEASLEY,https://beasleyac.org/,41.798465,-87.625692,BEASLEY - Selective Enrollment - Regional Gifted Center,Admissions Exam,"<ul><li><strong>Selection Type: </strong>Descending Point Score based on Academic Criteria</li>                                                        <li><strong>GPA: </strong>N/A</li><li><strong>HS Admissions Exam Minimum for ELA/Math: </strong></li>                                                        <ul><li>General Education and 504 Plan Students:  / </li><li>IEP and EL Students:  / </li></ul>                                                        <li><strong>Priority: </strong>General,Tier</li><li><strong>Note: </strong>Tier is only considered in the selection of kindergarten applicants. 30% of seats are filled based on test scores alone. The remaining seats are evenly divided among applicants from each of the four socio-economic tiers.</li></ul>"
610229,PRITZKER,A.N. Pritzker School,ES,https://www.cps.edu/schools/profiles/school-overview/PRITZKER,http://www.pritzkerschool.org,41.907053,-87.677761,PRITZKER-Magnet Cluster-Fine & Performing Arts,None,"<ul><li><strong>Selection Type: </strong>Random Computerized Lottery</li>                                                        <li><strong>GPA: </strong>N/A</li><li><strong>HS Admissions Exam Minimum for ELA/Math: </strong></li>                                                        <ul><li>General Education and 504 Plan Students:  / </li><li>IEP and EL Students:  / </li></ul>                                                        <li><strong>Priority: </strong>Sibling Preference,Staff Preference,General</li><li><strong>Note: </strong>Staff Preference applies at the entry level grade only. A maximum of 2 seats can be filled through Staff Preference.</li></ul>"
610229,PRITZKER,A.N. Pritzker School,ES,https://www.cps.edu/schools/profiles/school-overview/PRITZKER,http://www.pritzkerschool.org,41.907053,-87.677761,PRITZKER - Selective Enrollment - Regional Gifted Center,Admissions Exam,"<ul><li><strong>Selection Type: </strong>Descending Point Score based on Academic Criteria</li>                                                        <li><strong>GPA: </strong>N/A</li><li><strong>HS Admissions Exam Minimum for ELA/Math: </strong></li>                                                        <ul><li>General Education and 504 Plan Students:  / </li><li>IEP and EL Students:  / </li></ul>                                                        <li><strong>Priority: </strong>General</li><li><strong>Note: </strong>Students are selected by exam score, with top scorers chosen first. Scores below 150 points (or a composite score of 100) are ineligible for selection.</li></ul>"
610229,PRITZKER,A.N. Pritzker School,ES,https://www.cps.edu/schools/profiles/school-overview/PRITZKER,http://www.pritzkerschool.org,41.907053,-87.677761,PRITZKER - Selective Enrollment - Regional Gifted Center,Admissions Exam,"<ul><li><strong>Selection Type: </strong>Descending Point Score based on Academic Criteria</li>                                                        <li><strong>GPA: </strong>3.0</li><li><strong>HS Admissions Exam Minimum for ELA/Math: </strong></li>                                                        <ul><li>General Education and 504 Plan Students:  / </li><li>IEP and EL Students:  / </li></ul>                                                        <li><strong>Priority: </strong>General</li><li><strong>Note: </strong>Students are selected by exam score, with top scorers chosen first. Scores below 150 points (or a composite score of 100) are ineligible for selection.</li></ul>"
610229,PRITZKER,A.N. Pritzker School,ES,https://www.cps.edu/schools/profiles/school-overview/PRITZKER,http://www.pritzkerschool.org,41.907053,-87.677761,PRITZKER - Selective Enrollment - Regional Gifted Center,Admissions Exam,"<ul><li><strong>Selection Type: </strong>Descending Point Score based on Academic Criteria</li>                                                        <li><strong>GPA: </strong>N/A</li><li><strong>HS Admissions Exam Minimum for ELA/Math: </strong></li>                                                        <ul><li>General Education and 504 Plan Students:  / </li><li>IEP and EL Students:  / </li></ul>                                                        <li><strong>Priority: </strong>General,Tier</li><li><strong>Note: </strong>Tier is only considered in the selection of kindergarten applicants. 30% of seats are filled based on test scores alone. The remaining seats are evenly divided among applicants from each of the four socio-economic tiers.</li></ul>"
610298,LENART,Lenart Elementary Regional Gifted Center,ES,https://www.cps.edu/schools/profiles/school-overview/LENART,https://lenart.cps.edu,41.747186,-87.62804,LENART - Selective Enrollment - Regional Gifted Center,Admissions Exam,"<ul><li><strong>Selection Type: </strong>Descending Point Score based on Academic Criteria</li>                                                        <li><strong>GPA: </strong>N/A</li><li><strong>HS Admissions Exam Minimum for ELA/Math: </strong></li>                                                        <ul><li>General Education and 504 Plan Students:  / </li><li>IEP and EL Students:  / </li></ul>                                                        <li><strong>Priority: </strong>General</li><li><strong>Note: </strong>Students are selected by exam score, with top scorers chosen first. Scores below 150 points (or a composite score of 100) are ineligible for selection.</li></ul>"
610298,LENART,Lenart Elementary Regional Gifted Center,ES,https://www.cps.edu/schools/profiles/school-overview/LENART,https://lenart.cps.edu,41.747186,-87.62804,LENART - Selective Enrollment - Regional Gifted Center,Admissions Exam,"<ul><li><strong>Selection Type: </strong>Descending Point Score based on Academic Criteria</li>                                                        <li><strong>GPA: </strong>3.0</li><li><strong>HS Admissions Exam Minimum for ELA/Math: </strong></li>                                                        <ul><li>General Education and 504 Plan Students:  / </li><li>IEP and EL Students:  / </li></ul>                                                        <li><strong>Priority: </strong>General</li><li><strong>Note: </strong>Students are selected by exam score, with top scorers chosen first. Scores below 150 points (or a composite score of 100) are ineligible for selection.</li></ul>"
610298,LENART,Lenart Elementary Regional Gifted Center,ES,https://www.cps.edu/schools/profiles/school-overview/LENART,https://lenart.cps.edu,41.747186,-87.62804,LENART - Selective Enrollment - Regional Gifted Center,Admissions Exam,"<ul><li><strong>Selection Type: </strong>Descending Point Score based on Academic Criteria</li>                                                        <li><strong>GPA: </strong>N/A</li><li><strong>HS Admissions Exam Minimum for ELA/Math: </strong></li>                                                        <ul><li>General Education and 504 Plan Students:  / </li><li>IEP and EL Students:  / </li></ul>                                                        <li><strong>Priority: </strong>General,Tier</li><li><strong>Note: </strong>Tier is only considered in the selection of kindergarten applicants. 30% of seats are filled based on test scores alone. The remaining seats are evenly divided among applicants from each of the four socio-economic tiers.</li></ul>"
609799,BELL,Alexander Graham Bell Elementary School,ES,https://www.cps.edu/schools/profiles/school-overview/BELL,http://bell.cps.edu,41.94953,-87.686018,BELL - Open Enrollment - General Education,None,"<ul><li><strong>Selection Type: </strong>Random Computerized Lottery</li>                                                        <li><strong>GPA: </strong>N/A</li><li><strong>HS Admissions Exam Minimum for ELA/Math: </strong></li>                                                        <ul><li>General Education and 504 Plan Students:  / </li><li>IEP and EL Students:  / </li></ul>                                                        <li><strong>Priority: </strong>Sibling Preference,Staff Preference,General</li><li><strong>Note: </strong>Staff Preference applies at the entry level grade (kindergarten) only. A maximum of 2 seats can be filled through Staff Preference.</li></ul>"
609799,BELL,Alexander Graham Bell Elementary School,ES,https://www.cps.edu/schools/profiles/school-overview/BELL,http://bell.cps.edu,41.94953,-87.686018,BELL - Selective Enrollment - Regional Gifted Center,Admissions Exam,"<ul><li><strong>Selection Type: </strong>Descending Point Score based on Academic Criteria</li>                                                        <li><strong>GPA: </strong>N/A</li><li><strong>HS Admissions Exam Minimum for ELA/Math: </strong></li>                                                        <ul><li>General Education and 504 Plan Students:  / </li><li>IEP and EL Students:  / </li></ul>                                                        <li><strong>Priority: </strong>General</li><li><strong>Note: </strong>Students are selected by exam score, with top scorers chosen first. Scores below 150 points (or a composite score of 100) are ineligible for selection.</li></ul>"
609799,BELL,Alexander Graham Bell Elementary School,ES,https://www.cps.edu/schools/profiles/school-overview/BELL,http://bell.cps.edu,41.94953,-87.686018,BELL - Selective Enrollment - Regional Gifted Center,Admissions Exam,"<ul><li><strong>Selection Type: </strong>Descending Point Score based on Academic Criteria</li>                                                        <li><strong>GPA: </strong>3.0</li><li><strong>HS Admissions Exam Minimum for ELA/Math: </strong></li>                                                        <ul><li>General Education and 504 Plan Students:  / </li><li>IEP and EL Students:  / </li></ul>                                                        <li><strong>Priority: </strong>General</li><li><strong>Note: </strong>Students are selected by exam score, with top scorers chosen first. Scores below 150 points (or a composite score of 100) are ineligible for selection.</li></ul>"
609799,BELL,Alexander Graham Bell Elementary School,ES,https://www.cps.edu/schools/profiles/school-overview/BELL,http://bell.cps.edu,41.94953,-87.686018,BELL - Selective Enrollment - Regional Gifted Center,Admissions Exam,"<ul><li><strong>Selection Type: </strong>Descending Point Score based on Academic Criteria</li>                                                        <li><strong>GPA: </strong>N/A</li><li><strong>HS Admissions Exam Minimum for ELA/Math: </strong></li>                                                        <ul><li>General Education and 504 Plan Students:  / </li><li>IEP and EL Students:  / </li></ul>                                                        <li><strong>Priority: </strong>General,Tier</li><li><strong>Note: </strong>Tier is only considered in the selection of kindergarten applicants. 30% of seats are filled based on test scores alone. The remaining seats are evenly divided among applicants from each of the four socio-economic tiers.</li></ul>"
609796,BEAUBIEN,Jean Baptiste Beaubien Elementary School,ES,https://www.cps.edu/schools/profiles/school-overview/BEAUBIEN,http://www.beaubienelementary.org,41.972394,-87.757565,BEAUBIEN - Open Enrollment - General Education,None,"<ul><li><strong>Selection Type: </strong>Random Computerized Lottery</li>                                                        <li><strong>GPA: </strong>N/A</li><li><strong>HS Admissions Exam Minimum for ELA/Math: </strong></li>                                                        <ul><li>General Education and 504 Plan Students:  / </li><li>IEP and EL Students:  / </li></ul>                                                        <li><strong>Priority: </strong>Sibling Preference,Staff Preference,General</li><li><strong>Note: </strong>Staff Preference applies at the entry level grade (kindergarten) only. A maximum of 2 seats can be filled through Staff Preference.</li></ul>"
609796,BEAUBIEN,Jean Baptiste Beaubien Elementary School,ES,https://www.cps.edu/schools/profiles/school-overview/BEAUBIEN,http://www.beaubienelementary.org,41.972394,-87.757565,BEAUBIEN - Selective Enrollment - Regional Gifted Center,Admissions Exam,"<ul><li><strong>Selection Type: </strong>Descending Point Score based on Academic Criteria</li>                                                        <li><strong>GPA: </strong>N/A</li><li><strong>HS Admissions Exam Minimum for ELA/Math: </strong></li>                                                        <ul><li>General Education and 504 Plan Students:  / </li><li>IEP and EL Students:  / </li></ul>                                                        <li><strong>Priority: </strong>General,Tier</li><li><strong>Note: </strong>Tier is only considered in the selection of 1st grade applicants. 30% of seats are filled based on test scores alone. The remaining seats are evenly divided among applicants from each of the four socio-economic tiers.</li></ul>"
609796,BEAUBIEN,Jean Baptiste Beaubien Elementary School,ES,https://www.cps.edu/schools/profiles/school-overview/BEAUBIEN,http://www.beaubienelementary.org,41.972394,-87.757565,BEAUBIEN - Selective Enrollment - Regional Gifted Center,Admissions Exam,"<ul><li><strong>Selection Type: </strong>Descending Point Score based on Academic Criteria</li>                                                        <li><strong>GPA: </strong>3.0</li><li><strong>HS Admissions Exam Minimum for ELA/Math: </strong></li>                                                        <ul><li>General Education and 504 Plan Students:  / </li><li>IEP and EL Students:  / </li></ul>                                                        <li><strong>Priority: </strong>General</li><li><strong>Note: </strong>Students are selected by exam score, with top scorers chosen first. Scores below 150 points (or a composite score of 100) are ineligible for selection.</li></ul>"
609794,EDISON,Thomas A Edison Regional Gifted Center ES,ES,https://www.cps.edu/schools/profiles/school-overview/EDISON,https://edisongifted.com,41.971506,-87.709304,EDISON - Selective Enrollment - Regional Gifted Center,Admissions Exam,"<ul><li><strong>Selection Type: </strong>Descending Point Score based on Academic Criteria</li>                                                        <li><strong>GPA: </strong>N/A</li><li><strong>HS Admissions Exam Minimum for ELA/Math: </strong></li>                                                        <ul><li>General Education and 504 Plan Students:  / </li><li>IEP and EL Students:  / </li></ul>                                                        <li><strong>Priority: </strong>General</li><li><strong>Note: </strong>Students are selected by exam score, with top scorers chosen first. Scores below 150 points (or a composite score of 100) are ineligible for selection.</li></ul>"
609794,EDISON,Thomas A Edison Regional Gifted Center ES,ES,https://www.cps.edu/schools/profiles/school-overview/EDISON,https://edisongifted.com,41.971506,-87.709304,EDISON - Selective Enrollment - Regional Gifted Center,Admissions Exam,"<ul><li><strong>Selection Type: </strong>Descending Point Score based on Academic Criteria</li>                                                        <li><strong>GPA: </strong>3.0</li><li><strong>HS Admissions Exam Minimum for ELA/Math: </strong></li>                                                        <ul><li>General Education and 504 Plan Students:  / </li><li>IEP and EL Students:  / </li></ul>                                                        <li><strong>Priority: </strong>General</li><li><strong>Note: </strong>Students are selected by exam score, with top scorers chosen first. Scores below 150 points (or a composite score of 100) are ineligible for selection.</li></ul>"
609794,EDISON,Thomas A Edison Regional Gifted Center ES,ES,https://www.cps.edu/schools/profiles/school-overview/EDISON,https://edisongifted.com,41.971506,-87.709304,EDISON - Selective Enrollment - Regional Gifted Center,Admissions Exam,"<ul><li><strong>Selection Type: </strong>Descending Point Score based on Academic Criteria</li>                                                        <li><strong>GPA: </strong>N/A</li><li><strong>HS Admissions Exam Minimum for ELA/Math: </strong></li>                                                        <ul><li>General Education and 504 Plan Students:  / </li><li>IEP and EL Students:  / </li></ul>                                                        <li><strong>Priority: </strong>General,Tier</li><li><strong>Note: </strong>Tier is only considered in the selection of kindergarten applicants. 30% of seats are filled based on test scores alone. The remaining seats are evenly divided among applicants from each of the four socio-economic tiers.</li></ul>"
609866,COONLEY,John C Coonley Elementary School,ES,https://www.cps.edu/schools/profiles/school-overview/COONLEY,http://coonley.cps.edu,41.955553,-87.683765,COONLEY - Open Enrollment - General Education,None,"<ul><li><strong>Selection Type: </strong>Random Computerized Lottery</li>                                                        <li><strong>GPA: </strong>N/A</li><li><strong>HS Admissions Exam Minimum for ELA/Math: </strong></li>                                                        <ul><li>General Education and 504 Plan Students:  / </li><li>IEP and EL Students:  / </li></ul>                                                        <li><strong>Priority: </strong>Sibling Preference,Staff Preference,General</li><li><strong>Note: </strong>Staff Preference applies at the entry level grade only. A maximum of 2 seats can be filled through Staff Preference.</li></ul>"
609866,COONLEY,John C Coonley Elementary School,ES,https://www.cps.edu/schools/profiles/school-overview/COONLEY,http://coonley.cps.edu,41.955553,-87.683765,COONLEY - Selective Enrollment - Regional Gifted Center,Admissions Exam,"<ul><li><strong>Selection Type: </strong>Descending Point Score based on Academic Criteria</li>                                                        <li><strong>GPA: </strong>3.0</li><li><strong>HS Admissions Exam Minimum for ELA/Math: </strong></li>                                                        <ul><li>General Education and 504 Plan Students:  / </li><li>IEP and EL Students:  / </li></ul>                                                        <li><strong>Priority: </strong>General</li><li><strong>Note: </strong>Coonley's Regional Gifted Center program is in the process of phasing out and it will reduce by one grade level each year. In the 2025-26 school year, it will serve only grade 8.Because the program is phasing out, no grade level is considered to be the program's entry year, and therefore tier will not be considered in admissions to this program.</li></ul>"
609837,CARNEGIE,Andrew Carnegie Elementary School,ES,https://www.cps.edu/schools/profiles/school-overview/CARNEGIE,https://carnegie.cps.edu,41.783368,-87.590795,CARNEGIE - Selective Enrollment - Regional Gifted Center,Admissions Exam,"<ul><li><strong>Selection Type: </strong>Descending Point Score based on Academic Criteria</li>                                                        <li><strong>GPA: </strong>N/A</li><li><strong>HS Admissions Exam Minimum for ELA/Math: </strong></li>                                                        <ul><li>General Education and 504 Plan Students:  / </li><li>IEP and EL Students:  / </li></ul>                                                        <li><strong>Priority: </strong>General</li><li><strong>Note: </strong>Students are selected by exam score, with top scorers chosen first. Scores below 150 points (or a composite score of 100) are ineligible for selection.</li></ul>"
609837,CARNEGIE,Andrew Carnegie Elementary School,ES,https://www.cps.edu/schools/profiles/school-overview/CARNEGIE,https://carnegie.cps.edu,41.783368,-87.590795,CARNEGIE - Selective Enrollment - Regional Gifted Center,Admissions Exam,"<ul><li><strong>Selection Type: </strong>Descending Point Score based on Academic Criteria</li>                                                        <li><strong>GPA: </strong>3.0</li><li><strong>HS Admissions Exam Minimum for ELA/Math: </strong></li>                                                        <ul><li>General Education and 504 Plan Students:  / </li><li>IEP and EL Students:  / </li></ul>                                                        <li><strong>Priority: </strong>General</li><li><strong>Note: </strong>Students are selected by exam score, with top scorers chosen first. Scores below 150 points (or a composite score of 100) are ineligible for selection.</li></ul>"
609837,CARNEGIE,Andrew Carnegie Elementary School,ES,https://www.cps.edu/schools/profiles/school-overview/CARNEGIE,https://carnegie.cps.edu,41.783368,-87.590795,CARNEGIE - Selective Enrollment - Regional Gifted Center,Admissions Exam,"<ul><li><strong>Selection Type: </strong>Descending Point Score based on Academic Criteria</li>                                                        <li><strong>GPA: </strong>N/A</li><li><strong>HS Admissions Exam Minimum for ELA/Math: </strong></li>                                                        <ul><li>General Education and 504 Plan Students:  / </li><li>IEP and EL Students:  / </li></ul>                                                        <li><strong>Priority: </strong>General,Tier</li><li><strong>Note: </strong>Tier is only considered in the selection of kindergarten applicants. 30% of seats are filled based on test scores alone. The remaining seats are evenly divided among applicants from each of the four socio-economic tiers.</li></ul>"
609837,CARNEGIE,Andrew Carnegie Elementary School,ES,https://www.cps.edu/schools/profiles/school-overview/CARNEGIE,https://carnegie.cps.edu,41.783368,-87.590795,CARNEGIE - Open Enrollment - General Education,None,"<ul><li><strong>Selection Type: </strong>Random Computerized Lottery</li>                                                        <li><strong>GPA: </strong>N/A</li><li><strong>HS Admissions Exam Minimum for ELA/Math: </strong></li>                                                        <ul><li>General Education and 504 Plan Students:  / </li><li>IEP and EL Students:  / </li></ul>                                                        <li><strong>Priority: </strong>Sibling Preference,Staff Preference,General</li><li><strong>Note: </strong>Staff Preference applies at the entry level grade only. A maximum of 2 seats can be filled through Staff Preference.</li></ul>"
609837,CARNEGIE,Andrew Carnegie Elementary School,ES,https://www.cps.edu/schools/profiles/school-overview/CARNEGIE,https://carnegie.cps.edu,41.783368,-87.590795,CARNEGIE - Magnet Cluster - IB Middle Years Programme,None,"<ul><li><strong>Selection Type: </strong>Random Computerized Lottery</li>                                                        <li><strong>GPA: </strong>N/A</li><li><strong>HS Admissions Exam Minimum for ELA/Math: </strong></li>                                                        <ul><li>General Education and 504 Plan Students:  / </li><li>IEP and EL Students:  / </li></ul>                                                        <li><strong>Priority: </strong>Sibling Preference,General</li></ul>"
609990,SOUTH LOOP,South Loop Elementary School,ES,https://www.cps.edu/schools/profiles/school-overview/SOUTH-LOOP,https://southloopschool.org,41.859741,-87.628349,SOUTH LOOP-Magnet Cluster-Fine & Performing Arts,None,"<ul><li><strong>Selection Type: </strong>Random Computerized Lottery</li>                                                        <li><strong>GPA: </strong>N/A</li><li><strong>HS Admissions Exam Minimum for ELA/Math: </strong></li>                                                        <ul><li>General Education and 504 Plan Students:  / </li><li>IEP and EL Students:  / </li></ul>                                                        <li><strong>Priority: </strong>Sibling Preference,Staff Preference,General</li><li><strong>Note: </strong>Staff Preference applies at the entry level grade only. A maximum of 2 seats can be filled through Staff Preference.</li></ul>"
609720,LANE TECH HS,Albert G Lane Technical High School,HS,https://www.cps.edu/schools/profiles/school-overview/LANE-TECH-HS,https://lanetech.org,41.946645,-87.691013,LANE TECH HS - Selective Enrollment - Academic Center,Admissions Exam,"<ul><li><strong>Selection Type: </strong>Descending Point Score based on Academic Criteria</li>                                                        <li><strong>GPA: </strong>2.5</li><li><strong>HS Admissions Exam Minimum for ELA/Math: </strong></li>                                                        <ul><li>General Education and 504 Plan Students:  / </li><li>IEP and EL Students:  / </li></ul>                                                        <li><strong>Priority: </strong>General,Tier</li><li><strong>Note: </strong>Tier is only considered in the selection of 7th grade applicants. 30% of seats are filled based on test scores alone. The remaining seats are evenly divided among applicants from each of the four socio-economic tiers.</li></ul>"
609720,LANE TECH HS,Albert G Lane Technical High School,HS,https://www.cps.edu/schools/profiles/school-overview/LANE-TECH-HS,https://lanetech.org,41.946645,-87.691013,LANE TECH HS-Special Education-Significantly Modified Curriculum w/ Intensive Supports,Cluster and Review,"<ul><li><strong>Selection Type: </strong>Random Computerized Lottery</li>                                                        <li><strong>GPA: </strong>N/A</li><li><strong>HS Admissions Exam Minimum for ELA/Math: </strong></li>                                                        <ul><li>General Education and 504 Plan Students:  / </li><li>IEP and EL Students:  / </li></ul>                                                        <li><strong>Priority: </strong>Proximity,General</li></ul>"
609720,LANE TECH HS,Albert G Lane Technical High School,HS,https://www.cps.edu/schools/profiles/school-overview/LANE-TECH-HS,https://lanetech.org,41.946645,-87.691013,LANE TECH HS-Special Education-Significantly Modified Curriculum w/ Moderate Supports,Cluster and Review,"<ul><li><strong>Selection Type: </strong>Random Computerized Lottery</li>                                                        <li><strong>GPA: </strong>N/A</li><li><strong>HS Admissions Exam Minimum for ELA/Math: </strong></li>                                                        <ul><li>General Education and 504 Plan Students:  / </li><li>IEP and EL Students:  / </li></ul>                                                        <li><strong>Priority: </strong>Proximity,General</li></ul>"
609720,LANE TECH HS,Albert G Lane Technical High School,HS,https://www.cps.edu/schools/profiles/school-overview/LANE-TECH-HS,https://lanetech.org,41.946645,-87.691013,LANE TECH HS-Selective Enrollment High School,Admissions Exam,"<ul><li><strong>Selection Type: </strong>Descending Point Score based on Academic Criteria</li>                                                        <li><strong>GPA: </strong>N/A</li><li><strong>HS Admissions Exam Minimum for ELA/Math: </strong></li>                                                        <ul><li>General Education and 504 Plan Students:  / </li><li>IEP and EL Students:  / </li></ul>                                                        <li><strong>Priority: </strong>General,Tier</li></ul>"
609694,HANCOCK HS,John Hancock College Preparatory High School,HS,https://www.cps.edu/schools/profiles/school-overview/HANCOCK-HS,http://www.hancockhs.org,41.791464,-87.72447,HANCOCK HS-Special Education-Significantly Modified Curriculum w/ Moderate Supports,Cluster and Review,"<ul><li><strong>Selection Type: </strong>Random Computerized Lottery</li>                                                        <li><strong>GPA: </strong>N/A</li><li><strong>HS Admissions Exam Minimum for ELA/Math: </strong></li>                                                        <ul><li>General Education and 504 Plan Students:  / </li><li>IEP and EL Students:  / </li></ul>                                                        <li><strong>Priority: </strong>Proximity,General</li></ul>"
609694,HANCOCK HS,John Hancock College Preparatory High School,HS,https://www.cps.edu/schools/profiles/school-overview/HANCOCK-HS,http://www.hancockhs.org,41.791464,-87.72447,HANCOCK HS-Career & Technical Education (CTE) - Manufacturing - Pre-Engineering,None,"<ul><li><strong>Selection Type: </strong>Descending Point Score based on Academic Criteria</li>                                                        <li><strong>GPA: </strong>N/A</li><li><strong>HS Admissions Exam Minimum for ELA/Math: </strong></li>                                                        <ul><li>General Education and 504 Plan Students:  / </li><li>IEP and EL Students:  / </li></ul>                                                        <li><strong>Priority: </strong>Overlay,General</li></ul>"
609694,HANCOCK HS,John Hancock College Preparatory High School,HS,https://www.cps.edu/schools/profiles/school-overview/HANCOCK-HS,http://www.hancockhs.org,41.791464,-87.72447,HANCOCK HS-Career & Technical Education (CTE)-Law & Public Safety- Pre-Law,None,"<ul><li><strong>Selection Type: </strong>Descending Point Score based on Academic Criteria</li>                                                        <li><strong>GPA: </strong>N/A</li><li><strong>HS Admissions Exam Minimum for ELA/Math: </strong></li>                                                        <ul><li>General Education and 504 Plan Students:  / </li><li>IEP and EL Students:  / </li></ul>                                                        <li><strong>Priority: </strong>Overlay,General</li></ul>"
609694,HANCOCK HS,John Hancock College Preparatory High School,HS,https://www.cps.edu/schools/profiles/school-overview/HANCOCK-HS,http://www.hancockhs.org,41.791464,-87.72447,HANCOCK HS-Selective Enrollment High School,Admissions Exam,"<ul><li><strong>Selection Type: </strong>Descending Point Score based on Academic Criteria</li>                                                        <li><strong>GPA: </strong>N/A</li><li><strong>HS Admissions Exam Minimum for ELA/Math: </strong></li>                                                        <ul><li>General Education and 504 Plan Students:  / </li><li>IEP and EL Students:  / </li></ul>                                                        <li><strong>Priority: </strong>General,Tier</li></ul>"
609755,YOUNG HS,Whitney M Young Magnet High School,HS,https://www.cps.edu/schools/profiles/school-overview/YOUNG-HS,https://wyoung.org,41.878603,-87.664233,YOUNG HS - Selective Enrollment - Academic Center,Admissions Exam,"<ul><li><strong>Selection Type: </strong>Descending Point Score based on Academic Criteria</li>                                                        <li><strong>GPA: </strong>2.5</li><li><strong>HS Admissions Exam Minimum for ELA/Math: </strong></li>                                                        <ul><li>General Education and 504 Plan Students:  / </li><li>IEP and EL Students:  / </li></ul>                                                        <li><strong>Priority: </strong>General,Tier</li><li><strong>Note: </strong>Tier is only considered in the selection of 7th grade applicants. 30% of seats are filled based on test scores alone. The remaining seats are evenly divided among applicants from each of the four socio-economic tiers.</li></ul>"
609755,YOUNG HS,Whitney M Young Magnet High School,HS,https://www.cps.edu/schools/profiles/school-overview/YOUNG-HS,https://wyoung.org,41.878603,-87.664233,YOUNG HS-Special Education-Deaf/Hard of Hearing,Cluster and Review,"<ul><li><strong>Selection Type: </strong>Random Computerized Lottery</li>                                                        <li><strong>GPA: </strong>N/A</li><li><strong>HS Admissions Exam Minimum for ELA/Math: </strong></li>                                                        <ul><li>General Education and 504 Plan Students:  / </li><li>IEP and EL Students:  / </li></ul>                                                        <li><strong>Priority: </strong>Proximity,General</li></ul>"
609755,YOUNG HS,Whitney M Young Magnet High School,HS,https://www.cps.edu/schools/profiles/school-overview/YOUNG-HS,https://wyoung.org,41.878603,-87.664233,YOUNG HS-Special Education-Significantly Modified Curriculum w/ Intensive Supports,Cluster and Review,"<ul><li><strong>Selection Type: </strong>Random Computerized Lottery</li>                                                        <li><strong>GPA: </strong>N/A</li><li><strong>HS Admissions Exam Minimum for ELA/Math: </strong></li>                                                        <ul><li>General Education and 504 Plan Students:  / </li><li>IEP and EL Students:  / </li></ul>                                                        <li><strong>Priority: </strong>Proximity,General</li></ul>"
609755,YOUNG HS,Whitney M Young Magnet High School,HS,https://www.cps.edu/schools/profiles/school-overview/YOUNG-HS,https://wyoung.org,41.878603,-87.664233,YOUNG HS-Special Education-Significantly Modified Curriculum w/ Moderate Supports,Cluster and Review,"<ul><li><strong>Selection Type: </strong>Random Computerized Lottery</li>                                                        <li><strong>GPA: </strong>N/A</li><li><strong>HS Admissions Exam Minimum for ELA/Math: </strong></li>                                                        <ul><li>General Education and 504 Plan Students:  / </li><li>IEP and EL Students:  / </li></ul>                                                        <li><strong>Priority: </strong>Proximity,General</li></ul>"
609755,YOUNG HS,Whitney M Young Magnet High School,HS,https://www.cps.edu/schools/profiles/school-overview/YOUNG-HS,https://wyoung.org,41.878603,-87.664233,YOUNG HS-Selective Enrollment High School,Admissions Exam,"<ul><li><strong>Selection Type: </strong>Descending Point Score based on Academic Criteria</li>                                                        <li><strong>GPA: </strong>N/A</li><li><strong>HS Admissions Exam Minimum for ELA/Math: </strong></li>                                                        <ul><li>General Education and 504 Plan Students:  / </li><li>IEP and EL Students:  / </li></ul>                                                        <li><strong>Priority: </strong>General,Tier</li></ul>"
609749,NORTHSIDE PREP HS,Northside College Preparatory High School,HS,https://www.cps.edu/schools/profiles/school-overview/NORTHSIDE-PREP-HS,https://northsideprep.org,41.981315,-87.708708,NORTHSIDE PREP HS-Special Education-Significantly Modified Curriculum w/Intensive Supports,Cluster and Review,"<ul><li><strong>Selection Type: </strong>Random Computerized Lottery</li>                                                        <li><strong>GPA: </strong>N/A</li><li><strong>HS Admissions Exam Minimum for ELA/Math: </strong></li>                                                        <ul><li>General Education and 504 Plan Students:  / </li><li>IEP and EL Students:  / </li></ul>                                                        <li><strong>Priority: </strong>Proximity,General</li></ul>"
609749,NORTHSIDE PREP HS,Northside College Preparatory High School,HS,https://www.cps.edu/schools/profiles/school-overview/NORTHSIDE-PREP-HS,https://northsideprep.org,41.981315,-87.708708,NORTHSIDE PREP HS-Selective Enrollment High School,Admissions Exam,"<ul><li><strong>Selection Type: </strong>Descending Point Score based on Academic Criteria</li>                                                        <li><strong>GPA: </strong>N/A</li><li><strong>HS Admissions Exam Minimum for ELA/Math: </strong></li>                                                        <ul><li>General Education and 504 Plan Students:  / </li><li>IEP and EL Students:  / </li></ul>                                                        <li><strong>Priority: </strong>General,Tier</li></ul>"
609751,KING HS,Dr  Martin Luther King  Jr  College Prep HS,HS,https://www.cps.edu/schools/profiles/school-overview/KING-HS,https://kcp.cps.edu,41.813675,-87.603874,KING HS - Career & Technical Education (CTE) - Manufacturing - Pre-Engineering,,<ul><li><strong>Selection Type: </strong>Descending Point Score based on Academic Criteria</li>                                                        <li><strong>GPA: </strong>N/A</li><li><strong>HS Admissions Exam Minimum for ELA/Math: </strong></li>                                                        <ul><li>General Education and 504 Plan Students:  / </li><li>IEP and EL Students:  / </li></ul>                                                        <li><strong>Priority: </strong>General</li></ul>
609751,KING HS,Dr  Martin Luther King  Jr  College Prep HS,HS,https://www.cps.edu/schools/profiles/school-overview/KING-HS,https://kcp.cps.edu,41.813675,-87.603874,"King HS-Career & Technical Education (CTE) - Arts, A/V Technology and Communications - Digital Media",None,"<ul><li><strong>Selection Type: </strong>Random Computerized Lottery</li>                                                        <li><strong>GPA: </strong>N/A</li><li><strong>HS Admissions Exam Minimum for ELA/Math: </strong></li>                                                        <ul><li>General Education and 504 Plan Students:  / </li><li>IEP and EL Students:  / </li></ul>                                                        <li><strong>Priority: </strong>Proximity,General</li></ul>"
609751,KING HS,Dr  Martin Luther King  Jr  College Prep HS,HS,https://www.cps.edu/schools/profiles/school-overview/KING-HS,https://kcp.cps.edu,41.813675,-87.603874,KING HS-Special Education-Significantly Modified Curriculum w/ Intensive Supports,Cluster and Review,"<ul><li><strong>Selection Type: </strong>Random Computerized Lottery</li>                                                        <li><strong>GPA: </strong>N/A</li><li><strong>HS Admissions Exam Minimum for ELA/Math: </strong></li>                                                        <ul><li>General Education and 504 Plan Students:  / </li><li>IEP and EL Students:  / </li></ul>                                                        <li><strong>Priority: </strong>Proximity,General</li></ul>"
609751,KING HS,Dr  Martin Luther King  Jr  College Prep HS,HS,https://www.cps.edu/schools/profiles/school-overview/KING-HS,https://kcp.cps.edu,41.813675,-87.603874,KING HS-Special Education-Significantly Modified Curriculum w/ Moderate Supports,Cluster and Review,"<ul><li><strong>Selection Type: </strong>Random Computerized Lottery</li>                                                        <li><strong>GPA: </strong>N/A</li><li><strong>HS Admissions Exam Minimum for ELA/Math: </strong></li>                                                        <ul><li>General Education and 504 Plan Students:  / </li><li>IEP and EL Students:  / </li></ul>                                                        <li><strong>Priority: </strong>Proximity,General</li></ul>"
609751,KING HS,Dr  Martin Luther King  Jr  College Prep HS,HS,https://www.cps.edu/schools/profiles/school-overview/KING-HS,https://kcp.cps.edu,41.813675,-87.603874,KING HS-Selective Enrollment High School,Admissions Exam,"<ul><li><strong>Selection Type: </strong>Descending Point Score based on Academic Criteria</li>                                                        <li><strong>GPA: </strong>N/A</li><li><strong>HS Admissions Exam Minimum for ELA/Math: </strong></li>                                                        <ul><li>General Education and 504 Plan Students:  / </li><li>IEP and EL Students:  / </li></ul>                                                        <li><strong>Priority: </strong>General,Tier</li></ul>"
609726,BROOKS HS,Gwendolyn Brooks College Preparatory Academy HS,HS,https://www.cps.edu/schools/profiles/school-overview/BROOKS-HS,https://www.brookscollegeprep.org,41.692763,-87.616353,BROOKS HS - Selective Enrollment - Academic Center,Admissions Exam,"<ul><li><strong>Selection Type: </strong>Descending Point Score based on Academic Criteria</li>                                                        <li><strong>GPA: </strong>2.5</li><li><strong>HS Admissions Exam Minimum for ELA/Math: </strong></li>                                                        <ul><li>General Education and 504 Plan Students:  / </li><li>IEP and EL Students:  / </li></ul>                                                        <li><strong>Priority: </strong>General,Tier</li><li><strong>Note: </strong>Tier is only considered in the selection of 7th grade applicants. 30% of seats are filled based on test scores alone. The remaining seats are evenly divided among applicants from each of the four socio-economic tiers.</li></ul>"
609726,BROOKS HS,Gwendolyn Brooks College Preparatory Academy HS,HS,https://www.cps.edu/schools/profiles/school-overview/BROOKS-HS,https://www.brookscollegeprep.org,41.692763,-87.616353,BROOKS HS-Special Education-Significantly Modified Curriculum w/ Intensive Supports,Cluster and Review,"<ul><li><strong>Selection Type: </strong>Random Computerized Lottery</li>                                                        <li><strong>GPA: </strong>N/A</li><li><strong>HS Admissions Exam Minimum for ELA/Math: </strong></li>                                                        <ul><li>General Education and 504 Plan Students:  / </li><li>IEP and EL Students:  / </li></ul>                                                        <li><strong>Priority: </strong>Proximity,General</li></ul>"
609726,BROOKS HS,Gwendolyn Brooks College Preparatory Academy HS,HS,https://www.cps.edu/schools/profiles/school-overview/BROOKS-HS,https://www.brookscollegeprep.org,41.692763,-87.616353,BROOKS HS-Special Education-Significantly Modified Curriculum w/ Moderate Supports,Cluster and Review,"<ul><li><strong>Selection Type: </strong>Random Computerized Lottery</li>                                                        <li><strong>GPA: </strong>N/A</li><li><strong>HS Admissions Exam Minimum for ELA/Math: </strong></li>                                                        <ul><li>General Education and 504 Plan Students:  / </li><li>IEP and EL Students:  / </li></ul>                                                        <li><strong>Priority: </strong>Proximity,General</li></ul>"
609726,BROOKS HS,Gwendolyn Brooks College Preparatory Academy HS,HS,https://www.cps.edu/schools/profiles/school-overview/BROOKS-HS,https://www.brookscollegeprep.org,41.692763,-87.616353,BROOKS HS-Selective Enrollment High School,Admissions Exam,"<ul><li><strong>Selection Type: </strong>Descending Point Score based on Academic Criteria</li>                                                        <li><strong>GPA: </strong>N/A</li><li><strong>HS Admissions Exam Minimum for ELA/Math: </strong></li>                                                        <ul><li>General Education and 504 Plan Students:  / </li><li>IEP and EL Students:  / </li></ul>                                                        <li><strong>Priority: </strong>General,Tier</li></ul>"
609693,WESTINGHOUSE HS,George Westinghouse College Prep,HS,https://www.cps.edu/schools/profiles/school-overview/WESTINGHOUSE-HS,https://newwestinghouse.org,41.889977,-87.707332,WESTINGHOUSE HS-Career & Technical Education (CTE)-Career Academy,None,"<ul><li><strong>Selection Type: </strong>Random Computerized Lottery</li>                                                        <li><strong>GPA: </strong>3</li><li><strong>HS Admissions Exam Minimum for ELA/Math: </strong></li>                                                        <ul><li>General Education and 504 Plan Students:  / </li><li>IEP and EL Students:  / </li></ul>                                                        <li><strong>Priority: </strong>Sibling Preference,Staff Preference,Proximity,General</li><li><strong>Note: </strong>Staff Preference applies at the entry level grade only. A maximum of 2 seats can be filled through Staff Preference.</li></ul>"
609693,WESTINGHOUSE HS,George Westinghouse College Prep,HS,https://www.cps.edu/schools/profiles/school-overview/WESTINGHOUSE-HS,https://newwestinghouse.org,41.889977,-87.707332,WESTINGHOUSE HS-Special Education-Significantly Modified Curriculum w/ Intensive Supports,Cluster and Review,"<ul><li><strong>Selection Type: </strong>Random Computerized Lottery</li>                                                        <li><strong>GPA: </strong>N/A</li><li><strong>HS Admissions Exam Minimum for ELA/Math: </strong></li>                                                        <ul><li>General Education and 504 Plan Students:  / </li><li>IEP and EL Students:  / </li></ul>                                                        <li><strong>Priority: </strong>Proximity,General</li></ul>"
609693,WESTINGHOUSE HS,George Westinghouse College Prep,HS,https://www.cps.edu/schools/profiles/school-overview/WESTINGHOUSE-HS,https://newwestinghouse.org,41.889977,-87.707332,WESTINGHOUSE HS-Special Education-Significantly Modified Curriculum w/ Moderate Supports,Cluster and Review,"<ul><li><strong>Selection Type: </strong>Random Computerized Lottery</li>                                                        <li><strong>GPA: </strong>N/A</li><li><strong>HS Admissions Exam Minimum for ELA/Math: </strong></li>                                                        <ul><li>General Education and 504 Plan Students:  / </li><li>IEP and EL Students:  / </li></ul>                                                        <li><strong>Priority: </strong>Proximity,General</li></ul>"
609693,WESTINGHOUSE HS,George Westinghouse College Prep,HS,https://www.cps.edu/schools/profiles/school-overview/WESTINGHOUSE-HS,https://newwestinghouse.org,41.889977,-87.707332,WESTINGHOUSE HS-Selective Enrollment High School,Admissions Exam,"<ul><li><strong>Selection Type: </strong>Descending Point Score based on Academic Criteria</li>                                                        <li><strong>GPA: </strong>N/A</li><li><strong>HS Admissions Exam Minimum for ELA/Math: </strong></li>                                                        <ul><li>General Education and 504 Plan Students:  / </li><li>IEP and EL Students:  / </li></ul>                                                        <li><strong>Priority: </strong>General,Tier</li></ul>"
609680,PAYTON HS,Walter Payton College Preparatory High School,HS,https://www.cps.edu/schools/profiles/school-overview/PAYTON-HS,https://wpcp.org,41.901575,-87.635385,PAYTON HS-Special Education-Significantly Modified Curriculum w/ Moderate Supports,Cluster and Review,"<ul><li><strong>Selection Type: </strong>Random Computerized Lottery</li>                                                        <li><strong>GPA: </strong>N/A</li><li><strong>HS Admissions Exam Minimum for ELA/Math: </strong></li>                                                        <ul><li>General Education and 504 Plan Students:  / </li><li>IEP and EL Students:  / </li></ul>                                                        <li><strong>Priority: </strong>Proximity,General</li></ul>"
609680,PAYTON HS,Walter Payton College Preparatory High School,HS,https://www.cps.edu/schools/profiles/school-overview/PAYTON-HS,https://wpcp.org,41.901575,-87.635385,PAYTON HS-Selective Enrollment High School,Admissions Exam,"<ul><li><strong>Selection Type: </strong>Descending Point Score based on Academic Criteria</li>                                                        <li><strong>GPA: </strong>N/A</li><li><strong>HS Admissions Exam Minimum for ELA/Math: </strong></li>                                                        <ul><li>General Education and 504 Plan Students:  / </li><li>IEP and EL Students:  / </li></ul>                                                        <li><strong>Priority: </strong>General,Tier</li></ul>"
609680,PAYTON HS,Walter Payton College Preparatory High School,HS,https://www.cps.edu/schools/profiles/school-overview/PAYTON-HS,https://wpcp.org,41.901575,-87.635385,PAYTON HS-Special Education-Visual Impairment,Cluster and Review,"<ul><li><strong>Selection Type: </strong>Random Computerized Lottery</li>                                                        <li><strong>GPA: </strong>N/A</li><li><strong>HS Admissions Exam Minimum for ELA/Math: </strong></li>                                                        <ul><li>General Education and 504 Plan Students:  / </li><li>IEP and EL Students:  / </li></ul>                                                        <li><strong>Priority: </strong>Proximity,General</li></ul>"
609678,JONES HS,William Jones College Preparatory High School,HS,https://www.cps.edu/schools/profiles/school-overview/JONES-HS,https://www.jonescollegeprep.org,41.873066,-87.627675,JONES HS-Special Education-Significantly Modified Curriculum w/ Intensive Supports,Cluster and Review,"<ul><li><strong>Selection Type: </strong>Random Computerized Lottery</li>                                                        <li><strong>GPA: </strong>N/A</li><li><strong>HS Admissions Exam Minimum for ELA/Math: </strong></li>                                                        <ul><li>General Education and 504 Plan Students:  / </li><li>IEP and EL Students:  / </li></ul>                                                        <li><strong>Priority: </strong>Proximity,General</li></ul>"
609678,JONES HS,William Jones College Preparatory High School,HS,https://www.cps.edu/schools/profiles/school-overview/JONES-HS,https://www.jonescollegeprep.org,41.873066,-87.627675,JONES HS-Special Education-Significantly Modified Curriculum w/ Moderate Supports,Cluster and Review,"<ul><li><strong>Selection Type: </strong>Random Computerized Lottery</li>                                                        <li><strong>GPA: </strong>N/A</li><li><strong>HS Admissions Exam Minimum for ELA/Math: </strong></li>                                                        <ul><li>General Education and 504 Plan Students:  / </li><li>IEP and EL Students:  / </li></ul>                                                        <li><strong>Priority: </strong>Proximity,General</li></ul>"
609678,JONES HS,William Jones College Preparatory High School,HS,https://www.cps.edu/schools/profiles/school-overview/JONES-HS,https://www.jonescollegeprep.org,41.873066,-87.627675,JONES HS-Pre-Career & Technical Education (CTE) - Manufacturing - Pre-Engineering,None,"<ul><li><strong>Selection Type: </strong>Descending Point Score based on Academic Criteria</li>                                                        <li><strong>GPA: </strong>N/A</li><li><strong>HS Admissions Exam Minimum for ELA/Math: </strong></li>                                                        <ul><li>General Education and 504 Plan Students:  / </li><li>IEP and EL Students:  / </li></ul>                                                        <li><strong>Priority: </strong>Overlay,General</li></ul>"
609678,JONES HS,William Jones College Preparatory High School,HS,https://www.cps.edu/schools/profiles/school-overview/JONES-HS,https://www.jonescollegeprep.org,41.873066,-87.627675,JONES HS-Career & Technical Education (CTE)-Law & Public Safety- Pre-Law,None,"<ul><li><strong>Selection Type: </strong>Descending Point Score based on Academic Criteria</li>                                                        <li><strong>GPA: </strong>N/A</li><li><strong>HS Admissions Exam Minimum for ELA/Math: </strong></li>                                                        <ul><li>General Education and 504 Plan Students:  / </li><li>IEP and EL Students:  / </li></ul>                                                        <li><strong>Priority: </strong>Overlay,General</li></ul>"
609678,JONES HS,William Jones College Preparatory High School,HS,https://www.cps.edu/schools/profiles/school-overview/JONES-HS,https://www.jonescollegeprep.org,41.873066,-87.627675,JONES HS-Selective Enrollment High School,Admissions Exam,"<ul><li><strong>Selection Type: </strong>Descending Point Score based on Academic Criteria</li>                                                        <li><strong>GPA: </strong>N/A</li><li><strong>HS Admissions Exam Minimum for ELA/Math: </strong></li>                                                        <ul><li>General Education and 504 Plan Students:  / </li><li>IEP and EL Students:  / </li></ul>                                                        <li><strong>Priority: </strong>General,Tier</li></ul>"
610547,SOUTH SHORE INTL HS,South Shore Intl College Prep High School,HS,https://www.cps.edu/schools/profiles/school-overview/SOUTH-SHORE-INTL-HS,https://ssicp.org,41.758792,-87.576353,SOUTH SHORE INTL HS-Career & Technical Education (CTE)-Health Science,None,<ul><li><strong>Selection Type: </strong>Descending Point Score based on Academic Criteria</li>                                                        <li><strong>GPA: </strong>N/A</li><li><strong>HS Admissions Exam Minimum for ELA/Math: </strong></li>                                                        <ul><li>General Education and 504 Plan Students:  / </li><li>IEP and EL Students:  / </li></ul>                                                        <li><strong>Priority: </strong>General</li></ul>
610547,SOUTH SHORE INTL HS,South Shore Intl College Prep High School,HS,https://www.cps.edu/schools/profiles/school-overview/SOUTH-SHORE-INTL-HS,https://ssicp.org,41.758792,-87.576353,SOUTH SHORE INTL HS-Special Education-Significantly Modified Curriculum w/ Moderate Supports,Cluster and Review,"<ul><li><strong>Selection Type: </strong>Random Computerized Lottery</li>                                                        <li><strong>GPA: </strong>N/A</li><li><strong>HS Admissions Exam Minimum for ELA/Math: </strong></li>                                                        <ul><li>General Education and 504 Plan Students:  / </li><li>IEP and EL Students:  / </li></ul>                                                        <li><strong>Priority: </strong>Proximity,General</li></ul>"
610547,SOUTH SHORE INTL HS,South Shore Intl College Prep High School,HS,https://www.cps.edu/schools/profiles/school-overview/SOUTH-SHORE-INTL-HS,https://ssicp.org,41.758792,-87.576353,SOUTH SHORE INTL HS-Selective Enrollment High School,Admissions Exam,"<ul><li><strong>Selection Type: </strong>Descending Point Score based on Academic Criteria</li>                                                        <li><strong>GPA: </strong>N/A</li><li><strong>HS Admissions Exam Minimum for ELA/Math: </strong></li>                                                        <ul><li>General Education and 504 Plan Students:  / </li><li>IEP and EL Students:  / </li></ul>                                                        <li><strong>Priority: </strong>General,Tier</li></ul>"
610391,LINDBLOM HS,Robert Lindblom Math & Science Academy HS,HS,https://www.cps.edu/schools/profiles/school-overview/LINDBLOM-HS,https://lindblomeagles.org,41.782041,-87.671662,LINDBLOM HS - Selective Enrollment - Academic Center,Admissions Exam,"<ul><li><strong>Selection Type: </strong>Descending Point Score based on Academic Criteria</li>                                                        <li><strong>GPA: </strong>2.5</li><li><strong>HS Admissions Exam Minimum for ELA/Math: </strong></li>                                                        <ul><li>General Education and 504 Plan Students:  / </li><li>IEP and EL Students:  / </li></ul>                                                        <li><strong>Priority: </strong>General,Tier</li><li><strong>Note: </strong>Tier is only considered in the selection of 7th grade applicants. 30% of seats are filled based on test scores alone. The remaining seats are evenly divided among applicants from each of the four socio-economic tiers.</li></ul>"
610391,LINDBLOM HS,Robert Lindblom Math & Science Academy HS,HS,https://www.cps.edu/schools/profiles/school-overview/LINDBLOM-HS,https://lindblomeagles.org,41.782041,-87.671662,LINDBLOM HS-Special Education-Significantly Modified Curriculum w/ Intensive Supports,Cluster and Review,"<ul><li><strong>Selection Type: </strong>Random Computerized Lottery</li>                                                        <li><strong>GPA: </strong>N/A</li><li><strong>HS Admissions Exam Minimum for ELA/Math: </strong></li>                                                        <ul><li>General Education and 504 Plan Students:  / </li><li>IEP and EL Students:  / </li></ul>                                                        <li><strong>Priority: </strong>Proximity,General</li></ul>"
610391,LINDBLOM HS,Robert Lindblom Math & Science Academy HS,HS,https://www.cps.edu/schools/profiles/school-overview/LINDBLOM-HS,https://lindblomeagles.org,41.782041,-87.671662,LINDBLOM HS-Special Education-Significantly Modified Curriculum w/ Moderate Supports,Cluster and Review,"<ul><li><strong>Selection Type: </strong>Random Computerized Lottery</li>                                                        <li><strong>GPA: </strong>N/A</li><li><strong>HS Admissions Exam Minimum for ELA/Math: </strong></li>                                                        <ul><li>General Education and 504 Plan Students:  / </li><li>IEP and EL Students:  / </li></ul>                                                        <li><strong>Priority: </strong>Proximity,General</li></ul>"
610391,LINDBLOM HS,Robert Lindblom Math & Science Academy HS,HS,https://www.cps.edu/schools/profiles/school-overview/LINDBLOM-HS,https://lindblomeagles.org,41.782041,-87.671662,LINDBLOM HS-Selective Enrollment High School,Admissions Exam,"<ul><li><strong>Selection Type: </strong>Descending Point Score based on Academic Criteria</li>                                                        <li><strong>GPA: </strong>N/A</li><li><strong>HS Admissions Exam Minimum for ELA/Math: </strong></li>                                                        <ul><li>General Education and 504 Plan Students:  / </li><li>IEP and EL Students:  / </li></ul>                                                        <li><strong>Priority: </strong>General,Tier</li></ul>"
610530,SOUTH SHORE ES,South Shore Fine Arts Academy,ES,https://www.cps.edu/schools/profiles/school-overview/SOUTH-SHORE-ES,https://southshorefinearts.org,41.767755,-87.590396,SOUTH SHORE ES-Magnet Cluster-Fine & Performing Arts,None,"<ul><li><strong>Selection Type: </strong>Random Computerized Lottery</li>                                                        <li><strong>GPA: </strong>N/A</li><li><strong>HS Admissions Exam Minimum for ELA/Math: </strong></li>                                                        <ul><li>General Education and 504 Plan Students:  / </li><li>IEP and EL Students:  / </li></ul>                                                        <li><strong>Priority: </strong>Sibling Preference,Staff Preference,General</li><li><strong>Note: </strong>Staff Preference applies at the entry level grade only. A maximum of 2 seats can be filled through Staff Preference.</li></ul>"
610250,SALAZAR,Ruben Salazar Elementary Bilingual Center,ES,https://www.cps.edu/schools/profiles/school-overview/SALAZAR,https://salazar.cps.edu,41.901417,-87.633632,SALAZAR-Open Enrollment-General Education,None,"<ul><li><strong>Selection Type: </strong>Random Computerized Lottery</li>                                                        <li><strong>GPA: </strong>N/A</li><li><strong>HS Admissions Exam Minimum for ELA/Math: </strong></li>                                                        <ul><li>General Education and 504 Plan Students:  / </li><li>IEP and EL Students:  / </li></ul>                                                        <li><strong>Priority: </strong>Sibling Preference,Staff Preference,General</li><li><strong>Note: </strong>Staff Preference applies at the entry level grade only. A maximum of 2 seats can be filled through Staff Preference.</li></ul>"
610250,SALAZAR,Ruben Salazar Elementary Bilingual Center,ES,https://www.cps.edu/schools/profiles/school-overview/SALAZAR,https://salazar.cps.edu,41.901417,-87.633632,SALAZAR-Open Enrollment-Dual Language,None,"<ul><li><strong>Selection Type: </strong>Random Computerized Lottery</li>                                                        <li><strong>GPA: </strong>N/A</li><li><strong>HS Admissions Exam Minimum for ELA/Math: </strong></li>                                                        <ul><li>General Education and 504 Plan Students:  / </li><li>IEP and EL Students:  / </li></ul>                                                        <li><strong>Priority: </strong>Sibling Preference,Staff Preference,General</li><li><strong>Note: </strong>Staff Preference applies at the entry level grade only. A maximum of 2 seats can be filled through Staff Preference.</li></ul>"
610287,ASHBURN,Ashburn Community Elementary School,ES,https://www.cps.edu/schools/profiles/school-overview/ASHBURN,https://ashburnschool.com,41.742351,-87.70961,ASHBURN - Open Enrollment - General Education,None,"<ul><li><strong>Selection Type: </strong>Random Computerized Lottery</li>                                                        <li><strong>GPA: </strong>N/A</li><li><strong>HS Admissions Exam Minimum for ELA/Math: </strong></li>                                                        <ul><li>General Education and 504 Plan Students:  / </li><li>IEP and EL Students:  / </li></ul>                                                        <li><strong>Priority: </strong>Sibling Preference,Staff Preference,General</li><li><strong>Note: </strong>Staff Preference applies at the entry level grade only. A maximum of 2 seats can be filled through Staff Preference.</li></ul>"
610353,CALMECA,Calmeca Academy of Fine Arts and Dual Language,ES,https://www.cps.edu/schools/profiles/school-overview/CALMECA,https://www.calmecaacademy.com,41.824377,-87.711654,CALMECA - Open Enrollment - General Education,None,"<ul><li><strong>Selection Type: </strong>Random Computerized Lottery</li>                                                        <li><strong>GPA: </strong>N/A</li><li><strong>HS Admissions Exam Minimum for ELA/Math: </strong></li>                                                        <ul><li>General Education and 504 Plan Students:  / </li><li>IEP and EL Students:  / </li></ul>                                                        <li><strong>Priority: </strong>Sibling Preference,Staff Preference,General</li><li><strong>Note: </strong>Staff Preference applies at the entry level grade only. A maximum of 2 seats can be filled through Staff Preference.</li></ul>"
610353,CALMECA,Calmeca Academy of Fine Arts and Dual Language,ES,https://www.cps.edu/schools/profiles/school-overview/CALMECA,https://www.calmecaacademy.com,41.824377,-87.711654,CALMECA - Open Enrollment - Dual Language,None,"<ul><li><strong>Selection Type: </strong>Random Computerized Lottery</li>                                                        <li><strong>GPA: </strong>N/A</li><li><strong>HS Admissions Exam Minimum for ELA/Math: </strong></li>                                                        <ul><li>General Education and 504 Plan Students:  / </li><li>IEP and EL Students:  / </li></ul>                                                        <li><strong>Priority: </strong>Sibling Preference,Staff Preference,General</li><li><strong>Note: </strong>Staff Preference applies at the entry level grade only. A maximum of 2 seats can be filled through Staff Preference.</li></ul>"
610354,NORTH RIVER,North River Elementary School,ES,https://www.cps.edu/schools/profiles/school-overview/NORTH-RIVER,https://northriveres.org,41.961721,-87.707151,NORTH RIVER-Open Enrollment-General Education,None,"<ul><li><strong>Selection Type: </strong>Random Computerized Lottery</li>                                                        <li><strong>GPA: </strong>N/A</li><li><strong>HS Admissions Exam Minimum for ELA/Math: </strong></li>                                                        <ul><li>General Education and 504 Plan Students:  / </li><li>IEP and EL Students:  / </li></ul>                                                        <li><strong>Priority: </strong>Sibling Preference,Staff Preference,General</li><li><strong>Note: </strong>Staff Preference applies at the entry level grade only. A maximum of 2 seats can be filled through Staff Preference.</li></ul>"
610355,COURTENAY,Mary E Courtenay Elementary Language Arts Center,ES,https://www.cps.edu/schools/profiles/school-overview/COURTENAY,http://courtenay.cps.edu,41.962308,-87.663853,COURTENAY - Open Enrollment - General Education,None,"<ul><li><strong>Selection Type: </strong>Random Computerized Lottery</li>                                                        <li><strong>GPA: </strong>N/A</li><li><strong>HS Admissions Exam Minimum for ELA/Math: </strong></li>                                                        <ul><li>General Education and 504 Plan Students:  / </li><li>IEP and EL Students:  / </li></ul>                                                        <li><strong>Priority: </strong>Sibling Preference,Staff Preference,General</li><li><strong>Note: </strong>Staff Preference applies at the entry level grade only. A maximum of 2 seats can be filled through Staff Preference.</li></ul>"
610248,CHICAGO ACADEMY ES,Chicago Academy Elementary School,ES,https://www.cps.edu/schools/profiles/school-overview/CHICAGO-ACADEMY-ES,http://www.chicagoacademy.org,41.943056,-87.778187,CHICAGO ACADEMY ES - Open Enrollment - General Education,None,"<ul><li><strong>Selection Type: </strong>Random Computerized Lottery</li>                                                        <li><strong>GPA: </strong>N/A</li><li><strong>HS Admissions Exam Minimum for ELA/Math: </strong></li>                                                        <ul><li>General Education and 504 Plan Students:  / </li><li>IEP and EL Students:  / </li></ul>                                                        <li><strong>Priority: </strong>Sibling Preference,Staff Preference,General</li><li><strong>Note: </strong>Staff Preference applies at the entry level grade only. A maximum of 2 seats can be filled through Staff Preference.</li></ul>"
610056,MASON,Roswell B Mason Elementary School,ES,https://www.cps.edu/schools/profiles/school-overview/MASON,https://www.masonelementary.org,41.856864,-87.731672,MASON-Open Enrollment-General Education,None,"<ul><li><strong>Selection Type: </strong>Random Computerized Lottery</li>                                                        <li><strong>GPA: </strong>N/A</li><li><strong>HS Admissions Exam Minimum for ELA/Math: </strong></li>                                                        <ul><li>General Education and 504 Plan Students:  / </li><li>IEP and EL Students:  / </li></ul>                                                        <li><strong>Priority: </strong>Sibling Preference,Staff Preference,General</li><li><strong>Note: </strong>Staff Preference applies at the entry level grade only. A maximum of 2 seats can be filled through Staff Preference.</li></ul>"
609951,ARIEL,Ariel Elementary Community Academy,ES,https://www.cps.edu/schools/profiles/school-overview/ARIEL,https://arielcommunityacademy.cps.edu,41.811173,-87.597503,ARIEL - Open Enrollment - General Education,None,"<ul><li><strong>Selection Type: </strong>Random Computerized Lottery</li>                                                        <li><strong>GPA: </strong>N/A</li><li><strong>HS Admissions Exam Minimum for ELA/Math: </strong></li>                                                        <ul><li>General Education and 504 Plan Students:  / </li><li>IEP and EL Students:  / </li></ul>                                                        <li><strong>Priority: </strong>Sibling Preference,Staff Preference,General</li><li><strong>Note: </strong>Staff Preference applies at the entry level grade only. A maximum of 2 seats can be filled through Staff Preference.</li></ul>"
610110,WELLS ES,Ida B Wells Preparatory Elementary Academy,ES,https://www.cps.edu/schools/profiles/school-overview/WELLS-ES,http://wellsprepelementary.com,41.827355,-87.61978,WELLS ES-Open Enrollment-General Education,None,"<ul><li><strong>Selection Type: </strong>Random Computerized Lottery</li>                                                        <li><strong>GPA: </strong>N/A</li><li><strong>HS Admissions Exam Minimum for ELA/Math: </strong></li>                                                        <ul><li>General Education and 504 Plan Students:  / </li><li>IEP and EL Students:  / </li></ul>                                                        <li><strong>Priority: </strong>Sibling Preference,Staff Preference,General</li><li><strong>Note: </strong>Staff Preference applies at the entry level grade only. A maximum of 2 seats can be filled through Staff Preference.</li></ul>"
610110,WELLS ES,Ida B Wells Preparatory Elementary Academy,ES,https://www.cps.edu/schools/profiles/school-overview/WELLS-ES,http://wellsprepelementary.com,41.827355,-87.61978,WELLS ES-Magnet Cluster-IB Middle Years Programme,None,"<ul><li><strong>Selection Type: </strong>Random Computerized Lottery</li>                                                        <li><strong>GPA: </strong>N/A</li><li><strong>HS Admissions Exam Minimum for ELA/Math: </strong></li>                                                        <ul><li>General Education and 504 Plan Students:  / </li><li>IEP and EL Students:  / </li></ul>                                                        <li><strong>Priority: </strong>Sibling Preference,General</li></ul>"
609922,BELMONT-CRAGIN,Belmont-Cragin Elementary School,ES,https://www.cps.edu/schools/profiles/school-overview/BELMONT-CRAGIN,https://belmontcragin.cps.edu,41.92095,-87.757343,BELMONT-CRAGIN - Magnet Cluster - Fine & Performing Arts,None,"<ul><li><strong>Selection Type: </strong>Random Computerized Lottery</li>                                                        <li><strong>GPA: </strong>N/A</li><li><strong>HS Admissions Exam Minimum for ELA/Math: </strong></li>                                                        <ul><li>General Education and 504 Plan Students:  / </li><li>IEP and EL Students:  / </li></ul>                                                        <li><strong>Priority: </strong>Sibling Preference,Staff Preference,General</li><li><strong>Note: </strong>Staff Preference applies at the entry level grade only. A maximum of 2 seats can be filled through Staff Preference.</li></ul>"
609922,BELMONT-CRAGIN,Belmont-Cragin Elementary School,ES,https://www.cps.edu/schools/profiles/school-overview/BELMONT-CRAGIN,https://belmontcragin.cps.edu,41.92095,-87.757343,BELMONT-CRAGIN - Open Enrollment - Dual Language,None,"<ul><li><strong>Selection Type: </strong>Random Computerized Lottery</li>                                                        <li><strong>GPA: </strong>N/A</li><li><strong>HS Admissions Exam Minimum for ELA/Math: </strong></li>                                                        <ul><li>General Education and 504 Plan Students:  / </li><li>IEP and EL Students:  / </li></ul>                                                        <li><strong>Priority: </strong>Sibling Preference,Staff Preference,General</li><li><strong>Note: </strong>Staff Preference applies at the entry level grade only. A maximum of 2 seats can be filled through Staff Preference.</li></ul>"
609977,WOODLAWN,Woodlawn Community Elementary School,ES,https://www.cps.edu/schools/profiles/school-overview/WOODLAWN,https://woodlawn.cps.edu,41.773366,-87.594392,WOODLAWN-Open Enrollment-General Education,None,"<ul><li><strong>Selection Type: </strong>Random Computerized Lottery</li>                                                        <li><strong>GPA: </strong>N/A</li><li><strong>HS Admissions Exam Minimum for ELA/Math: </strong></li>                                                        <ul><li>General Education and 504 Plan Students:  / </li><li>IEP and EL Students:  / </li></ul>                                                        <li><strong>Priority: </strong>Sibling Preference,Staff Preference,General</li><li><strong>Note: </strong>Staff Preference applies at the entry level grade only. A maximum of 2 seats can be filled through Staff Preference.</li></ul>"
610323,BOWEN HS,Bowen High School,HS,https://www.cps.edu/schools/profiles/school-overview/BOWEN-HS,https://bowen.cps.edu,41.734627,-87.55755,BOWEN HS-General Education,None,"<ul><li><strong>Selection Type: </strong>Random Computerized Lottery</li>                                                        <li><strong>GPA: </strong>N/A</li><li><strong>HS Admissions Exam Minimum for ELA/Math: </strong></li>                                                        <ul><li>General Education and 504 Plan Students:  / </li><li>IEP and EL Students:  / </li></ul>                                                        <li><strong>Priority: </strong>Sibling Preference,Staff Preference,Attendance Area,General</li><li><strong>Note: </strong>Staff Preference applies at the entry level grade only. A maximum of 2 seats can be filled through Staff Preference.</li></ul>"
610323,BOWEN HS,Bowen High School,HS,https://www.cps.edu/schools/profiles/school-overview/BOWEN-HS,https://bowen.cps.edu,41.734627,-87.55755,BOWEN HS-Special Education-Significantly Modified Curriculum w/ Moderate Supports,Cluster and Review,"<ul><li><strong>Selection Type: </strong>Random Computerized Lottery</li>                                                        <li><strong>GPA: </strong>N/A</li><li><strong>HS Admissions Exam Minimum for ELA/Math: </strong></li>                                                        <ul><li>General Education and 504 Plan Students:  / </li><li>IEP and EL Students:  / </li></ul>                                                        <li><strong>Priority: </strong>Proximity,General</li></ul>"
610323,BOWEN HS,Bowen High School,HS,https://www.cps.edu/schools/profiles/school-overview/BOWEN-HS,https://bowen.cps.edu,41.734627,-87.55755,BOWEN HS-Career & Technical Education (CTE)-Manufacturing- Machine Technology,,"<ul><li><strong>Selection Type: </strong>Random Computerized Lottery</li>                                                        <li><strong>GPA: </strong>N/A</li><li><strong>HS Admissions Exam Minimum for ELA/Math: </strong></li>                                                        <ul><li>General Education and 504 Plan Students:  / </li><li>IEP and EL Students:  / </li></ul>                                                        <li><strong>Priority: </strong>Attendance Area,General</li></ul>"
610323,BOWEN HS,Bowen High School,HS,https://www.cps.edu/schools/profiles/school-overview/BOWEN-HS,https://bowen.cps.edu,41.734627,-87.55755,BOWEN HS-Career & Technical Education (CTE) - Manufacturing - Pre-Engineering,None,<ul><li><strong>Selection Type: </strong>Descending Point Score based on Academic Criteria</li>                                                        <li><strong>GPA: </strong>N/A</li><li><strong>HS Admissions Exam Minimum for ELA/Math: </strong></li>                                                        <ul><li>General Education and 504 Plan Students:  / </li><li>IEP and EL Students:  / </li></ul>                                                        <li><strong>Priority: </strong>General</li></ul>
610340,CHICAGO ACADEMY HS,Chicago Academy High School,HS,https://www.cps.edu/schools/profiles/school-overview/CHICAGO-ACADEMY-HS,https://chicagoacademyhs.org,41.943054,-87.776847,CHICAGO ACADEMY HS-General Education,None,"<ul><li><strong>Selection Type: </strong>Random Computerized Lottery</li>                                                        <li><strong>GPA: </strong>N/A</li><li><strong>HS Admissions Exam Minimum for ELA/Math: </strong></li>                                                        <ul><li>General Education and 504 Plan Students:  / </li><li>IEP and EL Students:  / </li></ul>                                                        <li><strong>Priority: </strong>Sibling Preference,Staff Preference,Elementary Preference,Proximity,General</li></ul>"
610340,CHICAGO ACADEMY HS,Chicago Academy High School,HS,https://www.cps.edu/schools/profiles/school-overview/CHICAGO-ACADEMY-HS,https://chicagoacademyhs.org,41.943054,-87.776847,CHICAGO ACADEMY HS-Honors-Scholars,None,"<ul><li><strong>Selection Type: </strong>Random Computerized Lottery</li>                                                        <li><strong>GPA: </strong>3</li><li><strong>HS Admissions Exam Minimum for ELA/Math: </strong></li>                                                        <ul><li>General Education and 504 Plan Students:  / </li><li>IEP and EL Students:  / </li></ul>                                                        <li><strong>Priority: </strong>Sibling Preference,Elementary Preference,Proximity,General</li></ul>"
610334,RABY HS,Al Raby High School,HS,https://www.cps.edu/schools/profiles/school-overview/RABY-HS,https://www.alraby.org,41.88621,-87.715423,"RABY HS-Career & Technical Education (CTE) -  Arts, A/V Technology and Communications - Broadcast Technology",None,"<ul><li><strong>Selection Type: </strong>Random Computerized Lottery</li>                                                        <li><strong>GPA: </strong>N/A</li><li><strong>HS Admissions Exam Minimum for ELA/Math: </strong></li>                                                        <ul><li>General Education and 504 Plan Students:  / </li><li>IEP and EL Students:  / </li></ul>                                                        <li><strong>Priority: </strong>Proximity,General</li></ul>"
610334,RABY HS,Al Raby High School,HS,https://www.cps.edu/schools/profiles/school-overview/RABY-HS,https://www.alraby.org,41.88621,-87.715423,RABY HS-Career & Technical Education (CTE)-Culinary & Hospitality Management,None,"<ul><li><strong>Selection Type: </strong>Random Computerized Lottery</li>                                                        <li><strong>GPA: </strong>N/A</li><li><strong>HS Admissions Exam Minimum for ELA/Math: </strong></li>                                                        <ul><li>General Education and 504 Plan Students:  / </li><li>IEP and EL Students:  / </li></ul>                                                        <li><strong>Priority: </strong>Proximity,General</li></ul>"
610334,RABY HS,Al Raby High School,HS,https://www.cps.edu/schools/profiles/school-overview/RABY-HS,https://www.alraby.org,41.88621,-87.715423,RABY HS-Special Education-Significantly Modified Curriculum w/ Moderate Supports,Cluster and Review,"<ul><li><strong>Selection Type: </strong>Random Computerized Lottery</li>                                                        <li><strong>GPA: </strong>N/A</li><li><strong>HS Admissions Exam Minimum for ELA/Math: </strong></li>                                                        <ul><li>General Education and 504 Plan Students:  / </li><li>IEP and EL Students:  / </li></ul>                                                        <li><strong>Priority: </strong>Proximity,General</li></ul>"
610334,RABY HS,Al Raby High School,HS,https://www.cps.edu/schools/profiles/school-overview/RABY-HS,https://www.alraby.org,41.88621,-87.715423,RABY HS-Career & Technical Education (CTE)-Law & Public Safety-Pre-Law,None,<ul><li><strong>Selection Type: </strong>Descending Point Score based on Academic Criteria</li>                                                        <li><strong>GPA: </strong>N/A</li><li><strong>HS Admissions Exam Minimum for ELA/Math: </strong></li>                                                        <ul><li>General Education and 504 Plan Students:  / </li><li>IEP and EL Students:  / </li></ul>                                                        <li><strong>Priority: </strong>General</li></ul>
610524,ALCOTT HS,Louisa May Alcott College Preparatory HS,HS,https://www.cps.edu/schools/profiles/school-overview/ALCOTT-HS,https://www.alcottcollegeprep.org/,41.935795,-87.680562,ALCOTT HS - General Education,,"<ul><li><strong>Selection Type: </strong>Random Computerized Lottery</li>                                                        <li><strong>GPA: </strong>N/A</li><li><strong>HS Admissions Exam Minimum for ELA/Math: </strong></li>                                                        <ul><li>General Education and 504 Plan Students:  / </li><li>IEP and EL Students:  / </li></ul>                                                        <li><strong>Priority: </strong>Sibling Preference,Staff Preference,Elementary Preference,Overlay,General</li><li><strong>Note: </strong>Elementary preference: Alcott ESStaff Preference applies at the entry level grade only. A maximum of 2 seats can be filled through Staff Preference.</li></ul>"
610524,ALCOTT HS,Louisa May Alcott College Preparatory HS,HS,https://www.cps.edu/schools/profiles/school-overview/ALCOTT-HS,https://www.alcottcollegeprep.org/,41.935795,-87.680562,ALCOTT HS - Career & Technical Education (CTE) - Manufacturing - Pre-Engineering,None,<ul><li><strong>Selection Type: </strong>Descending Point Score based on Academic Criteria</li>                                                        <li><strong>GPA: </strong>N/A</li><li><strong>HS Admissions Exam Minimum for ELA/Math: </strong></li>                                                        <ul><li>General Education and 504 Plan Students:  / </li><li>IEP and EL Students:  / </li></ul>                                                        <li><strong>Priority: </strong>General</li></ul>
610499,COLLINS STEAM HS,Collins Academy STEAM High School,HS,https://www.cps.edu/schools/profiles/school-overview/COLLINS-STEAM-HS,https://collinsacademy.org,41.864149,-87.702042,COLLINS HS-Fine & Performing Arts,None,"<ul><li><strong>Selection Type: </strong>Random Computerized Lottery</li>                                                        <li><strong>GPA: </strong>N/A</li><li><strong>HS Admissions Exam Minimum for ELA/Math: </strong></li>                                                        <ul><li>General Education and 504 Plan Students:  / </li><li>IEP and EL Students:  / </li></ul>                                                        <li><strong>Priority: </strong>Proximity,General</li></ul>"
610499,COLLINS STEAM HS,Collins Academy STEAM High School,HS,https://www.cps.edu/schools/profiles/school-overview/COLLINS-STEAM-HS,https://collinsacademy.org,41.864149,-87.702042,COLLINS HS-General Education,None,"<ul><li><strong>Selection Type: </strong>Random Computerized Lottery</li>                                                        <li><strong>GPA: </strong>N/A</li><li><strong>HS Admissions Exam Minimum for ELA/Math: </strong></li>                                                        <ul><li>General Education and 504 Plan Students:  / </li><li>IEP and EL Students:  / </li></ul>                                                        <li><strong>Priority: </strong>Sibling Preference,Staff Preference,General</li><li><strong>Note: </strong>Staff Preference applies at the entry level grade only. A maximum of 2 seats can be filled through Staff Preference.</li></ul>"
610499,COLLINS STEAM HS,Collins Academy STEAM High School,HS,https://www.cps.edu/schools/profiles/school-overview/COLLINS-STEAM-HS,https://collinsacademy.org,41.864149,-87.702042,COLLINS HS-Career & Technical Education (CTE)-Information Technology- Computer Networking,None,"<ul><li><strong>Selection Type: </strong>Random Computerized Lottery</li>                                                        <li><strong>GPA: </strong>N/A</li><li><strong>HS Admissions Exam Minimum for ELA/Math: </strong></li>                                                        <ul><li>General Education and 504 Plan Students:  / </li><li>IEP and EL Students:  / </li></ul>                                                        <li><strong>Priority: </strong>Proximity,General</li></ul>"
610499,COLLINS STEAM HS,Collins Academy STEAM High School,HS,https://www.cps.edu/schools/profiles/school-overview/COLLINS-STEAM-HS,https://collinsacademy.org,41.864149,-87.702042,COLLINS HS-Honors-Scholars,None,"<ul><li><strong>Selection Type: </strong>Random Computerized Lottery</li>                                                        <li><strong>GPA: </strong>3.0</li><li><strong>HS Admissions Exam Minimum for ELA/Math: </strong></li>                                                        <ul><li>General Education and 504 Plan Students:  / </li><li>IEP and EL Students:  / </li></ul>                                                        <li><strong>Priority: </strong>Sibling Preference,General,General</li></ul>"
610499,COLLINS STEAM HS,Collins Academy STEAM High School,HS,https://www.cps.edu/schools/profiles/school-overview/COLLINS-STEAM-HS,https://collinsacademy.org,41.864149,-87.702042,COLLINS HS-STEAM,,"<ul><li><strong>Selection Type: </strong>Random Computerized Lottery</li>                                                        <li><strong>GPA: </strong>N/A</li><li><strong>HS Admissions Exam Minimum for ELA/Math: </strong></li>                                                        <ul><li>General Education and 504 Plan Students:  / </li><li>IEP and EL Students:  / </li></ul>                                                        <li><strong>Priority: </strong>Sibling Preference,Staff Preference,General</li></ul>"
610518,AUSTIN CCA HS,Austin College and Career Academy High School,HS,https://www.cps.edu/schools/profiles/school-overview/AUSTIN-CCA-HS,https://accachicago.cps.edu,41.885993,-87.761916,AUSTIN CCA HS - General Education,None,"<ul><li><strong>Selection Type: </strong>Random Computerized Lottery</li>                                                        <li><strong>GPA: </strong>N/A</li><li><strong>HS Admissions Exam Minimum for ELA/Math: </strong></li>                                                        <ul><li>General Education and 504 Plan Students:  / </li><li>IEP and EL Students:  / </li></ul>                                                        <li><strong>Priority: </strong>Sibling Preference,Staff Preference,Attendance Area,General</li><li><strong>Note: </strong>Staff Preference applies at the entry level grade only. A maximum of 2 seats can be filled through Staff Preference.</li></ul>"
610394,UPLIFT HS,Uplift Community High School,HS,https://www.cps.edu/schools/profiles/school-overview/UPLIFT-HS,https://uplifths.cps.edu,41.965547,-87.652473,UPLIFT HS-Career & Technical Education (CTE)-Education & Training-Teaching Academy,None,"<ul><li><strong>Selection Type: </strong>Random Computerized Lottery</li>                                                        <li><strong>GPA: </strong>N/A</li><li><strong>HS Admissions Exam Minimum for ELA/Math: </strong></li>                                                        <ul><li>General Education and 504 Plan Students:  / </li><li>IEP and EL Students:  / </li></ul>                                                        <li><strong>Priority: </strong>Proximity,General</li></ul>"
610394,UPLIFT HS,Uplift Community High School,HS,https://www.cps.edu/schools/profiles/school-overview/UPLIFT-HS,https://uplifths.cps.edu,41.965547,-87.652473,UPLIFT HS-General Education-Early College STEAM,None,"<ul><li><strong>Selection Type: </strong>Random Computerized Lottery</li>                                                        <li><strong>GPA: </strong>N/A</li><li><strong>HS Admissions Exam Minimum for ELA/Math: </strong></li>                                                        <ul><li>General Education and 504 Plan Students:  / </li><li>IEP and EL Students:  / </li></ul>                                                        <li><strong>Priority: </strong>Sibling Preference,Staff Preference,Elementary Preference,General</li><li><strong>Note: </strong>Staff Preference applies at the entry level grade only. A maximum of 2 seats can be filled through Staff Preference.</li></ul>"
610394,UPLIFT HS,Uplift Community High School,HS,https://www.cps.edu/schools/profiles/school-overview/UPLIFT-HS,https://uplifths.cps.edu,41.965547,-87.652473,UPLIFT HS-Special Education-Significantly Modified Curriculum w/ Intensive Supports,Cluster and Review,"<ul><li><strong>Selection Type: </strong>Random Computerized Lottery</li>                                                        <li><strong>GPA: </strong>N/A</li><li><strong>HS Admissions Exam Minimum for ELA/Math: </strong></li>                                                        <ul><li>General Education and 504 Plan Students:  / </li><li>IEP and EL Students:  / </li></ul>                                                        <li><strong>Priority: </strong>Proximity,General</li></ul>"
610394,UPLIFT HS,Uplift Community High School,HS,https://www.cps.edu/schools/profiles/school-overview/UPLIFT-HS,https://uplifths.cps.edu,41.965547,-87.652473,UPLIFT HS-Special Education-Significantly Modified Curriculum w/ Moderate Supports,Cluster and Review,"<ul><li><strong>Selection Type: </strong>Random Computerized Lottery</li>                                                        <li><strong>GPA: </strong>N/A</li><li><strong>HS Admissions Exam Minimum for ELA/Math: </strong></li>                                                        <ul><li>General Education and 504 Plan Students:  / </li><li>IEP and EL Students:  / </li></ul>                                                        <li><strong>Priority: </strong>Proximity,General</li></ul>"
610392,WORLD LANGUAGE HS,World Language Academy High School,HS,https://www.cps.edu/schools/profiles/school-overview/WORLD-LANGUAGE-HS,https://wl.lvlhs.org,41.834397,-87.735292,WORLD LANGUAGE HS-Career & Technical Education (CTE)-Health Science,None,<ul><li><strong>Selection Type: </strong>Descending Point Score based on Academic Criteria</li>                                                        <li><strong>GPA: </strong>N/A</li><li><strong>HS Admissions Exam Minimum for ELA/Math: </strong></li>                                                        <ul><li>General Education and 504 Plan Students:  / </li><li>IEP and EL Students:  / </li></ul>                                                        <li><strong>Priority: </strong>General</li></ul>
610392,WORLD LANGUAGE HS,World Language Academy High School,HS,https://www.cps.edu/schools/profiles/school-overview/WORLD-LANGUAGE-HS,https://wl.lvlhs.org,41.834397,-87.735292,WORLD LANGUAGE HS-General Education,None,"<ul><li><strong>Selection Type: </strong>Random Computerized Lottery</li>                                                        <li><strong>GPA: </strong>N/A</li><li><strong>HS Admissions Exam Minimum for ELA/Math: </strong></li>                                                        <ul><li>General Education and 504 Plan Students:  / </li><li>IEP and EL Students:  / </li></ul>                                                        <li><strong>Priority: </strong>Sibling Preference,Staff Preference,Attendance Area,General</li><li><strong>Note: </strong>Staff Preference applies at the entry level grade only. A maximum of 2 seats can be filled through Staff Preference.</li></ul>"
610383,SOCIAL JUSTICE HS,Greater Lawndale High School For Social Justice,HS,https://www.cps.edu/schools/profiles/school-overview/SOCIAL-JUSTICE-HS,http://sj.lvlhs.org,41.833507,-87.735299,SOCIAL JUSTICE HS-General Education,None,"<ul><li><strong>Selection Type: </strong>Random Computerized Lottery</li>                                                        <li><strong>GPA: </strong>N/A</li><li><strong>HS Admissions Exam Minimum for ELA/Math: </strong></li>                                                        <ul><li>General Education and 504 Plan Students:  / </li><li>IEP and EL Students:  / </li></ul>                                                        <li><strong>Priority: </strong>Sibling Preference,Staff Preference,Attendance Area,General</li><li><strong>Note: </strong>Staff Preference applies at the entry level grade only. A maximum of 2 seats can be filled through Staff Preference.</li></ul>"
610383,SOCIAL JUSTICE HS,Greater Lawndale High School For Social Justice,HS,https://www.cps.edu/schools/profiles/school-overview/SOCIAL-JUSTICE-HS,http://sj.lvlhs.org,41.833507,-87.735299,SOCIAL JUSTICE HS-Career & Technical Education (CTE)-Health Science,None,<ul><li><strong>Selection Type: </strong>Descending Point Score based on Academic Criteria</li>                                                        <li><strong>GPA: </strong>N/A</li><li><strong>HS Admissions Exam Minimum for ELA/Math: </strong></li>                                                        <ul><li>General Education and 504 Plan Students:  / </li><li>IEP and EL Students:  / </li></ul>                                                        <li><strong>Priority: </strong>General</li></ul>
610380,WILLIAMS HS,Daniel Hale Williams Prep School of Medicine,HS,https://www.cps.edu/schools/profiles/school-overview/WILLIAMS-HS,https://dhwprepmed.org,41.806118,-87.62503,WILLIAMS HS-General Education,None,"<ul><li><strong>Selection Type: </strong>Random Computerized Lottery</li>                                                        <li><strong>GPA: </strong>N/A</li><li><strong>HS Admissions Exam Minimum for ELA/Math: </strong></li>                                                        <ul><li>General Education and 504 Plan Students:  / </li><li>IEP and EL Students:  / </li></ul>                                                        <li><strong>Priority: </strong>Sibling Preference,Staff Preference,Proximity,General</li><li><strong>Note: </strong>Staff Preference applies at the entry level grade only. A maximum of 2 seats can be filled through Staff Preference.</li></ul>"
610380,WILLIAMS HS,Daniel Hale Williams Prep School of Medicine,HS,https://www.cps.edu/schools/profiles/school-overview/WILLIAMS-HS,https://dhwprepmed.org,41.806118,-87.62503,WILLIAMS HS-Career & Technical Education (CTE)-Health Science,None,<ul><li><strong>Selection Type: </strong>Descending Point Score based on Academic Criteria</li>                                                        <li><strong>GPA: </strong>N/A</li><li><strong>HS Admissions Exam Minimum for ELA/Math: </strong></li>                                                        <ul><li>General Education and 504 Plan Students:  / </li><li>IEP and EL Students:  / </li></ul>                                                        <li><strong>Priority: </strong>General</li></ul>
610381,BRONZEVILLE HS,Bronzeville Scholastic Academy High School,HS,https://www.cps.edu/schools/profiles/school-overview/BRONZEVILLE-HS,https://bronzevillescholastic.org,41.805204,-87.625004,BRONZEVILLE HS-General Education,,<ul><li><strong>Selection Type: </strong>Random Computerized Lottery</li>                                                        <li><strong>GPA: </strong>N/A</li><li><strong>HS Admissions Exam Minimum for ELA/Math: </strong></li>                                                        <ul><li>General Education and 504 Plan Students:  / </li><li>IEP and EL Students:  / </li></ul>                                                        <li><strong>Priority: </strong>General</li></ul>
610381,BRONZEVILLE HS,Bronzeville Scholastic Academy High School,HS,https://www.cps.edu/schools/profiles/school-overview/BRONZEVILLE-HS,https://bronzevillescholastic.org,41.805204,-87.625004,BRONZEVILLE HS-International Baccalaureate (IB),None,<ul><li><strong>Selection Type: </strong>Descending Point Score based on Academic Criteria</li>                                                        <li><strong>GPA: </strong>N/A</li><li><strong>HS Admissions Exam Minimum for ELA/Math: </strong></li>                                                        <ul><li>General Education and 504 Plan Students:  / </li><li>IEP and EL Students:  / </li></ul>                                                        <li><strong>Priority: </strong>General</li><li><strong>Note: </strong>50 bonus points for students who live within 2.5 miles of the school.</li></ul>
610381,BRONZEVILLE HS,Bronzeville Scholastic Academy High School,HS,https://www.cps.edu/schools/profiles/school-overview/BRONZEVILLE-HS,https://bronzevillescholastic.org,41.805204,-87.625004,BRONZEVILLE HS-Special Education-Significantly Modified Curriculum w/ Moderate Supports,Cluster and Review,"<ul><li><strong>Selection Type: </strong>Random Computerized Lottery</li>                                                        <li><strong>GPA: </strong>N/A</li><li><strong>HS Admissions Exam Minimum for ELA/Math: </strong></li>                                                        <ul><li>General Education and 504 Plan Students:  / </li><li>IEP and EL Students:  / </li></ul>                                                        <li><strong>Priority: </strong>Proximity,General</li></ul>"
610384,INFINITY HS,Infinity Math Science and Technology High School,HS,https://www.cps.edu/schools/profiles/school-overview/INFINITY-HS,https://www.infinityhs.org,41.836169,-87.735278,LVLHS INFINITY HS-General Education-STEM,None,"<ul><li><strong>Selection Type: </strong>Random Computerized Lottery</li>                                                        <li><strong>GPA: </strong>2</li><li><strong>HS Admissions Exam Minimum for ELA/Math: </strong></li>                                                        <ul><li>General Education and 504 Plan Students:  / </li><li>IEP and EL Students:  / </li></ul>                                                        <li><strong>Priority: </strong>Sibling Preference,Staff Preference,Attendance Area,General</li><li><strong>Note: </strong>Staff Preference applies at the entry level grade only. A maximum of 2 seats can be filled through Staff Preference.</li></ul>"
610385,MULTICULTURAL ARTS HS,Multicultural Arts High School,HS,https://www.cps.edu/schools/profiles/school-overview/MULTICULTURAL-ARTS-HS,https://multiculturalartshs.org/,41.835282,-87.735283,MULTICULTURAL HS-General Education-Fine & Performing Arts,None,"<ul><li><strong>Selection Type: </strong>Random Computerized Lottery</li>                                                        <li><strong>GPA: </strong>N/A</li><li><strong>HS Admissions Exam Minimum for ELA/Math: </strong></li>                                                        <ul><li>General Education and 504 Plan Students:  / </li><li>IEP and EL Students:  / </li></ul>                                                        <li><strong>Priority: </strong>Sibling Preference,Staff Preference,Attendance Area,General</li><li><strong>Note: </strong>Staff Preference applies at the entry level grade only. A maximum of 2 seats can be filled through Staff Preference.</li></ul>"
610385,MULTICULTURAL ARTS HS,Multicultural Arts High School,HS,https://www.cps.edu/schools/profiles/school-overview/MULTICULTURAL-ARTS-HS,https://multiculturalartshs.org/,41.835282,-87.735283,MULTICULTURAL HS-Career & Technical Education (CTE)-Health Science,None,<ul><li><strong>Selection Type: </strong>Descending Point Score based on Academic Criteria</li>                                                        <li><strong>GPA: </strong>N/A</li><li><strong>HS Admissions Exam Minimum for ELA/Math: </strong></li>                                                        <ul><li>General Education and 504 Plan Students:  / </li><li>IEP and EL Students:  / </li></ul>                                                        <li><strong>Priority: </strong>General</li></ul>
609766,VAUGHN HS,Jacqueline B Vaughn Occupational High School,HS,https://www.cps.edu/schools/profiles/school-overview/VAUGHN-HS,https://vaughnhs.org,41.960364,-87.764663,VAUGHN HS-Special Education-Significantly Modified Curriculum w/ Moderate Supports,Cluster and Review,"<ul><li><strong>Selection Type: </strong>Random Computerized Lottery</li>                                                        <li><strong>GPA: </strong>N/A</li><li><strong>HS Admissions Exam Minimum for ELA/Math: </strong></li>                                                        <ul><li>General Education and 504 Plan Students:  / </li><li>IEP and EL Students:  / </li></ul>                                                        <li><strong>Priority: </strong>Proximity,General</li></ul>"
609744,NORTHSIDE LEARNING HS,Northside Learning Center High School,HS,https://www.cps.edu/schools/profiles/school-overview/NORTHSIDE-LEARNING-HS,https://www.northsidelearningcenter.org,41.982973,-87.722386,NORTHSIDE LEARNING HS - Special Education -  Significantly Modified Curriculum w/ Moderate Supports,Cluster and Review,"<ul><li><strong>Selection Type: </strong>Random Computerized Lottery</li>                                                        <li><strong>GPA: </strong>N/A</li><li><strong>HS Admissions Exam Minimum for ELA/Math: </strong></li>                                                        <ul><li>General Education and 504 Plan Students:  / </li><li>IEP and EL Students:  / </li></ul>                                                        <li><strong>Priority: </strong>Proximity,General</li></ul>"
